,10XChemistry/Method,10X_Chemistry,Accession_ID,Age,Age.1,Anatomical_Site,BCR_library_id,Comment[library construction],Comment[technical replicate group],Donor_ID,End_Bias,FACS_Sorting,Factor Value[facs sorting],Factor Value[organism part],Multiplexed,N_cells,Organ,Organ.1,Organism,Processing_method,Run_ID,Sample,Sample_ID,Sampling_Site,Sex,Study ,Technology,Termination_method,abTCR_library_id,gdTCR_library_id
0,,10x 3' v2,E-MTAB-7407,8 weeks gestation,,kidney,,,,F4,3 prime tag,CD45+,CD45+,kidney,No,,kidney,kidney,Homo sapiens,,4834STDY7002875,,4834STDY7002875,,male,Popescue_et_al_2019,RNA-Seq,,,
1,,10x 3' v2,E-MTAB-7407,8 weeks gestation,,kidney,,,,F4,3 prime tag,CD45-,CD45-,kidney,No,,kidney,kidney,Homo sapiens,,4834STDY7002876,,4834STDY7002876,,male,Popescue_et_al_2019,RNA-Seq,,,
2,,10x 3' v2,E-MTAB-7407,8 weeks gestation,,liver,,,,F4,3 prime tag,CD45+,CD45+,liver,No,,liver,liver,Homo sapiens,,4834STDY7002877,,4834STDY7002877,,male,Popescue_et_al_2019,RNA-Seq,,,
3,,10x 3' v2,E-MTAB-7407,8 weeks gestation,,liver,,,,F4,3 prime tag,CD45-,CD45-,liver,No,,liver,liver,Homo sapiens,,4834STDY7002878,,4834STDY7002878,,male,Popescue_et_al_2019,RNA-Seq,,,
4,,10x 3' v2,E-MTAB-7407,8 weeks gestation,,skin,,,,F4,3 prime tag,CD45+,CD45+,skin,No,,skin,skin,Homo sapiens,,4834STDY7002879,,4834STDY7002879,,male,Popescue_et_al_2019,RNA-Seq,,,
5,,10x 3' v2,E-MTAB-7407,8 weeks gestation,,skin,,,,F4,3 prime tag,CD45-,CD45-,skin,No,,skin,skin,Homo sapiens,,4834STDY7002880,,4834STDY7002880,,male,Popescue_et_al_2019,RNA-Seq,,,
6,,10x 3' v2,E-MTAB-7407,9 weeks gestation,,kidney,,,,F6,3 prime tag,Live/dead sorting,Live/dead sorting,kidney,No,,kidney,kidney,Homo sapiens,,4834STDY7002881,,4834STDY7002881,,male,Popescue_et_al_2019,RNA-Seq,,,
7,,10x 3' v2,E-MTAB-7407,9 weeks gestation,,liver,,,,F6,3 prime tag,Live/dead sorting,Live/dead sorting,liver,No,,liver,liver,Homo sapiens,,4834STDY7002882,,4834STDY7002882,,male,Popescue_et_al_2019,RNA-Seq,,,
8,,10x 3' v2,E-MTAB-7407,9 weeks gestation,,skin,,,,F6,3 prime tag,Live/dead sorting,Live/dead sorting,skin,No,,skin,skin,Homo sapiens,,4834STDY7002883,,4834STDY7002883,,male,Popescue_et_al_2019,RNA-Seq,,,
9,,10x 3' v2,E-MTAB-7407,9 weeks gestation,,kidney,,,,F6,3 prime tag,CD45+,CD45+,kidney,No,,kidney,kidney,Homo sapiens,,4834STDY7002885,,4834STDY7002885,,male,Popescue_et_al_2019,RNA-Seq,,,
10,,10x 3' v2,E-MTAB-7407,9 weeks gestation,,kidney,,,,F6,3 prime tag,CD45-,CD45-,kidney,No,,kidney,kidney,Homo sapiens,,4834STDY7002886,,4834STDY7002886,,male,Popescue_et_al_2019,RNA-Seq,,,
11,,10x 3' v2,E-MTAB-7407,9 weeks gestation,,liver,,,,F6,3 prime tag,CD45+,CD45+,liver,No,,liver,liver,Homo sapiens,,4834STDY7038750,,4834STDY7038750,,male,Popescue_et_al_2019,RNA-Seq,,,
12,,10x 3' v2,E-MTAB-7407,9 weeks gestation,,liver,,,,F6,3 prime tag,CD45-,CD45-,liver,No,,liver,liver,Homo sapiens,,4834STDY7038751,,4834STDY7038751,,male,Popescue_et_al_2019,RNA-Seq,,,
13,,10x 3' v2,E-MTAB-7407,9 weeks gestation,,skin,,,,F6,3 prime tag,CD45+,CD45+,skin,No,,skin,skin,Homo sapiens,,4834STDY7038752,,4834STDY7038752,,male,Popescue_et_al_2019,RNA-Seq,,,
14,,10x 3' v2,E-MTAB-7407,9 weeks gestation,,skin,,,,F6,3 prime tag,CD45-,CD45-,skin,No,,skin,skin,Homo sapiens,,4834STDY7038753,,4834STDY7038753,,male,Popescue_et_al_2019,RNA-Seq,,,
15,,10x 3' v2,E-MTAB-7407,16 weeks gestation,,liver,,,,F14,3 prime tag,CD45+,CD45+,liver,No,,liver,liver,Homo sapiens,,FCAImmP7179363,,FCAImmP7179363,,male,Popescue_et_al_2019,RNA-Seq,,,
16,,10x 3' v2,E-MTAB-7407,16 weeks gestation,,liver,,,,F14,3 prime tag,CD45-,CD45-,liver,No,,liver,liver,Homo sapiens,,FCAImmP7179364,,FCAImmP7179364,,male,Popescue_et_al_2019,RNA-Seq,,,
17,,10x 3' v2,E-MTAB-7407,9 weeks gestation,,liver,,,,F7,3 prime tag,Live/dead sorting,Live/dead sorting,liver,No,,liver,liver,Homo sapiens,,FCAImmP7198434,,FCAImmP7198434,,female,Popescue_et_al_2019,RNA-Seq,,,
18,,10x 3' v2,E-MTAB-7407,9 weeks gestation,,liver,,,,F7,3 prime tag,CD45+,CD45+,liver,No,,liver,liver,Homo sapiens,,FCAImmP7198628,,FCAImmP7198628,,female,Popescue_et_al_2019,RNA-Seq,,,
19,,10x 3' v2,E-MTAB-7407,9 weeks gestation,,liver,,,,F7,3 prime tag,CD45-,CD45-,liver,No,,liver,liver,Homo sapiens,,FCAImmP7198629,,FCAImmP7198629,,female,Popescue_et_al_2019,RNA-Seq,,,
20,,10x 3' v2,E-MTAB-7407,11 weeks gestation,,liver,,,,F10,3 prime tag,CD45+,CD45+,liver,No,,liver,liver,Homo sapiens,,FCAImmP7198630,,FCAImmP7198630,,male,Popescue_et_al_2019,RNA-Seq,,,
21,,10x 3' v2,E-MTAB-7407,11 weeks gestation,,liver,,,,F10,3 prime tag,CD45-,CD45-,liver,No,,liver,liver,Homo sapiens,,FCAImmP7198631,,FCAImmP7198631,,male,Popescue_et_al_2019,RNA-Seq,,,
22,,10x 3' v2,E-MTAB-7407,10 weeks gestation,,skin,,,,F9,3 prime tag,CD45+,CD45+,skin,No,,skin,skin,Homo sapiens,,FCAImmP7241240,,FCAImmP7241240,,female,Popescue_et_al_2019,RNA-Seq,,,
23,,10x 3' v2,E-MTAB-7407,10 weeks gestation,,skin,,,,F9,3 prime tag,CD45-,CD45-,skin,No,,skin,skin,Homo sapiens,,FCAImmP7241241,,FCAImmP7241241,,female,Popescue_et_al_2019,RNA-Seq,,,
24,,10x 3' v2,E-MTAB-7407,17 weeks gestation,,liver,,,,F16,3 prime tag,CD45+,CD45+,liver,No,,liver,liver,Homo sapiens,,FCAImmP7277552,,FCAImmP7277552,,female,Popescue_et_al_2019,RNA-Seq,,,
25,,10x 3' v2,E-MTAB-7407,17 weeks gestation,,liver,,,,F16,3 prime tag,CD45-,CD45-,liver,No,,liver,liver,Homo sapiens,,FCAImmP7277553,,FCAImmP7277553,,female,Popescue_et_al_2019,RNA-Seq,,,
26,,10x 3' v2,E-MTAB-7407,14 weeks gestation,,liver,,,,F13,3 prime tag,CD45+,CD45+,liver,No,,liver,liver,Homo sapiens,,FCAImmP7277560,,FCAImmP7277560,,male,Popescue_et_al_2019,RNA-Seq,,,
27,,10x 3' v2,E-MTAB-7407,14 weeks gestation,,liver,,,,F13,3 prime tag,CD45-,CD45-,liver,No,,liver,liver,Homo sapiens,,FCAImmP7277561,,FCAImmP7277561,,male,Popescue_et_al_2019,RNA-Seq,,,
28,,10x 3' v2,E-MTAB-7407,17 weeks gestation,,liver,,,,F16,5 prime tag,Live/dead sorting,Live/dead sorting,liver,No,,liver,liver,Homo sapiens,,FCAImmP7292028,,FCAImmP7292028,,female,Popescue_et_al_2019,RNA-Seq,,,
29,,10x 3' v2,E-MTAB-7407,14 weeks gestation,,liver,,,,F13,5 prime tag,Live/dead sorting,Live/dead sorting,liver,No,,liver,liver,Homo sapiens,,FCAImmP7292032,,FCAImmP7292032,,male,Popescue_et_al_2019,RNA-Seq,,,
30,,10x 3' v2,E-MTAB-7407,9 weeks gestation,,skin,,,,F8,3 prime tag,CD45+,CD45+,skin,No,,skin,skin,Homo sapiens,,FCAImmP7316886,,FCAImmP7316886,,female,Popescue_et_al_2019,RNA-Seq,,,
31,,10x 3' v2,E-MTAB-7407,9 weeks gestation,,skin,,,,F8,3 prime tag,CD45+,CD45+,skin,No,,skin,skin,Homo sapiens,,FCAImmP7316887,,FCAImmP7316887,,female,Popescue_et_al_2019,RNA-Seq,,,
32,,10x 3' v2,E-MTAB-7407,9 weeks gestation,,skin,,,,F8,3 prime tag,CD45-,CD45-,skin,No,,skin,skin,Homo sapiens,,FCAImmP7316888,,FCAImmP7316888,,female,Popescue_et_al_2019,RNA-Seq,,,
33,,10x 3' v2,E-MTAB-7407,9 weeks gestation,,liver,,,,F8,3 prime tag,CD45+,CD45+,liver,No,,liver,liver,Homo sapiens,,FCAImmP7316889,,FCAImmP7316889,,female,Popescue_et_al_2019,RNA-Seq,,,
34,,10x 3' v2,E-MTAB-7407,9 weeks gestation,,liver,,,,F8,3 prime tag,CD45+,CD45+,liver,No,,liver,liver,Homo sapiens,,FCAImmP7316890,,FCAImmP7316890,,female,Popescue_et_al_2019,RNA-Seq,,,
35,,10x 3' v2,E-MTAB-7407,9 weeks gestation,,liver,,,,F8,3 prime tag,CD45+,CD45+,liver,No,,liver,liver,Homo sapiens,,FCAImmP7316891,,FCAImmP7316891,,female,Popescue_et_al_2019,RNA-Seq,,,
36,,10x 3' v2,E-MTAB-7407,9 weeks gestation,,liver,,,,F8,3 prime tag,CD45-,CD45-,liver,No,,liver,liver,Homo sapiens,,FCAImmP7316892,,FCAImmP7316892,,female,Popescue_et_al_2019,RNA-Seq,,,
37,,10x 3' v2,E-MTAB-7407,9 weeks gestation,,liver,,,,F8,3 prime tag,CD45-,CD45-,liver,No,,liver,liver,Homo sapiens,,FCAImmP7316893,,FCAImmP7316893,,female,Popescue_et_al_2019,RNA-Seq,,,
38,,10x 3' v2,E-MTAB-7407,7 weeks gestation,,liver,,,,F2,3 prime tag,CD45+,CD45+,liver,No,,liver,liver,Homo sapiens,,FCAImmP7316894,,FCAImmP7316894,,female,Popescue_et_al_2019,RNA-Seq,,,
39,,10x 3' v2,E-MTAB-7407,7 weeks gestation,,liver,,,,F2,3 prime tag,CD45-,CD45-,liver,No,,liver,liver,Homo sapiens,,FCAImmP7316895,,FCAImmP7316895,,female,Popescue_et_al_2019,RNA-Seq,,,
40,,10x 3' v2,E-MTAB-7407,7 weeks gestation,,skin,,,,F2,3 prime tag,CD45+,CD45+,skin,No,,skin,skin,Homo sapiens,,FCAImmP7316896,,FCAImmP7316896,,female,Popescue_et_al_2019,RNA-Seq,,,
41,,10x 3' v2,E-MTAB-7407,7 weeks gestation,,skin,,,,F2,3 prime tag,CD45-,CD45-,skin,No,,skin,skin,Homo sapiens,,FCAImmP7316897,,FCAImmP7316897,,female,Popescue_et_al_2019,RNA-Seq,,,
42,,10x 3' v2,E-MTAB-7407,7 weeks gestation,,yolk sac,,,,F2,3 prime tag,Live/dead sorting,Live/dead sorting,yolk sac,No,,yolk sac,yolk sac,Homo sapiens,,FCAImmP7316900,,FCAImmP7316900,,female,Popescue_et_al_2019,RNA-Seq,,,
43,,10x 3' v2,E-MTAB-7407,7 weeks gestation,,liver,,,,F2,5 prime tag,CD45+,CD45+,liver,No,,liver,liver,Homo sapiens,,FCAImmP7316901,,FCAImmP7316901,,female,Popescue_et_al_2019,RNA-Seq,,,
44,,10x 3' v2,E-MTAB-7407,8 weeks gestation,,skin,,,,F5,3 prime tag,CD45+,CD45+,skin,No,,skin,skin,Homo sapiens,,FCAImmP7352189,,FCAImmP7352189,,female,Popescue_et_al_2019,RNA-Seq,,,
45,,10x 3' v2,E-MTAB-7407,8 weeks gestation,,skin,,,,F5,3 prime tag,CD45-,CD45-,skin,No,,skin,skin,Homo sapiens,,FCAImmP7352190,,FCAImmP7352190,,female,Popescue_et_al_2019,RNA-Seq,,,
46,,10x 3' v2,E-MTAB-7407,8 weeks gestation,,skin,,,,F5,3 prime tag,CD45-,CD45-,skin,No,,skin,skin,Homo sapiens,,FCAImmP7352191,,FCAImmP7352191,,female,Popescue_et_al_2019,RNA-Seq,,,
47,,10x 3' v2,E-MTAB-7407,8 weeks gestation,,liver,,,,F5,3 prime tag,CD45+,CD45+,liver,No,,liver,liver,Homo sapiens,,FCAImmP7352192,,FCAImmP7352192,,female,Popescue_et_al_2019,RNA-Seq,,,
48,,10x 3' v2,E-MTAB-7407,8 weeks gestation,,liver,,,,F5,3 prime tag,CD45-,CD45-,liver,No,,liver,liver,Homo sapiens,,FCAImmP7352193,,FCAImmP7352193,,female,Popescue_et_al_2019,RNA-Seq,,,
49,,10x 3' v2,E-MTAB-7407,8 weeks gestation,,liver,,,,F5,3 prime tag,CD45-,CD45-,liver,No,,liver,liver,Homo sapiens,,FCAImmP7352194,,FCAImmP7352194,,female,Popescue_et_al_2019,RNA-Seq,,,
50,,10x 3' v2,E-MTAB-7407,8 weeks gestation,,liver,,,,F5,3 prime tag,CD45-,CD45-,liver,No,,liver,liver,Homo sapiens,,FCAImmP7352195,,FCAImmP7352195,,female,Popescue_et_al_2019,RNA-Seq,,,
51,,10x 3' v2,E-MTAB-7407,8 weeks gestation,,liver,,,,F5,5 prime tag,CD45+,CD45+,liver,No,,liver,liver,Homo sapiens,,FCAImmP7352196,,FCAImmP7352196,,female,Popescue_et_al_2019,RNA-Seq,,,
52,,10x 3' v2,E-MTAB-7407,7 weeks gestation,,liver,,,,F3,3 prime tag,CD45+,CD45+,liver,No,,liver,liver,Homo sapiens,,FCAImmP7462237,,FCAImmP7462237,,female,Popescue_et_al_2019,RNA-Seq,,,
53,,10x 3' v2,E-MTAB-7407,7 weeks gestation,,liver,,,,F3,3 prime tag,CD45+,CD45+,liver,No,,liver,liver,Homo sapiens,,FCAImmP7462238,,FCAImmP7462238,,female,Popescue_et_al_2019,RNA-Seq,,,
54,,10x 3' v2,E-MTAB-7407,7 weeks gestation,,liver,,,,F3,3 prime tag,CD45-,CD45-,liver,No,,liver,liver,Homo sapiens,,FCAImmP7462239,,FCAImmP7462239,,female,Popescue_et_al_2019,RNA-Seq,,,
55,,10x 3' v2,E-MTAB-7407,7 weeks gestation,,skin,,,,F3,3 prime tag,CD45+,CD45+,skin,No,,skin,skin,Homo sapiens,,FCAImmP7462240,,FCAImmP7462240,,female,Popescue_et_al_2019,RNA-Seq,,,
56,,10x 3' v2,E-MTAB-7407,7 weeks gestation,,skin,,,,F3,3 prime tag,CD45-,CD45-,skin,No,,skin,skin,Homo sapiens,,FCAImmP7462241,,FCAImmP7462241,,female,Popescue_et_al_2019,RNA-Seq,,,
57,,10x 3' v2,E-MTAB-7407,7 weeks gestation,,kidney,,,,F3,3 prime tag,CD45+,CD45+,kidney,No,,kidney,kidney,Homo sapiens,,FCAImmP7462242,,FCAImmP7462242,,female,Popescue_et_al_2019,RNA-Seq,,,
58,,10x 3' v2,E-MTAB-7407,7 weeks gestation,,kidney,,,,F3,3 prime tag,CD45-,CD45-,kidney,No,,kidney,kidney,Homo sapiens,,FCAImmP7462243,,FCAImmP7462243,,female,Popescue_et_al_2019,RNA-Seq,,,
59,,10x 3' v2,E-MTAB-7407,7 weeks gestation,,yolk sac,,,,F3,3 prime tag,Live/dead sorting,Live/dead sorting,yolk sac,No,,yolk sac,yolk sac,Homo sapiens,,FCAImmP7462244,,FCAImmP7462244,,female,Popescue_et_al_2019,RNA-Seq,,,
60,,10x 3' v2,E-MTAB-7407,4 weeks gestation,,yolk sac,,,,F1,3 prime tag,Live/dead sorting,Live/dead sorting,yolk sac,No,,yolk sac,yolk sac,Homo sapiens,,FCAImmP7504909,,FCAImmP7504909,,female,Popescue_et_al_2019,RNA-Seq,,,
61,,10x 3' v2,E-MTAB-7407,4 weeks gestation,,yolk sac,,,,F1,3 prime tag,Live/dead sorting,Live/dead sorting,yolk sac,No,,yolk sac,yolk sac,Homo sapiens,,FCAImmP7504910,,FCAImmP7504910,,female,Popescue_et_al_2019,RNA-Seq,,,
62,,10x 3' v2,E-MTAB-7407,4 weeks gestation,,yolk sac,,,,F1,3 prime tag,Live/dead sorting,Live/dead sorting,yolk sac,No,,yolk sac,yolk sac,Homo sapiens,,FCAImmP7504911,,FCAImmP7504911,,female,Popescue_et_al_2019,RNA-Seq,,,
63,,10x 3' v2,E-MTAB-7407,4 weeks gestation,,yolk sac,,,,F1,3 prime tag,Live/dead sorting,Live/dead sorting,yolk sac,No,,yolk sac,yolk sac,Homo sapiens,,FCAImmP7504912,,FCAImmP7504912,,female,Popescue_et_al_2019,RNA-Seq,,,
64,,10x 3' v2,E-MTAB-7407,4 weeks gestation,,yolk sac,,,,F1,3 prime tag,Live/dead sorting,Live/dead sorting,yolk sac,No,,yolk sac,yolk sac,Homo sapiens,,FCAImmP7504913,,FCAImmP7504913,,female,Popescue_et_al_2019,RNA-Seq,,,
65,,10x 3' v2,E-MTAB-7407,13 weeks gestation,,liver,,,,F12,3 prime tag,CD45+,CD45+,liver,No,,liver,liver,Homo sapiens,,FCAImmP7528286,,FCAImmP7528286,,male,Popescue_et_al_2019,RNA-Seq,,,
66,,10x 3' v2,E-MTAB-7407,13 weeks gestation,,liver,,,,F12,3 prime tag,CD45+,CD45+,liver,No,,liver,liver,Homo sapiens,,FCAImmP7528287,,FCAImmP7528287,,male,Popescue_et_al_2019,RNA-Seq,,,
67,,10x 3' v2,E-MTAB-7407,13 weeks gestation,,liver,,,,F12,3 prime tag,CD45-,CD45-,liver,No,,liver,liver,Homo sapiens,,FCAImmP7528288,,FCAImmP7528288,,male,Popescue_et_al_2019,RNA-Seq,,,
68,,10x 3' v2,E-MTAB-7407,13 weeks gestation,,liver,,,,F12,3 prime tag,CD45-,CD45-,liver,No,,liver,liver,Homo sapiens,,FCAImmP7528289,,FCAImmP7528289,,male,Popescue_et_al_2019,RNA-Seq,,,
69,,10x 3' v2,E-MTAB-7407,13 weeks gestation,,liver,,,,F12,5 prime tag,5GEX,5GEX,liver,No,,liver,liver,Homo sapiens,,FCAImmP7528295,,FCAImmP7528295,,male,Popescue_et_al_2019,RNA-Seq,,,
70,,10x 3' v2,E-MTAB-7407,16 weeks gestation,,liver,,,,F15,3 prime tag,CD45+,CD45+,liver,No,,liver,liver,Homo sapiens,,FCAImmP7555846,,FCAImmP7555846,,female,Popescue_et_al_2019,RNA-Seq,,,
71,,10x 3' v2,E-MTAB-7407,16 weeks gestation,,liver,,,,F15,3 prime tag,CD45-,CD45-,liver,No,,liver,liver,Homo sapiens,,FCAImmP7555847,,FCAImmP7555847,,female,Popescue_et_al_2019,RNA-Seq,,,
72,,10x 3' v2,E-MTAB-7407,16 weeks gestation,,liver,,,,F15,5 prime tag,CD45+,CD45+,liver,No,,liver,liver,Homo sapiens,,FCAImmP7555856,,FCAImmP7555856,,female,Popescue_et_al_2019,RNA-Seq,,,
73,,10x 3' v2,E-MTAB-7407,16 weeks gestation,,liver,,,,F15,5 prime tag,CD45-,CD45-,liver,No,,liver,liver,Homo sapiens,,FCAImmP7555857,,FCAImmP7555857,,female,Popescue_et_al_2019,RNA-Seq,,,
74,,10x 3' v2,E-MTAB-7407,12 weeks gestation,,liver,,,,F11,3 prime tag,CD45+,CD45+,liver,No,,liver,liver,Homo sapiens,,FCAImmP7579210,,FCAImmP7579210,,female,Popescue_et_al_2019,RNA-Seq,,,
75,,10x 3' v2,E-MTAB-7407,12 weeks gestation,,liver,,,,F11,3 prime tag,CD45-,CD45-,liver,No,,liver,liver,Homo sapiens,,FCAImmP7579211,,FCAImmP7579211,,female,Popescue_et_al_2019,RNA-Seq,,,
76,,10x 3' v2,E-MTAB-7407,12 weeks gestation,,liver,,,,F11,3 prime tag,CD45+,CD45+,liver,No,,liver,liver,Homo sapiens,,FCAImmP7579222,,FCAImmP7579222,,female,Popescue_et_al_2019,RNA-Seq,,,
77,,10x 3' v2,E-MTAB-7407,12 weeks gestation,,liver,,,,F11,3 prime tag,CD45-,CD45-,liver,No,,liver,liver,Homo sapiens,,FCAImmP7579223,,FCAImmP7579223,,female,Popescue_et_al_2019,RNA-Seq,,,
78,,10x 3' v2,E-MTAB-7407,12 weeks gestation,,liver,,,,F11,5 prime tag,CD45+,CD45+,liver,No,,liver,liver,Homo sapiens,,FCAImmP7579226,,FCAImmP7579226,,female,Popescue_et_al_2019,RNA-Seq,,,
79,,10x 3' v2,E-MTAB-7407,12 weeks gestation,,liver,,,,F11,5 prime tag,CD45-,CD45-,liver,No,,liver,liver,Homo sapiens,,FCAImmP7579227,,FCAImmP7579227,,female,Popescue_et_al_2019,RNA-Seq,,,
80,10xV2,10x5',  E-MTAB-8581,17,17.0,thymus,,,,F83,5 prime tag,EPCAM-positive,,,No,,thymus,thymus,Homo sapiens,,F83_TH_EPCAM,,F83_TH_EPCAM,,female, JE Park · 2020,RNA-Seq,,,
81,10xV2,,  E-MTAB-8581,16,16.0,thymus,,,,F21,3 prime tag,CD45-positive,,,No,,thymus,thymus,Homo sapiens,,FCAImmP7179369,,FCAImmP7179369,,male, JE Park · 2020,RNA-Seq,,,
82,10xV2,,  E-MTAB-8581,16,16.0,thymus,,,,F21,3 prime tag,CD45-negative,,,No,,thymus,thymus,Homo sapiens,,FCAImmP7179370,,FCAImmP7179370,,male, JE Park · 2020,RNA-Seq,,,
83,10xV2,,  E-MTAB-8581,11,11.0,thymus,,,,F23,3 prime tag,CD45-positive,,,No,,thymus,thymus,Homo sapiens,,FCAImmP7198634,,FCAImmP7198634,,male, JE Park · 2020,RNA-Seq,,,
84,10xV2,,  E-MTAB-8581,11,11.0,thymus,,,,F23,3 prime tag,CD45-negative,,,No,,thymus,thymus,Homo sapiens,,FCAImmP7198635,,FCAImmP7198635,,male, JE Park · 2020,RNA-Seq,,,
85,10xV2,,  E-MTAB-8581,17,17.0,thymus,,,,F29,3 prime tag,CD45-positive,,,No,,thymus,thymus,Homo sapiens,,FCAImmP7277556,,FCAImmP7277556,,female, JE Park · 2020,RNA-Seq,,,
86,10xV2,,  E-MTAB-8581,17,17.0,thymus,,,,F29,3 prime tag,CD45-negative,,,No,,thymus,thymus,Homo sapiens,,FCAImmP7277557,,FCAImmP7277557,,female, JE Park · 2020,RNA-Seq,,,
87,10xV2,,  E-MTAB-8581,14,14.0,thymus,,,,F30,3 prime tag,CD45-positive,,,No,,thymus,thymus,Homo sapiens,,FCAImmP7277564,,FCAImmP7277564,,male, JE Park · 2020,RNA-Seq,,,
88,10xV2,,  E-MTAB-8581,14,14.0,thymus,,,,F30,3 prime tag,CD45-negative,,,No,,thymus,thymus,Homo sapiens,,FCAImmP7277565,,FCAImmP7277565,,male, JE Park · 2020,RNA-Seq,,,
89,10xV2,,  E-MTAB-8581,17,17.0,thymus,,,,F29,5 prime tag,CD45-positive,,,No,,thymus,thymus,Homo sapiens,,FCAImmP7292030,,FCAImmP7292030,,female, JE Park · 2020,RNA-Seq,,,
90,10xV2,,  E-MTAB-8581,14,14.0,thymus,,,,F30,5 prime tag,CD45-positive,,,No,,thymus,thymus,Homo sapiens,,FCAImmP7292034,,FCAImmP7292034,,male, JE Park · 2020,RNA-Seq,,,
91,10xV2,,  E-MTAB-8581,13,13.0,thymus,,,,F38,3 prime tag,CD45-positive,,,No,,thymus,thymus,Homo sapiens,,FCAImmP7528283,,FCAImmP7528283,,male, JE Park · 2020,RNA-Seq,,,
92,10xV2,,  E-MTAB-8581,13,13.0,thymus,,,,F38,3 prime tag,CD45-negative,,,No,,thymus,thymus,Homo sapiens,,FCAImmP7528284,,FCAImmP7528284,,male, JE Park · 2020,RNA-Seq,,,
93,10xV2,,  E-MTAB-8581,13,13.0,thymus,,,,F38,3 prime tag,CD45-negative,,,No,,thymus,thymus,Homo sapiens,,FCAImmP7528285,,FCAImmP7528285,,male, JE Park · 2020,RNA-Seq,,,
94,10xV2,,  E-MTAB-8581,13,13.0,thymus,,,,F38,5 prime tag,CD45-positive,,,No,,thymus,thymus,Homo sapiens,,FCAImmP7528294,,FCAImmP7528294,,male, JE Park · 2020,RNA-Seq,,,
95,10xV2,,  E-MTAB-8581,16,16.0,thymus,,,,F41,3 prime tag,CD45-positive,,,No,,thymus,thymus,Homo sapiens,,FCAImmP7555851,,FCAImmP7555851,,female, JE Park · 2020,RNA-Seq,,,
96,10xV2,,  E-MTAB-8581,16,16.0,thymus,,,,F41,3 prime tag,CD45-negative,,,No,,thymus,thymus,Homo sapiens,,FCAImmP7555852,,FCAImmP7555852,,female, JE Park · 2020,RNA-Seq,,,
97,10xV2,,  E-MTAB-8581,16,16.0,thymus,,,,F41,5 prime tag,CD45-positive,,,No,,thymus,thymus,Homo sapiens,,FCAImmP7555860,,FCAImmP7555860,,female, JE Park · 2020,RNA-Seq,,,
98,10xV2,,  E-MTAB-8581,16,16.0,thymus,,,,F41,5 prime tag,CD45-negative,,,No,,thymus,thymus,Homo sapiens,,FCAImmP7555861,,FCAImmP7555861,,female, JE Park · 2020,RNA-Seq,,,
99,10xV2,,  E-MTAB-8581,12,12.0,thymus,,,,F45,3 prime tag,CD45-positive,,,No,,thymus,thymus,Homo sapiens,,FCAImmP7579218,,FCAImmP7579218,,female, JE Park · 2020,RNA-Seq,,,
100,10xV2,,  E-MTAB-8581,12,12.0,thymus,,,,F45,3 prime tag,CD45-negative,,,No,,thymus,thymus,Homo sapiens,,FCAImmP7579219,,FCAImmP7579219,,female, JE Park · 2020,RNA-Seq,,,
101,10xV2,,  E-MTAB-8581,12,12.0,thymus,,,,F45,5 prime tag,CD45-positive,,,No,,thymus,thymus,Homo sapiens,,FCAImmP7579230,,FCAImmP7579230,,female, JE Park · 2020,RNA-Seq,,,
102,10xV2,,  E-MTAB-8581,12,12.0,thymus,,,,F45,5 prime tag,CD45-negative,,,No,,thymus,thymus,Homo sapiens,,FCAImmP7579231,,FCAImmP7579231,,female, JE Park · 2020,RNA-Seq,,,
103,10xV2,,  E-MTAB-8581,11,11.0,thymus,,,,F64,5 prime tag,total,,,No,,thymus,thymus,Homo sapiens,,FCAImmP7851890,,FCAImmP7851890,,male, JE Park · 2020,RNA-Seq,,,
104,10xV2,,  E-MTAB-8581,11,11.0,thymus,,,,F64,5 prime tag,total,,,No,,thymus,thymus,Homo sapiens,,FCAImmP7851891,,FCAImmP7851891,,male, JE Park · 2020,RNA-Seq,,,
105,10xV2,,  E-MTAB-8581,12,12.0,thymus,,,,F67,5 prime tag,total,,,No,,thymus,thymus,Homo sapiens,,FCAImmP7851892,,FCAImmP7851892,,female, JE Park · 2020,RNA-Seq,,,
106,10xV2,,  E-MTAB-8581,12,12.0,thymus,,,,F67,5 prime tag,total,,,No,,thymus,thymus,Homo sapiens,,FCAImmP7851893,,FCAImmP7851893,,female, JE Park · 2020,RNA-Seq,,,
107,10xV2,,  E-MTAB-8581,12,12.0,thymus,,,,F67,5 prime tag,total,,,No,,thymus,thymus,Homo sapiens,,FCAImmP7851894,,FCAImmP7851894,,female, JE Park · 2020,RNA-Seq,,,
108,10xV2,,  E-MTAB-8581,12,12.0,thymus,,,,F67,5 prime tag,total,,,No,,thymus,thymus,Homo sapiens,,FCAImmP7851895,,FCAImmP7851895,,female, JE Park · 2020,RNA-Seq,,,
109,10xV2,,  E-MTAB-8581,12,12.0,thymus,,,,F67,5 prime tag,CD137-positive,,,No,,thymus,thymus,Homo sapiens,,FCAImmP7851896,,FCAImmP7851896,,female, JE Park · 2020,RNA-Seq,,,
110,10xV2,,  E-MTAB-8581,10,10.0,colon,,,,F74,5 prime tag,total,,,No,,colon,colon,Homo sapiens,,Human_colon_16S7985396,,Human_colon_16S7985396,,male, JE Park · 2020,RNA-Seq,,,
111,10xV2,,  E-MTAB-8581,10,10.0,colon,,,,F74,5 prime tag,total,,,No,,colon,colon,Homo sapiens,,Human_colon_16S7985397,,Human_colon_16S7985397,,male, JE Park · 2020,RNA-Seq,,,
112,,10x 3' v2,E-MTAB-11343,16,16.0,spleen,,,,F21,3 prime tag,CD45+,,,No,,spleen,spleen,Homo sapiens,,FCAImmP7179365,,FCAImmP7179365,,male,Suo_Dann_et_al_2022,RNA-Seq,,,
113,,10x 3' v2,E-MTAB-11343,16,16.0,spleen,,,,F21,3 prime tag,CD45-,,,No,,spleen,spleen,Homo sapiens,,FCAImmP7179366,,FCAImmP7179366,,male,Suo_Dann_et_al_2022,RNA-Seq,,,
114,,10x 3' v2,E-MTAB-11343,9,9.0,spleen,,,,F22,3 prime tag,unsorted,,,No,,spleen,spleen,Homo sapiens,,FCAImmP7198433,,FCAImmP7198433,,female,Suo_Dann_et_al_2022,RNA-Seq,,,
115,,10x 3' v2,E-MTAB-11343,9,9.0,yolk sac,,,,F22,3 prime tag,unsorted,,,No,,yolk sac,yolk sac,Homo sapiens,,FCAImmP7198435,,FCAImmP7198435,,female,Suo_Dann_et_al_2022,RNA-Seq,,,
116,,10x 3' v2,E-MTAB-11343,11,11.0,spleen,,,,F23,3 prime tag,CD45+,,,No,,spleen,spleen,Homo sapiens,,FCAImmP7198632,,FCAImmP7198632,,male,Suo_Dann_et_al_2022,RNA-Seq,,,
117,,10x 3' v2,E-MTAB-11343,11,11.0,spleen,,,,F23,3 prime tag,CD45-,,,No,,spleen,spleen,Homo sapiens,,FCAImmP7198633,,FCAImmP7198633,,male,Suo_Dann_et_al_2022,RNA-Seq,,,
118,,10x 3' v2,E-MTAB-11343,10,10.0,liver,,,,F19,3 prime tag,CD45+,,,No,,liver,liver,Homo sapiens,,FCAImmP7241242,,FCAImmP7241242,,female,Suo_Dann_et_al_2022,RNA-Seq,,,
119,,10x 3' v2,E-MTAB-11343,10,10.0,liver,,,,F19,3 prime tag,CD45-,,,No,,liver,liver,Homo sapiens,,FCAImmP7241243,,FCAImmP7241243,,female,Suo_Dann_et_al_2022,RNA-Seq,,,
120,,10x 3' v2,E-MTAB-11343,17,17.0,spleen,,,,F29,3 prime tag,CD45+,,,No,,spleen,spleen,Homo sapiens,,FCAImmP7277554,,FCAImmP7277554,,female,Suo_Dann_et_al_2022,RNA-Seq,,,
121,,10x 3' v2,E-MTAB-11343,17,17.0,spleen,,,,F29,3 prime tag,CD45-,,,No,,spleen,spleen,Homo sapiens,,FCAImmP7277555,,FCAImmP7277555,,female,Suo_Dann_et_al_2022,RNA-Seq,,,
122,,10x 3' v2,E-MTAB-11343,14,14.0,spleen,,,,F30,3 prime tag,CD45+,,,No,,spleen,spleen,Homo sapiens,,FCAImmP7277562,,FCAImmP7277562,,male,Suo_Dann_et_al_2022,RNA-Seq,,,
123,,10x 5' v1,E-MTAB-11343,14,14.0,spleen,,,,F30,5 prime tag,CD45+,,,No,,spleen,spleen,Homo sapiens,,FCAImmP7277563,,FCAImmP7277563,,male,Suo_Dann_et_al_2022,RNA-Seq,,,
124,,10x 5' v1,E-MTAB-11343,17,17.0,spleen,,,,F29,5 prime tag,CD45-,,,No,,spleen,spleen,Homo sapiens,,FCAImmP7292029,,FCAImmP7292029,,female,Suo_Dann_et_al_2022,RNA-Seq,,,
125,,10x 5' v1,E-MTAB-11343,14,14.0,spleen,,,,F30,5 prime tag,CD45+,,,No,,spleen,spleen,Homo sapiens,,FCAImmP7292033,,FCAImmP7292033,,male,Suo_Dann_et_al_2022,RNA-Seq,,,
126,,10x 3' v2,E-MTAB-11343,7,7.0,thymus,,,,F32,3 prime tag,CD45-,,,No,,thymus,thymus,Homo sapiens,,FCAImmP7316898,,FCAImmP7316898,,female,Suo_Dann_et_al_2022,RNA-Seq,,,
127,,10x 3' v2,E-MTAB-11343,7,7.0,thymus,,,,F32,3 prime tag,CD45+,,,No,,thymus,thymus,Homo sapiens,,FCAImmP7316899,,FCAImmP7316899,,female,Suo_Dann_et_al_2022,RNA-Seq,,,
128,,10x 3' v2,E-MTAB-11343,12,12.0,spleen,,,,F38,3 prime tag,CD45-,,,No,,spleen,spleen,Homo sapiens,,FCAImmP7528279,,FCAImmP7528279,,male,Suo_Dann_et_al_2022,RNA-Seq,,,
129,,10x 3' v2,E-MTAB-11343,12,12.0,spleen,,,,F38,3 prime tag,CD45-,,,No,,spleen,spleen,Homo sapiens,,FCAImmP7528280,,FCAImmP7528280,,male,Suo_Dann_et_al_2022,RNA-Seq,,,
130,,10x 3' v2,E-MTAB-11343,12,12.0,skin,,,,F38,3 prime tag,CD45+,,,No,,skin,skin,Homo sapiens,,FCAImmP7528290,,FCAImmP7528290,,male,Suo_Dann_et_al_2022,RNA-Seq,,,
131,,10x 3' v2,E-MTAB-11343,12,12.0,skin,,,,F38,3 prime tag,CD45-,,,No,,skin,skin,Homo sapiens,,FCAImmP7528291,,FCAImmP7528291,,male,Suo_Dann_et_al_2022,RNA-Seq,,,
132,,10x 5' v1,E-MTAB-11343,12,12.0,skin,,,,F38,5 prime tag,CD45+,,,No,,skin,skin,Homo sapiens,,FCAImmP7528296,,FCAImmP7528296,,male,Suo_Dann_et_al_2022,RNA-Seq,,,
133,,10x 3' v2,E-MTAB-11343,16,16.0,skin,,,,F41,3 prime tag,CD45-,,,No,,skin,skin,Homo sapiens,,FCAImmP7555848,,FCAImmP7555848,,female,Suo_Dann_et_al_2022,RNA-Seq,,,
134,,10x 5' v1,E-MTAB-11343,16,16.0,skin,,,,F41,5 prime tag,CD45-,,,No,,skin,skin,Homo sapiens,,FCAImmP7555858,,FCAImmP7555858,,female,Suo_Dann_et_al_2022,RNA-Seq,,,
135,,10x 5' v1,E-MTAB-11343,16,16.0,kidney,,,,F41,5 prime tag,unsorted,,,No,,kidney,kidney,Homo sapiens,,FCAImmP7555859,,FCAImmP7555859,,female,Suo_Dann_et_al_2022,RNA-Seq,,,
136,,10x 3' v2,E-MTAB-11343,12,12.0,skin,,,,F45,3 prime tag,unsorted,,,No,,skin,skin,Homo sapiens,,FCAImmP7579212,,FCAImmP7579212,,female,Suo_Dann_et_al_2022,RNA-Seq,,,
137,,10x 3' v2,E-MTAB-11343,12,12.0,skin,,,,F45,3 prime tag,CD45+,,,No,,skin,skin,Homo sapiens,,FCAImmP7579213,,FCAImmP7579213,,female,Suo_Dann_et_al_2022,RNA-Seq,,,
138,,10x 3' v2,E-MTAB-11343,12,12.0,spleen,,,,F45,3 prime tag,CD45+,,,No,,spleen,spleen,Homo sapiens,,FCAImmP7579216,,FCAImmP7579216,,female,Suo_Dann_et_al_2022,RNA-Seq,,,
139,,10x 3' v2,E-MTAB-11343,12,12.0,spleen,,,,F45,3 prime tag,CD45+,,,No,,spleen,spleen,Homo sapiens,,FCAImmP7579217,,FCAImmP7579217,,female,Suo_Dann_et_al_2022,RNA-Seq,,,
140,,10x 5' v1,E-MTAB-11343,12,12.0,skin,,,,F45,5 prime tag,CD45+,,,No,,skin,skin,Homo sapiens,,FCAImmP7579224,,FCAImmP7579224,,female,Suo_Dann_et_al_2022,RNA-Seq,,,
141,,10x 5' v1,E-MTAB-11343,12,12.0,kidney,,,,F45,5 prime tag,CD45-,,,No,,kidney,kidney,Homo sapiens,,FCAImmP7579225,,FCAImmP7579225,,female,Suo_Dann_et_al_2022,RNA-Seq,,,
142,,10x 5' v1,E-MTAB-11343,12,12.0,spleen,,,,F45,5 prime tag,CD45+,,,No,,spleen,spleen,Homo sapiens,,FCAImmP7579228,,FCAImmP7579228,,female,Suo_Dann_et_al_2022,RNA-Seq,,,
143,,10x 5' v1,E-MTAB-11343,12,12.0,spleen,,,,F45,5 prime tag,CD45-,,,No,,spleen,spleen,Homo sapiens,,FCAImmP7579229,,FCAImmP7579229,,female,Suo_Dann_et_al_2022,RNA-Seq,,,
144,,10x 5' v1,E-MTAB-11343,15,15.0,spleen,,,,F50,5 prime tag,CD45+,,,No,,spleen,spleen,Homo sapiens,,FCAImmP7803020,,FCAImmP7803020,,female,Suo_Dann_et_al_2022,RNA-Seq,,,
145,,10x 5' v1,E-MTAB-11343,15,15.0,spleen,,,,F50,5 prime tag,CD45+,,,No,,spleen,spleen,Homo sapiens,,FCAImmP7803021,,FCAImmP7803021,,female,Suo_Dann_et_al_2022,RNA-Seq,,,
146,,10x 5' v1,E-MTAB-11343,15,15.0,spleen,,,,F50,5 prime tag,CD45-,,,No,,spleen,spleen,Homo sapiens,,FCAImmP7803022,,FCAImmP7803022,,female,Suo_Dann_et_al_2022,RNA-Seq,,,
147,,10x 5' v1,E-MTAB-11343,15,15.0,spleen,,,,F50,5 prime tag,CD45-,,,No,,spleen,spleen,Homo sapiens,,FCAImmP7803023,,FCAImmP7803023,,female,Suo_Dann_et_al_2022,RNA-Seq,,,
148,,10x 5' v1,E-MTAB-11343,15,15.0,skin,,,,F50,5 prime tag,CD45+,,,No,,skin,skin,Homo sapiens,,FCAImmP7803024,,FCAImmP7803024,,female,Suo_Dann_et_al_2022,RNA-Seq,,,
149,,10x 5' v1,E-MTAB-11343,15,15.0,skin,,,,F50,5 prime tag,CD45+,,,No,,skin,skin,Homo sapiens,,FCAImmP7803025,,FCAImmP7803025,,female,Suo_Dann_et_al_2022,RNA-Seq,,,
150,,10x 5' v1,E-MTAB-11343,15,15.0,skin,,,,F50,5 prime tag,CD45-,,,No,,skin,skin,Homo sapiens,,FCAImmP7803026,,FCAImmP7803026,,female,Suo_Dann_et_al_2022,RNA-Seq,,,
151,,10x 5' v1,E-MTAB-11343,15,15.0,skin,,,,F50,5 prime tag,CD45-,,,No,,skin,skin,Homo sapiens,,FCAImmP7803027,,FCAImmP7803027,,female,Suo_Dann_et_al_2022,RNA-Seq,,,
152,,10x 5' v1,E-MTAB-11343,14,14.0,skin,,,,F51,5 prime tag,CD45+,,,No,,skin,skin,Homo sapiens,,FCAImmP7803034,,FCAImmP7803034,,female,Suo_Dann_et_al_2022,RNA-Seq,,,
153,,10x 5' v1,E-MTAB-11343,14,14.0,skin,,,,F51,5 prime tag,CD45+,,,No,,skin,skin,Homo sapiens,,FCAImmP7803035,,FCAImmP7803035,,female,Suo_Dann_et_al_2022,RNA-Seq,,,
154,,10x 5' v1,E-MTAB-11343,14,14.0,spleen,,,,F51,5 prime tag,CD45+,,,No,,spleen,spleen,Homo sapiens,,FCAImmP7803036,,FCAImmP7803036,,female,Suo_Dann_et_al_2022,RNA-Seq,,,
155,,10x 5' v1,E-MTAB-11343,14,14.0,spleen,,,,F51,5 prime tag,CD45+,,,No,,spleen,spleen,Homo sapiens,,FCAImmP7803037,,FCAImmP7803037,,female,Suo_Dann_et_al_2022,RNA-Seq,,,
156,,10x 5' v1,E-MTAB-11343,14,14.0,spleen,,,,F51,5 prime tag,CD45+,,,No,,spleen,spleen,Homo sapiens,,FCAImmP7803038,,FCAImmP7803038,,female,Suo_Dann_et_al_2022,RNA-Seq,,,
157,,10x 5' v1,E-MTAB-11343,14,14.0,spleen,,,,F51,5 prime tag,CD45-,,,No,,spleen,spleen,Homo sapiens,,FCAImmP7803039,,FCAImmP7803039,,female,Suo_Dann_et_al_2022,RNA-Seq,,,
158,,10x 5' v1,E-MTAB-11343,14,14.0,spleen,,,,F51,5 prime tag,CD45-,,,No,,spleen,spleen,Homo sapiens,,FCAImmP7803040,,FCAImmP7803040,,female,Suo_Dann_et_al_2022,RNA-Seq,,,
159,,10x 5' v1,E-MTAB-11343,14,14.0,spleen,,,,F51,5 prime tag,CD45-,,,No,,spleen,spleen,Homo sapiens,,FCAImmP7803041,,FCAImmP7803041,,female,Suo_Dann_et_al_2022,RNA-Seq,,,
160,,10x 5' v1,E-MTAB-11343,14,14.0,skin,,,,F51,5 prime tag,CD45-,,,No,,skin,skin,Homo sapiens,,FCAImmP7803042,,FCAImmP7803042,,female,Suo_Dann_et_al_2022,RNA-Seq,,,
161,,10x 5' v1,E-MTAB-11343,14,14.0,skin,,,,F51,5 prime tag,CD45-,,,No,,skin,skin,Homo sapiens,,FCAImmP7803043,,FCAImmP7803043,,female,Suo_Dann_et_al_2022,RNA-Seq,,,
162,,10x 5' v1,E-MTAB-11343,12,12.0,thymus,,,,F67,5 prime tag,MAIT,,,No,,thymus,thymus,Homo sapiens,,FCAImmP7851897,,FCAImmP7851897,,female,Suo_Dann_et_al_2022,RNA-Seq,,,
163,,10x 5' v1,E-MTAB-11343,7,7.0,liver,,,,F61,5 prime tag,CD45+,,,No,,liver,liver,Homo sapiens,,FCAImmP7862084,,FCAImmP7862084,,male,Suo_Dann_et_al_2022,RNA-Seq,,,
164,,10x 5' v1,E-MTAB-11343,7,7.0,liver,,,,F61,5 prime tag,CD45+,,,No,,liver,liver,Homo sapiens,,FCAImmP7862085,,FCAImmP7862085,,male,Suo_Dann_et_al_2022,RNA-Seq,,,
165,,10x 5' v1,E-MTAB-11343,7,7.0,liver,,,,F61,5 prime tag,CD45-,,,No,,liver,liver,Homo sapiens,,FCAImmP7862086,,FCAImmP7862086,,male,Suo_Dann_et_al_2022,RNA-Seq,,,
166,,10x 5' v1,E-MTAB-11343,7,7.0,liver,,,,F61,5 prime tag,unsorted,,,No,,liver,liver,Homo sapiens,,FCAImmP7862087,,FCAImmP7862087,,male,Suo_Dann_et_al_2022,RNA-Seq,,,
167,,10x 5' v1,E-MTAB-11343,7,7.0,yolk sac,,,,F61,5 prime tag,CD45+,,,No,,yolk sac,yolk sac,Homo sapiens,,FCAImmP7862088,,FCAImmP7862088,,male,Suo_Dann_et_al_2022,RNA-Seq,,,
168,,10x 5' v1,E-MTAB-11343,7,7.0,yolk sac,,,,F61,5 prime tag,CD45+,,,No,,yolk sac,yolk sac,Homo sapiens,,FCAImmP7862089,,FCAImmP7862089,,male,Suo_Dann_et_al_2022,RNA-Seq,,,
169,,10x 5' v1,E-MTAB-11343,7,7.0,yolk sac,,,,F61,5 prime tag,CD45+,,,No,,yolk sac,yolk sac,Homo sapiens,,FCAImmP7862090,,FCAImmP7862090,,male,Suo_Dann_et_al_2022,RNA-Seq,,,
170,,10x 5' v1,E-MTAB-11343,7,7.0,yolk sac,,,,F61,5 prime tag,CD45-,,,No,,yolk sac,yolk sac,Homo sapiens,,FCAImmP7862091,,FCAImmP7862091,,male,Suo_Dann_et_al_2022,RNA-Seq,,,
171,,10x 5' v1,E-MTAB-11343,7,7.0,yolk sac,,,,F61,5 prime tag,CD45-,,,No,,yolk sac,yolk sac,Homo sapiens,,FCAImmP7862092,,FCAImmP7862092,,male,Suo_Dann_et_al_2022,RNA-Seq,,,
172,,10x 5' v1,E-MTAB-11343,7,7.0,yolk sac,,,,F61,5 prime tag,CD45-,,,No,,yolk sac,yolk sac,Homo sapiens,,FCAImmP7862093,,FCAImmP7862093,,male,Suo_Dann_et_al_2022,RNA-Seq,,,
173,,10x 5' v1,E-MTAB-11343,7,7.0,skin,,,,F61,5 prime tag,CD45+,,,No,,skin,skin,Homo sapiens,,FCAImmP7862094,,FCAImmP7862094,,male,Suo_Dann_et_al_2022,RNA-Seq,,,
174,,10x 5' v1,E-MTAB-11343,7,7.0,skin,,,,F61,5 prime tag,CD45-,,,No,,skin,skin,Homo sapiens,,FCAImmP7862096,,FCAImmP7862096,,male,Suo_Dann_et_al_2022,RNA-Seq,,,
175,,10x 5' v1,E-MTAB-11343,11,11.0,spleen,,,,F69,5 prime tag,CD45+,,,No,,spleen,spleen,Homo sapiens,,FCAImmP7964499,,FCAImmP7964499,,female,Suo_Dann_et_al_2022,RNA-Seq,,,
176,,10x 5' v1,E-MTAB-11343,11,11.0,spleen,,,,F69,5 prime tag,CD45-,,,No,,spleen,spleen,Homo sapiens,,FCAImmP7964500,,FCAImmP7964500,,female,Suo_Dann_et_al_2022,RNA-Seq,,,
177,,10x 5' v1,E-MTAB-11343,11,11.0,spleen,,,,F69,5 prime tag,CD45-,,,No,,spleen,spleen,Homo sapiens,,FCAImmP7964501,,FCAImmP7964501,,female,Suo_Dann_et_al_2022,RNA-Seq,,,
178,,10x 5' v1,E-MTAB-11343,11,11.0,skin,,,,F69,5 prime tag,CD45+,,,No,,skin,skin,Homo sapiens,,FCAImmP7964502,,FCAImmP7964502,,female,Suo_Dann_et_al_2022,RNA-Seq,,,
179,,10x 5' v1,E-MTAB-11343,11,11.0,skin,,,,F69,5 prime tag,CD45-,,,No,,skin,skin,Homo sapiens,,FCAImmP7964503,,FCAImmP7964503,,female,Suo_Dann_et_al_2022,RNA-Seq,,,
180,,10x 5' v1,E-MTAB-11343,11,11.0,skin,,,,F69,5 prime tag,CD45-,,,No,,skin,skin,Homo sapiens,,FCAImmP7964504,,FCAImmP7964504,,female,Suo_Dann_et_al_2022,RNA-Seq,,,
181,,10x 5' v1,E-MTAB-11343,11,11.0,skin,,,,F69,5 prime tag,CD45-,,,No,,skin,skin,Homo sapiens,,FCAImmP7964505,,FCAImmP7964505,,female,Suo_Dann_et_al_2022,RNA-Seq,,,
182,,10x 5' v1,E-MTAB-11343,14,14.0,skin,,,,F71,5 prime tag,CD45+,,,No,,skin,skin,Homo sapiens,,FCAImmP7964506,,FCAImmP7964506,,female,Suo_Dann_et_al_2022,RNA-Seq,,,
183,,10x 5' v1,E-MTAB-11343,14,14.0,skin,,,,F71,5 prime tag,CD45+,,,No,,skin,skin,Homo sapiens,,FCAImmP7964507,,FCAImmP7964507,,female,Suo_Dann_et_al_2022,RNA-Seq,,,
184,,10x 5' v1,E-MTAB-11343,14,14.0,skin,,,,F71,5 prime tag,CD45-,,,No,,skin,skin,Homo sapiens,,FCAImmP7964508,,FCAImmP7964508,,female,Suo_Dann_et_al_2022,RNA-Seq,,,
185,,10x 5' v1,E-MTAB-11343,14,14.0,skin,,,,F71,5 prime tag,CD45-,,,No,,skin,skin,Homo sapiens,,FCAImmP7964509,,FCAImmP7964509,,female,Suo_Dann_et_al_2022,RNA-Seq,,,
186,,10x 5' v1,E-MTAB-11343,14,14.0,skin,,,,F71,5 prime tag,CD45-,,,No,,skin,skin,Homo sapiens,,FCAImmP7964510,,FCAImmP7964510,,female,Suo_Dann_et_al_2022,RNA-Seq,,,
187,,10x 5' v1,E-MTAB-13071,7,7.0,skin,,,group 1,F61,5 prime tag,CD45-,,,No,,skin,skin,Homo sapiens,,FCAImmP7862095,,FCAImmP7862095,,male,Gopee_et_at_2024,RNA-Seq,,,
188,,10x 5' v1,E-MTAB-13071,17,17.0,skin,,,,F220,5 prime tag,CD45P,,,No,,skin,skin,Homo sapiens,,HCA_rFSKI14449635,,HCA_rFSKI14449635,,female,Gopee_et_at_2024,RNA-Seq,,,
189,,10x 5' v1,E-MTAB-13071,17,17.0,skin,,,,F220,5 prime tag,CD45NCD34N,,,No,,skin,skin,Homo sapiens,,HCA_rFSKI14449636,,HCA_rFSKI14449636,,female,Gopee_et_at_2024,RNA-Seq,,,
190,,10x 5' v1,E-MTAB-13071,17,17.0,skin,,,,F220,5 prime tag,CD45NCD34N,,,No,,skin,skin,Homo sapiens,,HCA_rFSKI14449637,,HCA_rFSKI14449637,,female,Gopee_et_at_2024,RNA-Seq,,,
191,,10x 5' v1,E-MTAB-13071,17,17.0,skin,,,,F220,5 prime tag,CD45NCD34P,,,No,,skin,skin,Homo sapiens,,HCA_rFSKI14449638,,HCA_rFSKI14449638,,female,Gopee_et_at_2024,RNA-Seq,,,
192,,10x 5' v1,E-MTAB-13071,17,17.0,skin,,,,F220,5 prime tag,CD45P,,,No,,skin,skin,Homo sapiens,,HCA_rFSKI14449639,,HCA_rFSKI14449639,,female,Gopee_et_at_2024,RNA-Seq,,,
193,,10x 5' v1,E-MTAB-13071,17,17.0,skin,,,,F220,5 prime tag,CD45NCD34N,,,No,,skin,skin,Homo sapiens,,HCA_rFSKI14449640,,HCA_rFSKI14449640,,female,Gopee_et_at_2024,RNA-Seq,,,
194,,10x 5' v1,E-MTAB-13071,17,17.0,skin,,,,F220,5 prime tag,CD45NCD34N,,,No,,skin,skin,Homo sapiens,,HCA_rFSKI14449641,,HCA_rFSKI14449641,,female,Gopee_et_at_2024,RNA-Seq,,,
195,,10x 5' v1,E-MTAB-13071,17,17.0,skin,,,,F220,5 prime tag,CD45NCD34P,,,No,,skin,skin,Homo sapiens,,HCA_rFSKI14449642,,HCA_rFSKI14449642,,female,Gopee_et_at_2024,RNA-Seq,,,
196,,10x 5' v1,E-MTAB-13071,14,14.0,skin,,,group 2,F221,5 prime tag,CD45P,,,No,,skin,skin,Homo sapiens,,HCA_rFSKI14539490,,HCA_rFSKI14539490,,female,Gopee_et_at_2024,RNA-Seq,,,
197,,10x 5' v1,E-MTAB-13071,14,14.0,skin,,,group 3,F221,5 prime tag,CD45NCD34N,,,No,,skin,skin,Homo sapiens,,HCA_rFSKI14539491,,HCA_rFSKI14539491,,female,Gopee_et_at_2024,RNA-Seq,,,
198,,10x 5' v1,E-MTAB-13071,14,14.0,skin,,,group 4,F221,5 prime tag,CD45NCD34N,,,No,,skin,skin,Homo sapiens,,HCA_rFSKI14539492,,HCA_rFSKI14539492,,female,Gopee_et_at_2024,RNA-Seq,,,
199,,10x 5' v1,E-MTAB-13071,14,14.0,skin,,,group 5,F221,5 prime tag,CD45NCD34P,,,No,,skin,skin,Homo sapiens,,HCA_rFSKI14539493,,HCA_rFSKI14539493,,female,Gopee_et_at_2024,RNA-Seq,,,
200,,10x 5' v1,E-MTAB-13071,14,14.0,skin,,,group 6,F221,5 prime tag,CD45P,,,No,,skin,skin,Homo sapiens,,HCA_rFSKI14539494,,HCA_rFSKI14539494,,female,Gopee_et_at_2024,RNA-Seq,,,
201,,10x 5' v1,E-MTAB-13071,14,14.0,skin,,,group 7,F221,5 prime tag,CD45NCD34N,,,No,,skin,skin,Homo sapiens,,HCA_rFSKI14539495,,HCA_rFSKI14539495,,female,Gopee_et_at_2024,RNA-Seq,,,
202,,10x 5' v1,E-MTAB-13071,14,14.0,skin,,,group 8,F221,5 prime tag,CD45NCD34N,,,No,,skin,skin,Homo sapiens,,HCA_rFSKI14539496,,HCA_rFSKI14539496,,female,Gopee_et_at_2024,RNA-Seq,,,
203,,10x 5' v1,E-MTAB-13071,14,14.0,skin,,,group 9,F221,5 prime tag,CD45NCD34P,,,No,,skin,skin,Homo sapiens,,HCA_rFSKI14539497,,HCA_rFSKI14539497,,female,Gopee_et_at_2024,RNA-Seq,,,
204,,10x 5' v1,E-MTAB-13071,14,14.0,skin,,,group 10,F221,5 prime tag,CD45P,,,No,,skin,skin,Homo sapiens,,HCA_rFSKI14539498,,HCA_rFSKI14539498,,female,Gopee_et_at_2024,RNA-Seq,,,
205,,10x 5' v1,E-MTAB-13071,14,14.0,skin,,,group 11,F221,5 prime tag,CD45NCD34N,,,No,,skin,skin,Homo sapiens,,HCA_rFSKI14539499,,HCA_rFSKI14539499,,female,Gopee_et_at_2024,RNA-Seq,,,
206,,10x 5' v1,E-MTAB-13071,14,14.0,skin,,,group 12,F221,5 prime tag,CD45NCD34N,,,No,,skin,skin,Homo sapiens,,HCA_rFSKI14539500,,HCA_rFSKI14539500,,female,Gopee_et_at_2024,RNA-Seq,,,
207,,10x 5' v1,E-MTAB-13071,14,14.0,skin,,,group 13,F221,5 prime tag,CD45NCD34P,,,No,,skin,skin,Homo sapiens,,HCA_rFSKI14539501,,HCA_rFSKI14539501,,female,Gopee_et_at_2024,RNA-Seq,,,
208,,10x 5' v1,E-MTAB-13071,17,17.0,skin,,,,F217,5 prime tag,Total,,,No,,skin,skin,Homo sapiens,,WS_wEMB13942138,,WS_wEMB13942138,,female,Gopee_et_at_2024,RNA-Seq,,,
209,,10x 5' v1,E-MTAB-13071,17,17.0,skin,,,,F217,5 prime tag,Total,,,No,,skin,skin,Homo sapiens,,WS_wEMB13942139,,WS_wEMB13942139,,female,Gopee_et_at_2024,RNA-Seq,,,
210,,10x 5' v1,E-MTAB-13071,17,17.0,skin,,,,F217,5 prime tag,Total,,,No,,skin,skin,Homo sapiens,,WS_wEMB13942141,,WS_wEMB13942141,,female,Gopee_et_at_2024,RNA-Seq,,,
211,,10x 5' v1,E-MTAB-13071,17,17.0,skin,,,,F217,5 prime tag,Total,,,No,,skin,skin,Homo sapiens,,WS_wEMB13942142,,WS_wEMB13942142,,female,Gopee_et_at_2024,RNA-Seq,,,
212,,10x 5' v1,E-MTAB-13071,17,17.0,skin,,,,F217,5 prime tag,Total,,,No,,skin,skin,Homo sapiens,,WS_wEMB13942143,,WS_wEMB13942143,,female,Gopee_et_at_2024,RNA-Seq,,,
213,,10x 5' v1,E-MTAB-13071,17,17.0,skin,,,,F217,5 prime tag,Total,,,No,,skin,skin,Homo sapiens,,WS_wEMB13942144,,WS_wEMB13942144,,female,Gopee_et_at_2024,RNA-Seq,,,
214,,10x 5' v1,E-MTAB-13071,17,17.0,skin,,,,F217,5 prime tag,Total,,,No,,skin,skin,Homo sapiens,,WS_wEMB13942145,,WS_wEMB13942145,,female,Gopee_et_at_2024,RNA-Seq,,,
215,,10x 5' v1,E-MTAB-13071,17,17.0,skin,,,,F217,5 prime tag,Total,,,No,,skin,skin,Homo sapiens,,WS_wEMB13942146,,WS_wEMB13942146,,female,Gopee_et_at_2024,RNA-Seq,,,
216,,10x 5' v1,E-MTAB-13071,17,17.0,skin,,,,F217,5 prime tag,Total,,,No,,skin,skin,Homo sapiens,,WS_wEMB13942147,,WS_wEMB13942147,,female,Gopee_et_at_2024,RNA-Seq,,,
217,,10x 5' v1,E-MTAB-13071,17,17.0,skin,,,,F217,5 prime tag,Total,,,No,,skin,skin,Homo sapiens,,WS_wEMB13942148,,WS_wEMB13942148,,female,Gopee_et_at_2024,RNA-Seq,,,
218,,10x 5' v1,E-MTAB-13071,17,17.0,skin,,,,F217,5 prime tag,Total,,,No,,skin,skin,Homo sapiens,,WS_wEMB13942149,,WS_wEMB13942149,,female,Gopee_et_at_2024,RNA-Seq,,,
219,,10x 5' v1,E-MTAB-13071,17,17.0,skin,,,,F217,5 prime tag,Total,,,No,,skin,skin,Homo sapiens,,WS_wEMB13942150,,WS_wEMB13942150,,female,Gopee_et_at_2024,RNA-Seq,,,
220,,10x 5' v1,E-MTAB-13071,17,17.0,skin,,,,F217,5 prime tag,Total,,,No,,skin,skin,Homo sapiens,,WS_wEMB13942151,,WS_wEMB13942151,,female,Gopee_et_at_2024,RNA-Seq,,,
221,,10x 5' v1,E-MTAB-13071,17,17.0,skin,,,,F217,5 prime tag,Total,,,No,,skin,skin,Homo sapiens,,WS_wEMB13942152,,WS_wEMB13942152,,female,Gopee_et_at_2024,RNA-Seq,,,
222,,10x 5' v1,E-MTAB-13071,17,17.0,skin,,,,F217,5 prime tag,Total,,,No,,skin,skin,Homo sapiens,,WS_wEMB13942153,,WS_wEMB13942153,,female,Gopee_et_at_2024,RNA-Seq,,,
223,,10x 5' v2,E-MAT-11673,Carnegie stage 17,,yolk sac,,10x 5' v2,,F158,5 prime tag,total ,,,No,,yolk sac,yolk sac,Homo sapiens,,WS_wEMB12142156,,WS_wEMB12142156,,female,Whole_Embryo,RNA-Seq,,,
224,,10x 5' v2,E-MAT-11673,Carnegie stage 17,,yolk sac,,10x 5' v2,,F158,5 prime tag,total ,,,No,,yolk sac,yolk sac,Homo sapiens,,WS_wEMB12142157,,WS_wEMB12142157,,female,Whole_Embryo,RNA-Seq,,,
225,,10x 5' v2,E-MAT-11673,Carnegie stage 17,,yolk sac,,10x 5' v2,,F158,5 prime tag,total ,,,No,,yolk sac,yolk sac,Homo sapiens,,WS_wEMB12142158,,WS_wEMB12142158,,female,Whole_Embryo,RNA-Seq,,,
226,,10x 5' v2,E-MAT-11673,Carnegie stage 17,,yolk sac,,10x 5' v2,,F158,5 prime tag,total ,,,No,,yolk sac,yolk sac,Homo sapiens,,WS_wEMB12142159,,WS_wEMB12142159,,female,Whole_Embryo,RNA-Seq,,,
227,,10x 5' v2,E-MAT-11673,Carnegie stage 17,,yolk sac stalk,,10x 5' v2,,F158,5 prime tag,total ,,,No,,yolk sac stalk,yolk sac stalk,Homo sapiens,,WS_wEMB12142160,,WS_wEMB12142160,,female,Whole_Embryo,RNA-Seq,,,
228,,10x 5' v2,E-MAT-11673,Carnegie stage 17,,yolk sac stalk,,10x 5' v2,,F158,5 prime tag,total ,,,No,,yolk sac stalk,yolk sac stalk,Homo sapiens,,WS_wEMB12142161,,WS_wEMB12142161,,female,Whole_Embryo,RNA-Seq,,,
229,,5GEX,E-MTAB-10552,carnegie stage 18,,vitelline blood vessel,,10xV2,,F79,3 prime tag,CD45+,,,No,,yolk sac,yolk sac,Homo sapiens,,FCAImmP8096686,,FCAImmP8096686,vitelline blood vessel,male,Goh_et_al_2023,RNA-Seq,,,
230,,5GEX,E-MTAB-10552,carnegie stage 18,,vitelline blood vessel,,10xV2,,F79,3 prime tag,CD45-,,,No,,yolk sac,yolk sac,Homo sapiens,,FCAImmP8096687,,FCAImmP8096687,vitelline blood vessel,male,Goh_et_al_2023,RNA-Seq,,,
231,,5GEX,E-MTAB-10552,carnegie stage 18,,membrane,,10xV2,,F79,3 prime tag,CD45+,,,No,,yolk sac,yolk sac,Homo sapiens,,FCAImmP8096688,,FCAImmP8096688,membrane,male,Goh_et_al_2023,RNA-Seq,,,
232,,5GEX,E-MTAB-10552,carnegie stage 18,,membrane,,10xV2,,F79,3 prime tag,CD45-,,,No,,yolk sac,yolk sac,Homo sapiens,,FCAImmP8096689,,FCAImmP8096689,membrane,male,Goh_et_al_2023,RNA-Seq,,,
233,,5GEX,E-MTAB-10552,carnegie stage 18,,membrane,,10xV2,,F79,3 prime tag,CD45-,,,No,,yolk sac,yolk sac,Homo sapiens,,FCAImmP8096690,,FCAImmP8096690,membrane,male,Goh_et_al_2023,RNA-Seq,,,
234,,5GEX,E-MTAB-10552,carnegie stage 18,,membrane,,10xV2,,F79,3 prime tag,CD45-,,,No,,yolk sac,yolk sac,Homo sapiens,,FCAImmP8096691,,FCAImmP8096691,membrane,male,Goh_et_al_2023,RNA-Seq,,,
235,,5GEX,E-MTAB-10552,carnegie stage 18,,membrane,,10xV2,,F80,3 prime tag,CD45+,,,No,,yolk sac,yolk sac,Homo sapiens,,FCAImmP8096692,,FCAImmP8096692,membrane,male,Goh_et_al_2023,RNA-Seq,,,
236,,5GEX,E-MTAB-10552,carnegie stage 18,,membrane,,10xV2,,F80,3 prime tag,CD45+,,,No,,yolk sac,yolk sac,Homo sapiens,,FCAImmP8096693,,FCAImmP8096693,membrane,male,Goh_et_al_2023,RNA-Seq,,,
237,,5GEX,E-MTAB-10552,carnegie stage 18,,membrane,,10xV2,,F80,3 prime tag,CD45-,,,No,,yolk sac,yolk sac,Homo sapiens,,FCAImmP8096694,,FCAImmP8096694,membrane,male,Goh_et_al_2023,RNA-Seq,,,
238,,5GEX,E-MTAB-10552,carnegie stage 18,,membrane,,10xV2,,F80,3 prime tag,CD45-,,,No,,yolk sac,yolk sac,Homo sapiens,,FCAImmP8096695,,FCAImmP8096695,membrane,male,Goh_et_al_2023,RNA-Seq,,,
239,,5GEX,E-MTAB-10552,carnegie stage 18,,membrane,,10xV2,,F80,3 prime tag,CD45-,,,No,,yolk sac,yolk sac,Homo sapiens,,FCAImmP8096696,,FCAImmP8096696,membrane,male,Goh_et_al_2023,RNA-Seq,,,
240,,5GEX,E-MTAB-10552,carnegie stage 18,,vitelline blood vessel,,10xV2,,F79,3 prime tag,CD45-,,,No,,yolk sac,yolk sac,Homo sapiens,,FCAImmP8102304,,FCAImmP8102304,vitelline blood vessel,male,Goh_et_al_2023,RNA-Seq,,,
241,,3GEX,E-MTAB-11343,9,,Whole,,,,F22,,TOT,,,,143.0,TH,,,Collagnase,,F22_TH_TOT_FCAImmP7198432,FCAImmP7198432,,female,Suo_Dann_et_al_2022,RNA-Seq,Medical,,
242,,3GEX,E-MTAB-11343,12,,Whole,,,,F38,,CD45N,,,,3705.0,KI,,,Collagnase,,F38_KI_CD45N_FCAImmP7528293,FCAImmP7528293,,male,Suo_Dann_et_al_2022,RNA-Seq,Medical,,
243,,3GEX,E-MTAB-11343,12,,Whole,,,,F38,,CD45P,,,,2166.0,KI,,,Collagnase,,F38_KI_CD45P_FCAImmP7528292,FCAImmP7528292,,male,Suo_Dann_et_al_2022,RNA-Seq,Medical,,
244,,3GEX,E-MTAB-11343,12,,whole,,,,F45,,CD45N,,,,2675.0,KI,,,Collagnase,,F45_KI_CD45N_FCAImmP7579215,FCAImmP7579215,,female,Suo_Dann_et_al_2022,RNA-Seq,Medical,,
245,,3GEX,E-MTAB-11343,12,,whole,,,,F45,,CD45P,,,,2062.0,KI,,,Collagnase,,F45_KI_CD45P_FCAImmP7579214,FCAImmP7579214,,female,Suo_Dann_et_al_2022,RNA-Seq,Medical,,
246,,3GEX,E-MTAB-11343,12,,SmallInt,,,,F67,,TOT,,,,4013.0,GU,,,Collagnase,,F67_GU_TOT_Human_colon_16S7985393,Human_colon_16S7985393,,female,Suo_Dann_et_al_2022,RNA-Seq,Medical,,
247,,3GEX,E-MTAB-11343,12,,SmallInt,,,,F67,,TOT,,,,3846.0,GU,,,Collagnase,,F67_GU_TOT_Human_colon_16S7985394,Human_colon_16S7985394,,female,Suo_Dann_et_al_2022,RNA-Seq,Medical,,
248,,3GEX,E-MTAB-11343,12,,LargeInt,,,,F67,,TOT,,,,1848.0,GU,,,Collagnase,,F67_GU_TOT_Human_colon_16S7985395,Human_colon_16S7985395,,female,Suo_Dann_et_al_2022,RNA-Seq,Medical,,
249,,3GEX,E-MTAB-11343,15,,SmallInt,,,,F66,,TOT,,,,3973.0,GU,,,Collagnase,,F66_GU_TOT_Human_colon_16S7985391,Human_colon_16S7985391,,male,Suo_Dann_et_al_2022,RNA-Seq,Medical,,
250,,3GEX,E-MTAB-11343,15,,SmallInt,,,,F66,,TOT,,,,4330.0,GU,,,Collagnase,,F66_GU_TOT_Human_colon_16S7985389,Human_colon_16S7985389,,male,Suo_Dann_et_al_2022,RNA-Seq,Medical,,
251,,3GEX,E-MTAB-11343,15,,SmallInt,,,,F66,,TOT,,,,2902.0,GU,,,Collagnase,,F66_GU_TOT_Human_colon_16S7985390,Human_colon_16S7985390,,male,Suo_Dann_et_al_2022,RNA-Seq,Medical,,
252,,3GEX,E-MTAB-11343,15,,LargeInt,,,,F66,,TOT,,,,3914.0,GU,,,Collagnase,,F66_GU_TOT_Human_colon_16S7985392,Human_colon_16S7985392,,male,Suo_Dann_et_al_2022,RNA-Seq,Medical,,
253,,5GEX,E-MTAB-11343,15,,SmallInt,Human_colon_16S8157868,,,F73,,CD45P,,,,11141.0,GU,,,Collagnase,,F73_GU_CD45P_CD45N_Human_colon_16S8159187,Human_colon_16S8159187,,female,Suo_Dann_et_al_2022,RNA-Seq,Medical,Human_colon_16S8157852,WSSS_F_Imm12128722
254,,5GEX,E-MTAB-11343,15,,SmallInt,Human_colon_16S8157870,,,F73,,CD45P,,,,3563.0,GU,,,Collagnase,,F73_GU_CD45P_CD45N_Human_colon_16S8159189,Human_colon_16S8159189,,female,Suo_Dann_et_al_2022,RNA-Seq,Medical,Human_colon_16S8157854,WSSS_F_Imm12128724
255,,5GEX,E-MTAB-11343,15,,SmallInt,Human_colon_16S8157869,,,F73,,CD45P,,,,9447.0,GU,,,Collagnase,,F73_GU_CD45P_CD45N_Human_colon_16S8159188,Human_colon_16S8159188,,female,Suo_Dann_et_al_2022,RNA-Seq,Medical,Human_colon_16S8157853,WSSS_F_Imm12128723
256,,5GEX,E-MTAB-11343,15,,LargeInt,Human_colon_16S8157871,,,F73,,CD45P,,,,5698.0,GU,,,Collagnase,,F73_GU_CD45P_CD45N_Human_colon_16S8159190,Human_colon_16S8159190,,female,Suo_Dann_et_al_2022,RNA-Seq,Medical,Human_colon_16S8157855,WSSS_F_Imm12128725
257,,3GEX,E-MTAB-11343,16,,Whole,,,,F41,,CD45N,,,,2049.0,KI,,,Collagnase,,F41_KI_CD45N_FCAImmP7555850,FCAImmP7555850,,female,Suo_Dann_et_al_2022,RNA-Seq,Medical,,
258,,3GEX,E-MTAB-11343,16,,whole,,,,F41,,CD45P,,,,3410.0,KI,,,Collagnase,,F41_KI_CD45P_FCAImmP7555849,FCAImmP7555849,,female,Suo_Dann_et_al_2022,RNA-Seq,Medical,,
259,,5GEX,E-MTAB-11343,16,,LargeInt,Human_colon_16S8157866,,,F72,,CD45P,,,,378.0,GU,,,Collagnase,,F72_GU_CD45P_CD45N_Human_colon_16S8159185,Human_colon_16S8159185,,female,Suo_Dann_et_al_2022,RNA-Seq,Medical,Human_colon_16S8157850,WSSS_F_Imm12128720
260,,5GEX,E-MTAB-11343,16,,SmallInt,Human_colon_16S8157864,,,F72,,CD45P,,,,5647.0,GU,,,Collagnase,,F72_GU_CD45P_CD45N_Human_colon_16S8159183,Human_colon_16S8159183,,female,Suo_Dann_et_al_2022,RNA-Seq,Medical,Human_colon_16S8157848,WSSS_F_Imm12128718
261,,5GEX,E-MTAB-11343,16,,MLN,Human_colon_16S8157867,,,F72,,CD45P,,,,2979.0,MLN,,,Collagnase,,F72_MLN_CD45P_CD45N_Human_colon_16S8159186,Human_colon_16S8159186,,female,Suo_Dann_et_al_2022,RNA-Seq,Medical,Human_colon_16S8157851,WSSS_F_Imm12128721
262,,5GEX,E-MTAB-11343,16,,SmallInt,Human_colon_16S8157863,,,F72,,CD45P,,,,8348.0,GU,,,Collagnase,,F72_GU_CD45P_CD45N_Human_colon_16S8159182,Human_colon_16S8159182,,female,Suo_Dann_et_al_2022,RNA-Seq,Medical,Human_colon_16S8157847,WSSS_F_Imm12128717
263,,5GEX,E-MTAB-11343,16,,SmallInt,Human_colon_16S8157865,,,F72,,CD45P,,,,6924.0,GU,,,Collagnase,,F72_GU_CD45P_CD45N_Human_colon_16S8159184,Human_colon_16S8159184,,female,Suo_Dann_et_al_2022,RNA-Seq,Medical,Human_colon_16S8157849,WSSS_F_Imm12128719
264,,5GEX,E-MTAB-11343,17,,LargeInt,FCA_gut8090119,,,F78,,CD45P,,,,1918.0,GU,,,Collagnase,,F78_GU_CD45P_CD45N_FCA_gut8015060,FCA_gut8015060,,male,Suo_Dann_et_al_2022,RNA-Seq,Medical,FCA_gut8090114,
265,,5GEX,E-MTAB-11343,17,,SmallInt,FCA_gut8090118,,,F78,,CD45P,,,,1552.0,GU,,,Collagnase,,F78_GU_CD45P_CD45N_FCA_gut8015059,FCA_gut8015059,,male,Suo_Dann_et_al_2022,RNA-Seq,Medical,FCA_gut8090113,
266,,5GEX,E-MTAB-11343,17,,SmallInt,FCA_gut8090117,,,F78,,CD45P,,,,1854.0,GU,,,Collagnase,,F78_GU_CD45P_CD45N_FCA_gut8015058,FCA_gut8015058,,male,Suo_Dann_et_al_2022,RNA-Seq,Medical,FCA_gut8090112,
267,,5GEX,E-MTAB-11343,17,,MLN,FCA_gut8090120,,,F78,,CD45P,,,,3513.0,MLN,,,Collagnase,,F78_MLN_CD45P_CD45N_FCA_gut8015061,FCA_gut8015061,,male,Suo_Dann_et_al_2022,RNA-Seq,Medical,FCA_gut8090115,
268,,5GEX,E-MTAB-11343,17,,SmallInt,FCA_gut8090116,,,F78,,CD45P,,,,777.0,GU,,,Collagnase,,F78_GU_CD45P_CD45N_FCA_gut8015057,FCA_gut8015057,,male,Suo_Dann_et_al_2022,RNA-Seq,Medical,FCA_gut8090111,
