,Unnamed: 0.1,Unnamed: 0,Organ,Sample_ID,Method,10X_Chemistry,Accession_ID,Age,Age(PCW),Study ,Anatomical_Site,Dataset,BCR_library_id,Comment[library construction],Comment[technical replicate group],Donor_ID,End_Bias,FACS_Sorting,Factor Value[facs sorting],Multiplexed,Expected_Donors,N_cells,Organ.1,Organ_Orig,Organism,Processing_method,Run_ID,Sample,Sample_ID_Copy,Sampling_Site,Sex,Technology,File_pf,Organ_pf,Sort_id_pf,Age_pf,Method_pf,Donor_pf,Sample_pf,Sex_pf,Processing_method_pf,Anatomical_region_pf,N_cells_pf,Termination_method_pf,abTCR_library_id_pf,gdTCR_library_id_pf
0,0,0,gut,Human_colon_16S7985393,3GEX,3GEX,E-MTAB-11343,12,12,Suo_Dann_et_al_2022,SmallInt,Cross_Organ,,,,F67,,Total,,No,1,4013.0,gut,GU,Homo sapiens,Collagnase,Human_colon_16S7985393,F67_GU_TOT_Human_colon_16S7985393,Human_colon_16S7985393,,female,10X_scRNA-seq,Human_colon_16S7985393,GU,TOT,12.0,3GEX,F67,F67_GU_TOT_Human_colon_16S7985393,female,Collagnase,SmallInt,4013.0,Medical,,
1,1,1,gut,Human_colon_16S7985394,3GEX,3GEX,E-MTAB-11343,12,12,Suo_Dann_et_al_2022,SmallInt,Cross_Organ,,,,F67,,Total,,No,1,3846.0,gut,GU,Homo sapiens,Collagnase,Human_colon_16S7985394,F67_GU_TOT_Human_colon_16S7985394,Human_colon_16S7985394,,female,10X_scRNA-seq,Human_colon_16S7985394,GU,TOT,12.0,3GEX,F67,F67_GU_TOT_Human_colon_16S7985394,female,Collagnase,SmallInt,3846.0,Medical,,
2,2,2,gut,Human_colon_16S7985395,3GEX,3GEX,E-MTAB-11343,12,12,Suo_Dann_et_al_2022,LargeInt,Cross_Organ,,,,F67,,Total,,No,1,1848.0,gut,GU,Homo sapiens,Collagnase,Human_colon_16S7985395,F67_GU_TOT_Human_colon_16S7985395,Human_colon_16S7985395,,female,10X_scRNA-seq,Human_colon_16S7985395,GU,TOT,12.0,3GEX,F67,F67_GU_TOT_Human_colon_16S7985395,female,Collagnase,LargeInt,1848.0,Medical,,
3,3,3,gut,Human_colon_16S7985391,3GEX,3GEX,E-MTAB-11343,15,15,Suo_Dann_et_al_2022,SmallInt,Cross_Organ,,,,F66,,Total,,No,1,3973.0,gut,GU,Homo sapiens,Collagnase,Human_colon_16S7985391,F66_GU_TOT_Human_colon_16S7985391,Human_colon_16S7985391,,male,10X_scRNA-seq,Human_colon_16S7985391,GU,TOT,15.0,3GEX,F66,F66_GU_TOT_Human_colon_16S7985391,male,Collagnase,SmallInt,3973.0,Medical,,
4,4,4,gut,Human_colon_16S7985389,3GEX,3GEX,E-MTAB-11343,15,15,Suo_Dann_et_al_2022,SmallInt,Cross_Organ,,,,F66,,Total,,No,1,4330.0,gut,GU,Homo sapiens,Collagnase,Human_colon_16S7985389,F66_GU_TOT_Human_colon_16S7985389,Human_colon_16S7985389,,male,10X_scRNA-seq,Human_colon_16S7985389,GU,TOT,15.0,3GEX,F66,F66_GU_TOT_Human_colon_16S7985389,male,Collagnase,SmallInt,4330.0,Medical,,
5,5,5,gut,Human_colon_16S7985390,3GEX,3GEX,E-MTAB-11343,15,15,Suo_Dann_et_al_2022,SmallInt,Cross_Organ,,,,F66,,Total,,No,1,2902.0,gut,GU,Homo sapiens,Collagnase,Human_colon_16S7985390,F66_GU_TOT_Human_colon_16S7985390,Human_colon_16S7985390,,male,10X_scRNA-seq,Human_colon_16S7985390,GU,TOT,15.0,3GEX,F66,F66_GU_TOT_Human_colon_16S7985390,male,Collagnase,SmallInt,2902.0,Medical,,
6,6,6,gut,Human_colon_16S7985392,3GEX,3GEX,E-MTAB-11343,15,15,Suo_Dann_et_al_2022,LargeInt,Cross_Organ,,,,F66,,Total,,No,1,3914.0,gut,GU,Homo sapiens,Collagnase,Human_colon_16S7985392,F66_GU_TOT_Human_colon_16S7985392,Human_colon_16S7985392,,male,10X_scRNA-seq,Human_colon_16S7985392,GU,TOT,15.0,3GEX,F66,F66_GU_TOT_Human_colon_16S7985392,male,Collagnase,LargeInt,3914.0,Medical,,
7,7,7,gut,Human_colon_16S8159187,5GEX,5GEX,E-MTAB-11343,15,15,Suo_Dann_et_al_2022,SmallInt,Cross_Organ,Human_colon_16S8157868,,,F73,,CD45P,,No,1,11141.0,gut,GU,Homo sapiens,Collagnase,Human_colon_16S8159187,F73_GU_CD45P_CD45N_Human_colon_16S8159187,Human_colon_16S8159187,,female,10X_scRNA-seq,Human_colon_16S8159187,GU,CD45P,15.0,5GEX,F73,F73_GU_CD45P_CD45N_Human_colon_16S8159187,female,Collagnase,SmallInt,11141.0,Medical,Human_colon_16S8157852,WSSS_F_Imm12128722
8,8,8,gut,Human_colon_16S8159189,5GEX,5GEX,E-MTAB-11343,15,15,Suo_Dann_et_al_2022,SmallInt,Cross_Organ,Human_colon_16S8157870,,,F73,,CD45P,,No,1,3563.0,gut,GU,Homo sapiens,Collagnase,Human_colon_16S8159189,F73_GU_CD45P_CD45N_Human_colon_16S8159189,Human_colon_16S8159189,,female,10X_scRNA-seq,Human_colon_16S8159189,GU,CD45P,15.0,5GEX,F73,F73_GU_CD45P_CD45N_Human_colon_16S8159189,female,Collagnase,SmallInt,3563.0,Medical,Human_colon_16S8157854,WSSS_F_Imm12128724
9,9,9,gut,Human_colon_16S8159188,5GEX,5GEX,E-MTAB-11343,15,15,Suo_Dann_et_al_2022,SmallInt,Cross_Organ,Human_colon_16S8157869,,,F73,,CD45P,,No,1,9447.0,gut,GU,Homo sapiens,Collagnase,Human_colon_16S8159188,F73_GU_CD45P_CD45N_Human_colon_16S8159188,Human_colon_16S8159188,,female,10X_scRNA-seq,Human_colon_16S8159188,GU,CD45P,15.0,5GEX,F73,F73_GU_CD45P_CD45N_Human_colon_16S8159188,female,Collagnase,SmallInt,9447.0,Medical,Human_colon_16S8157853,WSSS_F_Imm12128723
10,10,10,gut,Human_colon_16S8159190,5GEX,5GEX,E-MTAB-11343,15,15,Suo_Dann_et_al_2022,LargeInt,Cross_Organ,Human_colon_16S8157871,,,F73,,CD45P,,No,1,5698.0,gut,GU,Homo sapiens,Collagnase,Human_colon_16S8159190,F73_GU_CD45P_CD45N_Human_colon_16S8159190,Human_colon_16S8159190,,female,10X_scRNA-seq,Human_colon_16S8159190,GU,CD45P,15.0,5GEX,F73,F73_GU_CD45P_CD45N_Human_colon_16S8159190,female,Collagnase,LargeInt,5698.0,Medical,Human_colon_16S8157855,WSSS_F_Imm12128725
11,11,11,gut,Human_colon_16S8159185,5GEX,5GEX,E-MTAB-11343,16,16,Suo_Dann_et_al_2022,LargeInt,Cross_Organ,Human_colon_16S8157866,,,F72,,CD45P,,No,1,378.0,gut,GU,Homo sapiens,Collagnase,Human_colon_16S8159185,F72_GU_CD45P_CD45N_Human_colon_16S8159185,Human_colon_16S8159185,,female,10X_scRNA-seq,Human_colon_16S8159185,GU,CD45P,16.0,5GEX,F72,F72_GU_CD45P_CD45N_Human_colon_16S8159185,female,Collagnase,LargeInt,378.0,Medical,Human_colon_16S8157850,WSSS_F_Imm12128720
12,12,12,gut,Human_colon_16S8159183,5GEX,5GEX,E-MTAB-11343,16,16,Suo_Dann_et_al_2022,SmallInt,Cross_Organ,Human_colon_16S8157864,,,F72,,CD45P,,No,1,5647.0,gut,GU,Homo sapiens,Collagnase,Human_colon_16S8159183,F72_GU_CD45P_CD45N_Human_colon_16S8159183,Human_colon_16S8159183,,female,10X_scRNA-seq,Human_colon_16S8159183,GU,CD45P,16.0,5GEX,F72,F72_GU_CD45P_CD45N_Human_colon_16S8159183,female,Collagnase,SmallInt,5647.0,Medical,Human_colon_16S8157848,WSSS_F_Imm12128718
13,13,13,gut,Human_colon_16S8159182,5GEX,5GEX,E-MTAB-11343,16,16,Suo_Dann_et_al_2022,SmallInt,Cross_Organ,Human_colon_16S8157863,,,F72,,CD45P,,No,1,8348.0,gut,GU,Homo sapiens,Collagnase,Human_colon_16S8159182,F72_GU_CD45P_CD45N_Human_colon_16S8159182,Human_colon_16S8159182,,female,10X_scRNA-seq,Human_colon_16S8159182,GU,CD45P,16.0,5GEX,F72,F72_GU_CD45P_CD45N_Human_colon_16S8159182,female,Collagnase,SmallInt,8348.0,Medical,Human_colon_16S8157847,WSSS_F_Imm12128717
14,14,14,gut,Human_colon_16S8159184,5GEX,5GEX,E-MTAB-11343,16,16,Suo_Dann_et_al_2022,SmallInt,Cross_Organ,Human_colon_16S8157865,,,F72,,CD45P,,No,1,6924.0,gut,GU,Homo sapiens,Collagnase,Human_colon_16S8159184,F72_GU_CD45P_CD45N_Human_colon_16S8159184,Human_colon_16S8159184,,female,10X_scRNA-seq,Human_colon_16S8159184,GU,CD45P,16.0,5GEX,F72,F72_GU_CD45P_CD45N_Human_colon_16S8159184,female,Collagnase,SmallInt,6924.0,Medical,Human_colon_16S8157849,WSSS_F_Imm12128719
15,15,15,gut,FCA_gut8015060,5GEX,5GEX,E-MTAB-11343,17,17,Suo_Dann_et_al_2022,LargeInt,Cross_Organ,FCA_gut8090119,,,F78,,CD45P,,No,1,1918.0,gut,GU,Homo sapiens,Collagnase,FCA_gut8015060,F78_GU_CD45P_CD45N_FCA_gut8015060,FCA_gut8015060,,male,10X_scRNA-seq,FCA_gut8015060,GU,CD45P,17.0,5GEX,F78,F78_GU_CD45P_CD45N_FCA_gut8015060,male,Collagnase,LargeInt,1918.0,Medical,FCA_gut8090114,
16,16,16,gut,FCA_gut8015059,5GEX,5GEX,E-MTAB-11343,17,17,Suo_Dann_et_al_2022,SmallInt,Cross_Organ,FCA_gut8090118,,,F78,,CD45P,,No,1,1552.0,gut,GU,Homo sapiens,Collagnase,FCA_gut8015059,F78_GU_CD45P_CD45N_FCA_gut8015059,FCA_gut8015059,,male,10X_scRNA-seq,FCA_gut8015059,GU,CD45P,17.0,5GEX,F78,F78_GU_CD45P_CD45N_FCA_gut8015059,male,Collagnase,SmallInt,1552.0,Medical,FCA_gut8090113,
17,17,17,gut,FCA_gut8015058,5GEX,5GEX,E-MTAB-11343,17,17,Suo_Dann_et_al_2022,SmallInt,Cross_Organ,FCA_gut8090117,,,F78,,CD45P,,No,1,1854.0,gut,GU,Homo sapiens,Collagnase,FCA_gut8015058,F78_GU_CD45P_CD45N_FCA_gut8015058,FCA_gut8015058,,male,10X_scRNA-seq,FCA_gut8015058,GU,CD45P,17.0,5GEX,F78,F78_GU_CD45P_CD45N_FCA_gut8015058,male,Collagnase,SmallInt,1854.0,Medical,FCA_gut8090112,
18,18,18,gut,FCA_gut8015057,5GEX,5GEX,E-MTAB-11343,17,17,Suo_Dann_et_al_2022,SmallInt,Cross_Organ,FCA_gut8090116,,,F78,,CD45P,,No,1,777.0,gut,GU,Homo sapiens,Collagnase,FCA_gut8015057,F78_GU_CD45P_CD45N_FCA_gut8015057,FCA_gut8015057,,male,10X_scRNA-seq,FCA_gut8015057,GU,CD45P,17.0,5GEX,F78,F78_GU_CD45P_CD45N_FCA_gut8015057,male,Collagnase,SmallInt,777.0,Medical,FCA_gut8090111,
19,19,19,gut ,Human_colon_16S7985396,5GEX,10x5'v2,E-MTAB-8581,10,10,¬†JE Park¬†¬∑¬†2020,colon ,Cross_Organ,,,,F74,5 prime tag,Total,No,No,1,,gut,colon ,Homo sapiens,,Human_colon_16S7985396,,Human_colon_16S7985396,,male,10X_scRNA-seq,,,,,,,,,,,,,,
20,20,20,gut ,Human_colon_16S7985397,5GEX,10x5'v2,E-MTAB-8581,10,10,¬†JE Park¬†¬∑¬†2020,colon ,Cross_Organ,,,,F74,5 prime tag,Total,No,No,1,,gut,colon ,Homo sapiens,,Human_colon_16S7985397,,Human_colon_16S7985397,,male,10X_scRNA-seq,,,,,,,,,,,,,,
21,21,21,kidney,FCAImmP7579225,5GEX,10x5'v1,E-MTAB-11343,12,12,Suo_Dann_et_al_2022,kidney,Cross_Organ,,,,F45,5 prime tag,CD45-,,No,1,,kidney,kidney,Homo sapiens,,FCAImmP7579225,,FCAImmP7579225,,female,10X_scRNA-seq,FCAImmP7579225,KI,CD45N,12.0,5GEX,F45,F45_KI_CD45N_FCAImmP7579225,female,Collagnase,Whole,1419.0,Medical,FCAImmP7607603,
22,22,22,kidney,FCAImmP7528293,3GEX,3GEX,E-MTAB-11343,12,12,Suo_Dann_et_al_2022,Whole,Cross_Organ,,,,F38,,CD45N,,No,1,3705.0,kidney,KI,Homo sapiens,Collagnase,FCAImmP7528293,F38_KI_CD45N_FCAImmP7528293,FCAImmP7528293,,male,10X_scRNA-seq,FCAImmP7528293,KI,CD45N,12.0,3GEX,F38,F38_KI_CD45N_FCAImmP7528293,male,Collagnase,Whole,3705.0,Medical,,
23,23,23,kidney,FCAImmP7528292,3GEX,3GEX,E-MTAB-11343,12,12,Suo_Dann_et_al_2022,Whole,Cross_Organ,,,,F38,,CD45P,,No,1,2166.0,kidney,KI,Homo sapiens,Collagnase,FCAImmP7528292,F38_KI_CD45P_FCAImmP7528292,FCAImmP7528292,,male,10X_scRNA-seq,FCAImmP7528292,KI,CD45P,12.0,3GEX,F38,F38_KI_CD45P_FCAImmP7528292,male,Collagnase,Whole,2166.0,Medical,,
24,24,24,kidney,FCAImmP7579215,3GEX,3GEX,E-MTAB-11343,12,12,Suo_Dann_et_al_2022,whole,Cross_Organ,,,,F45,,CD45N,,No,1,2675.0,kidney,KI,Homo sapiens,Collagnase,FCAImmP7579215,F45_KI_CD45N_FCAImmP7579215,FCAImmP7579215,,female,10X_scRNA-seq,FCAImmP7579215,KI,CD45N,12.0,3GEX,F45,F45_KI_CD45N_FCAImmP7579215,female,Collagnase,whole,2675.0,Medical,,
25,25,25,kidney,FCAImmP7579214,3GEX,3GEX,E-MTAB-11343,12,12,Suo_Dann_et_al_2022,whole,Cross_Organ,,,,F45,,CD45P,,No,1,2062.0,kidney,KI,Homo sapiens,Collagnase,FCAImmP7579214,F45_KI_CD45P_FCAImmP7579214,FCAImmP7579214,,female,10X_scRNA-seq,FCAImmP7579214,KI,CD45P,12.0,3GEX,F45,F45_KI_CD45P_FCAImmP7579214,female,Collagnase,whole,2062.0,Medical,,
26,26,26,kidney,FCAImmP7555859,5GEX,10x5'v1,E-MTAB-11343,16,16,Suo_Dann_et_al_2022,kidney,Cross_Organ,,,,F41,5 prime tag,unsorted,,No,1,,kidney,kidney,Homo sapiens,,FCAImmP7555859,,FCAImmP7555859,,female,10X_scRNA-seq,FCAImmP7555859,KI,CD45P,16.0,5GEX,F41,F41_KI_CD45P_FCAImmP7555859,female,Collagnase,Whole,2887.0,Medical,FCAImmP7607598,WSSS_F_Imm10424057
27,27,27,kidney,FCAImmP7555850,3GEX,3GEX,E-MTAB-11343,16,16,Suo_Dann_et_al_2022,Whole,Cross_Organ,,,,F41,,CD45N,,No,1,2049.0,kidney,KI,Homo sapiens,Collagnase,FCAImmP7555850,F41_KI_CD45N_FCAImmP7555850,FCAImmP7555850,,female,10X_scRNA-seq,FCAImmP7555850,KI,CD45N,16.0,3GEX,F41,F41_KI_CD45N_FCAImmP7555850,female,Collagnase,Whole,2049.0,Medical,,
28,28,28,kidney,FCAImmP7555849,3GEX,3GEX,E-MTAB-11343,16,16,Suo_Dann_et_al_2022,whole,Cross_Organ,,,,F41,,CD45P,,No,1,3410.0,kidney,KI,Homo sapiens,Collagnase,FCAImmP7555849,F41_KI_CD45P_FCAImmP7555849,FCAImmP7555849,,female,10X_scRNA-seq,FCAImmP7555849,KI,CD45P,16.0,3GEX,F41,F41_KI_CD45P_FCAImmP7555849,female,Collagnase,whole,3410.0,Medical,,
29,29,29,kidney,FCAImmP7462242,3GEX,10x3'v2,E-MTAB-7407,7 weeks gestation,5_7,Popescue_et_al_2019,kidney,Cross_Organ,,,,F3,3 prime tag,CD45+,CD45+,No,1,,kidney,kidney,Homo sapiens,,FCAImmP7462242,,FCAImmP7462242,,female,10X_scRNA-seq,FCAImmP7462242,KI,CD45P,7.0,3GEX,F35,F35_KI_CD45P_FCAImmP7462242,female,Collagnase,Whole,1791.0,Medical,,
30,30,30,kidney,FCAImmP7462243,3GEX,10x3'v2,E-MTAB-7407,7 weeks gestation,5_7,Popescue_et_al_2019,kidney,Cross_Organ,,,,F3,3 prime tag,CD45-,CD45-,No,1,,kidney,kidney,Homo sapiens,,FCAImmP7462243,,FCAImmP7462243,,female,10X_scRNA-seq,FCAImmP7462243,KI,CD45N,7.0,3GEX,F35,F35_KI_CD45N_FCAImmP7462243,female,Collagnase,Whole,4608.0,Medical,,
31,31,31,kidney,4834STDY7002875,3GEX,10x3'v2,E-MTAB-7407,8 weeks gestation,6_8,Popescue_et_al_2019,kidney,Cross_Organ,,,,F4,3 prime tag,CD45+,CD45+,No,1,,kidney,kidney,Homo sapiens,,4834STDY7002875,,4834STDY7002875,,male,10X_scRNA-seq,,,,,,,,,,,,,,
32,32,32,kidney,4834STDY7002876,3GEX,10x3'v2,E-MTAB-7407,8 weeks gestation,6_8,Popescue_et_al_2019,kidney,Cross_Organ,,,,F4,3 prime tag,CD45-,CD45-,No,1,,kidney,kidney,Homo sapiens,,4834STDY7002876,,4834STDY7002876,,male,10X_scRNA-seq,,,,,,,,,,,,,,
33,33,33,kidney,4834STDY7002881,3GEX,10x3'v2,E-MTAB-7407,9 weeks gestation,7_9,Popescue_et_al_2019,kidney,Cross_Organ,,,,F6,3 prime tag,Live/dead sorting,Live/dead sorting,No,1,,kidney,kidney,Homo sapiens,,4834STDY7002881,,4834STDY7002881,,male,10X_scRNA-seq,,,,,,,,,,,,,,
34,34,34,kidney,4834STDY7002885,3GEX,10x3'v2,E-MTAB-7407,9 weeks gestation,7_9,Popescue_et_al_2019,kidney,Cross_Organ,,,,F6,3 prime tag,CD45+,CD45+,No,1,,kidney,kidney,Homo sapiens,,4834STDY7002885,,4834STDY7002885,,male,10X_scRNA-seq,,,,,,,,,,,,,,
35,35,35,kidney,4834STDY7002886,3GEX,10x3'v2,E-MTAB-7407,9 weeks gestation,7_9,Popescue_et_al_2019,kidney,Cross_Organ,,,,F6,3 prime tag,CD45-,CD45-,No,1,,kidney,kidney,Homo sapiens,,4834STDY7002886,,4834STDY7002886,,male,10X_scRNA-seq,,,,,,,,,,,,,,
36,36,36,liver,FCAImmP7862084,5GEX,10x5'v1,E-MTAB-11343,7,7,Suo_Dann_et_al_2022,liver,Cross_Organ,,,,F61,5 prime tag,CD45+,,No,1,,liver,liver,Homo sapiens,,FCAImmP7862084,,FCAImmP7862084,,male,10X_scRNA-seq,FCAImmP7862084,LI,CD45P,7.0,5GEX,F61,F61_LI_CD45P_FCAImmP7862084,male,Collagnase,unknown,8451.0,Medical,,WSSS_F_Imm10424054
37,37,37,liver,FCAImmP7862085,5GEX,10x5'v1,E-MTAB-11343,7,7,Suo_Dann_et_al_2022,liver,Cross_Organ,,,,F61,5 prime tag,CD45+,,No,1,,liver,liver,Homo sapiens,,FCAImmP7862085,,FCAImmP7862085,,male,10X_scRNA-seq,FCAImmP7862085,LI,CD45P,7.0,5GEX,F61,F61_LI_CD45P_FCAImmP7862085,male,Collagnase,unknown,7773.0,Medical,,
38,38,38,liver,FCAImmP7862086,5GEX,10x5'v1,E-MTAB-11343,7,7,Suo_Dann_et_al_2022,liver,Cross_Organ,,,,F61,5 prime tag,CD45-,,No,1,,liver,liver,Homo sapiens,,FCAImmP7862086,,FCAImmP7862086,,male,10X_scRNA-seq,FCAImmP7862086,LI,CD45N,7.0,5GEX,F61,F61_LI_CD45N_FCAImmP7862086,male,Collagnase,unknown,8192.0,Medical,,
39,39,39,liver,FCAImmP7862087,5GEX,10x5'v1,E-MTAB-11343,7,7,Suo_Dann_et_al_2022,liver,Cross_Organ,,,,F61,5 prime tag,unsorted,,No,1,,liver,liver,Homo sapiens,,FCAImmP7862087,,FCAImmP7862087,,male,10X_scRNA-seq,FCAImmP7862087,LI,TOT,7.0,5GEX,F61,F61_LI_TOT_FCAImmP7862087,male,Collagnase,unknown,7784.0,Medical,,
40,40,40,liver,FCAImmP7241242,3GEX,10x3'v2,E-MTAB-11343,10,10,Suo_Dann_et_al_2022,liver,Cross_Organ,,,,F19,3 prime tag,CD45+,,No,1,,liver,liver,Homo sapiens,,FCAImmP7241242,,FCAImmP7241242,,female,10X_scRNA-seq,FCAImmP7241242,LI,CD45P,10.0,3GEX,F19,F19_LI_CD45P_FCAImmP7241242,female,Collagnase,Random,1719.0,Surgical,,
41,41,41,liver,FCAImmP7241243,3GEX,10x3'v2,E-MTAB-11343,10,10,Suo_Dann_et_al_2022,liver,Cross_Organ,,,,F19,3 prime tag,CD45-,,No,1,,liver,liver,Homo sapiens,,FCAImmP7241243,,FCAImmP7241243,,female,10X_scRNA-seq,FCAImmP7241243,LI,CD45N,10.0,3GEX,F19,F19_LI_CD45N_FCAImmP7241243,female,Collagnase,Random,147.0,Surgical,,
42,42,42,liver,FCAImmP7198630,3GEX,10x3'v2,E-MTAB-7407,11 weeks gestation,9_11,Popescue_et_al_2019,liver,Cross_Organ,,,,F10,3 prime tag,CD45+,CD45+,No,1,,liver,liver,Homo sapiens,,FCAImmP7198630,,FCAImmP7198630,,male,10X_scRNA-seq,FCAImmP7198630,LI,CD45P,11.0,3GEX,F23,F23_LI_CD45P_FCAImmP7198630,male,Collagnase,Random,3733.0,Medical,,
43,43,43,liver,FCAImmP7198631,3GEX,10x3'v2,E-MTAB-7407,11 weeks gestation,9_11,Popescue_et_al_2019,liver,Cross_Organ,,,,F10,3 prime tag,CD45-,CD45-,No,1,,liver,liver,Homo sapiens,,FCAImmP7198631,,FCAImmP7198631,,male,10X_scRNA-seq,FCAImmP7198631,LI,CD45N,11.0,3GEX,F23,F23_LI_CD45N_FCAImmP7198631,male,Collagnase,Random,4060.0,Medical,,
44,44,44,liver,FCAImmP7579210,3GEX,10x3'v2,E-MTAB-7407,12 weeks gestation,10_12,Popescue_et_al_2019,liver,Cross_Organ,,,,F11,3 prime tag,CD45+,CD45+,No,1,,liver,liver,Homo sapiens,,FCAImmP7579210,,FCAImmP7579210,,female,10X_scRNA-seq,,,,,,,,,,,,,,
45,45,45,liver,FCAImmP7579211,3GEX,10x3'v2,E-MTAB-7407,12 weeks gestation,10_12,Popescue_et_al_2019,liver,Cross_Organ,,,,F11,3 prime tag,CD45-,CD45-,No,1,,liver,liver,Homo sapiens,,FCAImmP7579211,,FCAImmP7579211,,female,10X_scRNA-seq,,,,,,,,,,,,,,
46,46,46,liver,FCAImmP7579222,3GEX,10x3'v2,E-MTAB-7407,12 weeks gestation,10_12,Popescue_et_al_2019,liver,Cross_Organ,,,,F11,3 prime tag,CD45+,CD45+,No,1,,liver,liver,Homo sapiens,,FCAImmP7579222,,FCAImmP7579222,,female,10X_scRNA-seq,FCAImmP7579222,LI,CD45P,12.0,3GEX,F45,F45_LI_CD45P_FCAImmP7579222,female,Collagnase,random,3612.0,Medical,,
47,47,47,liver,FCAImmP7579223,3GEX,10x3'v2,E-MTAB-7407,12 weeks gestation,10_12,Popescue_et_al_2019,liver,Cross_Organ,,,,F11,3 prime tag,CD45-,CD45-,No,1,,liver,liver,Homo sapiens,,FCAImmP7579223,,FCAImmP7579223,,female,10X_scRNA-seq,FCAImmP7579223,LI,CD45N,12.0,3GEX,F45,F45_LI_CD45N_FCAImmP7579223,female,Collagnase,random,3003.0,Medical,,
48,48,48,liver,FCAImmP7579226,5GEX,10x5'v1,E-MTAB-7407,12 weeks gestation,10_12,Popescue_et_al_2019,liver,Cross_Organ,,,,F11,5 prime tag,CD45+,CD45+,No,1,,liver,liver,Homo sapiens,,FCAImmP7579226,,FCAImmP7579226,,female,10X_scRNA-seq,FCAImmP7579226,LI,CD45P,12.0,5GEX,F45,F45_LI_CD45P_FCAImmP7579226,female,Collagnase,Random,8941.0,Medical,FCAImmP7607604,WSSS_F_Imm10424044
49,49,49,liver,FCAImmP7579227,5GEX,10x5'v1,E-MTAB-7407,12 weeks gestation,10_12,Popescue_et_al_2019,liver,Cross_Organ,,,,F11,5 prime tag,CD45-,CD45-,No,1,,liver,liver,Homo sapiens,,FCAImmP7579227,,FCAImmP7579227,,female,10X_scRNA-seq,FCAImmP7579227,LI,CD45N,12.0,5GEX,F45,F45_LI_CD45N_FCAImmP7579227,female,Collagnase,Random,2569.0,Medical,FCAImmP7607605,
50,50,50,liver,FCAImmP7528286,3GEX,10x3'v2,E-MTAB-7407,13 weeks gestation,11_13,Popescue_et_al_2019,liver,Cross_Organ,,,,F12,3 prime tag,CD45+,CD45+,No,1,,liver,liver,Homo sapiens,,FCAImmP7528286,,FCAImmP7528286,,male,10X_scRNA-seq,FCAImmP7528286,LI,CD45P,12.0,3GEX,F38,F38_LI_CD45P_FCAImmP7528286,male,Collagnase,Random,2556.0,Medical,,
51,51,51,liver,FCAImmP7528287,3GEX,10x3'v2,E-MTAB-7407,13 weeks gestation,11_13,Popescue_et_al_2019,liver,Cross_Organ,,,,F12,3 prime tag,CD45+,CD45+,No,1,,liver,liver,Homo sapiens,,FCAImmP7528287,,FCAImmP7528287,,male,10X_scRNA-seq,FCAImmP7528287,LI,CD45P,12.0,3GEX,F38,F38_LI_CD45P_FCAImmP7528287,male,Collagnase,Random,2301.0,Medical,,
52,52,52,liver,FCAImmP7528288,3GEX,10x3'v2,E-MTAB-7407,13 weeks gestation,11_13,Popescue_et_al_2019,liver,Cross_Organ,,,,F12,3 prime tag,CD45-,CD45-,No,1,,liver,liver,Homo sapiens,,FCAImmP7528288,,FCAImmP7528288,,male,10X_scRNA-seq,FCAImmP7528288,LI,CD45N,12.0,3GEX,F38,F38_LI_CD45N_FCAImmP7528288,male,Collagnase,Random,3478.0,Medical,,
53,53,53,liver,FCAImmP7528289,3GEX,10x3'v2,E-MTAB-7407,13 weeks gestation,11_13,Popescue_et_al_2019,liver,Cross_Organ,,,,F12,3 prime tag,CD45-,CD45-,No,1,,liver,liver,Homo sapiens,,FCAImmP7528289,,FCAImmP7528289,,male,10X_scRNA-seq,FCAImmP7528289,LI,CD45N,12.0,3GEX,F38,F38_LI_CD45N_FCAImmP7528289,male,Collagnase,Random,3349.0,Medical,,
54,54,54,liver,FCAImmP7528295,5GEX,10x5'v1,E-MTAB-7407,13 weeks gestation,11_13,Popescue_et_al_2019,liver,Cross_Organ,,,,F12,5 prime tag,5GEX,5GEX,No,1,,liver,liver,Homo sapiens,,FCAImmP7528295,,FCAImmP7528295,,male,10X_scRNA-seq,FCAImmP7528295,LI,CD45P,12.0,5GEX,F38,F38_LI_CD45P_FCAImmP7528295,male,Collagnase,Random,3014.0,Medical,FCAImmP7607591,
55,55,55,liver,FCAImmP7277560,3GEX,10x3'v2,E-MTAB-7407,14 weeks gestation,12_14,Popescue_et_al_2019,liver,Cross_Organ,,,,F13,3 prime tag,CD45+,CD45+,No,1,,liver,liver,Homo sapiens,,FCAImmP7277560,,FCAImmP7277560,,male,10X_scRNA-seq,FCAImmP7277560,LI,CD45P,14.0,3GEX,F30,F30_LI_CD45P_FCAImmP7277560,male,Collagnase,Random,6537.0,Medical,,
56,56,56,liver,FCAImmP7277561,3GEX,10x3'v2,E-MTAB-7407,14 weeks gestation,12_14,Popescue_et_al_2019,liver,Cross_Organ,,,,F13,3 prime tag,CD45-,CD45-,No,1,,liver,liver,Homo sapiens,,FCAImmP7277561,,FCAImmP7277561,,male,10X_scRNA-seq,FCAImmP7277561,LI,CD45N,14.0,3GEX,F30,F30_LI_CD45N_FCAImmP7277561,male,Collagnase,Random,5697.0,Medical,,
57,57,57,liver,FCAImmP7292032,3GEX,10x5'v2,E-MTAB-7407,14 weeks gestation,12_14,Popescue_et_al_2019,liver,Cross_Organ,,,,F13,5 prime tag,Live/dead sorting,Live/dead sorting,No,1,,liver,liver,Homo sapiens,,FCAImmP7292032,,FCAImmP7292032,,male,10X_scRNA-seq,FCAImmP7292032,LI,TOT,14.0,5GEX,F30,F30_LI_TOT_FCAImmP7292032,male,Collagnase,Random,6944.0,Medical,FCAImmP7292940,
58,58,58,liver,FCAImmP7179363,3GEX,10x3'v2,E-MTAB-7407,16 weeks gestation,14_16,Popescue_et_al_2019,liver,Cross_Organ,,,,F14,3 prime tag,CD45+,CD45+,No,1,,liver,liver,Homo sapiens,,FCAImmP7179363,,FCAImmP7179363,,male,10X_scRNA-seq,FCAImmP7179363,LI,CD45P,16.0,3GEX,F21,F21_LI_CD45P_FCAImmP7179363,male,Collagnase,Random,3859.0,Medical,,
59,59,59,liver,FCAImmP7179364,3GEX,10x3'v2,E-MTAB-7407,16 weeks gestation,14_16,Popescue_et_al_2019,liver,Cross_Organ,,,,F14,3 prime tag,CD45-,CD45-,No,1,,liver,liver,Homo sapiens,,FCAImmP7179364,,FCAImmP7179364,,male,10X_scRNA-seq,FCAImmP7179364,LI,CD45N,16.0,3GEX,F21,F21_LI_CD45N_FCAImmP7179364,male,Collagnase,Random,5913.0,Medical,,
60,60,60,liver,FCAImmP7555846,3GEX,10x3'v2,E-MTAB-7407,16 weeks gestation,14_16,Popescue_et_al_2019,liver,Cross_Organ,,,,F15,3 prime tag,CD45+,CD45+,No,1,,liver,liver,Homo sapiens,,FCAImmP7555846,,FCAImmP7555846,,female,10X_scRNA-seq,FCAImmP7555846,LI,CD45P,16.0,3GEX,F41,F41_LI_CD45P_FCAImmP7555846,female,Collagnase,Random,4523.0,Medical,,
61,61,61,liver,FCAImmP7555847,3GEX,10x3'v2,E-MTAB-7407,16 weeks gestation,14_16,Popescue_et_al_2019,liver,Cross_Organ,,,,F15,3 prime tag,CD45-,CD45-,No,1,,liver,liver,Homo sapiens,,FCAImmP7555847,,FCAImmP7555847,,female,10X_scRNA-seq,FCAImmP7555847,LI,CD45N,16.0,3GEX,F41,F41_LI_CD45N_FCAImmP7555847,female,Collagnase,Random,5476.0,Medical,,
62,62,62,liver,FCAImmP7555856,5GEX,10x5'v1,E-MTAB-7407,16 weeks gestation,14_16,Popescue_et_al_2019,liver,Cross_Organ,,,,F15,5 prime tag,CD45+,CD45+,No,1,,liver,liver,Homo sapiens,,FCAImmP7555856,,FCAImmP7555856,,female,10X_scRNA-seq,FCAImmP7555856,LI,CD45P,16.0,5GEX,F41,F41_LI_CD45P_FCAImmP7555856,female,Collagnase,Random,4205.0,Medical,FCAImmP7607595,WSSS_F_Imm10424040
63,63,63,liver,FCAImmP7555857,5GEX,10x5'v1,E-MTAB-7407,16 weeks gestation,14_16,Popescue_et_al_2019,liver,Cross_Organ,,,,F15,5 prime tag,CD45-,CD45-,No,1,,liver,liver,Homo sapiens,,FCAImmP7555857,,FCAImmP7555857,,female,10X_scRNA-seq,FCAImmP7555857,LI,CD45N,16.0,5GEX,F41,F41_LI_CD45N_FCAImmP7555857,female,Collagnase,Random,4934.0,Medical,FCAImmP7607596,
64,64,64,liver,FCAImmP7277552,3GEX,10x3'v2,E-MTAB-7407,17 weeks gestation,15_17,Popescue_et_al_2019,liver,Cross_Organ,,,,F16,3 prime tag,CD45+,CD45+,No,1,,liver,liver,Homo sapiens,,FCAImmP7277552,,FCAImmP7277552,,female,10X_scRNA-seq,FCAImmP7277552,LI,CD45P,17.0,3GEX,F29,F29_LI_CD45P_FCAImmP7277552,female,Collagnase,Random,3176.0,Medical,,
65,65,65,liver,FCAImmP7277553,3GEX,10x3'v2,E-MTAB-7407,17 weeks gestation,15_17,Popescue_et_al_2019,liver,Cross_Organ,,,,F16,3 prime tag,CD45-,CD45-,No,1,,liver,liver,Homo sapiens,,FCAImmP7277553,,FCAImmP7277553,,female,10X_scRNA-seq,FCAImmP7277553,LI,CD45N,17.0,3GEX,F29,F29_LI_CD45N_FCAImmP7277553,female,Collagnase,Random,4740.0,Medical,,
66,66,66,liver,FCAImmP7292028,3GEX,10x5'v2,E-MTAB-7407,17 weeks gestation,15_17,Popescue_et_al_2019,liver,Cross_Organ,,,,F16,5 prime tag,Live/dead sorting,Live/dead sorting,No,1,,liver,liver,Homo sapiens,,FCAImmP7292028,,FCAImmP7292028,,female,10X_scRNA-seq,FCAImmP7292028,LI,TOT,17.0,5GEX,F29,F29_LI_TOT_FCAImmP7292028,female,Collagnase,Random,2728.0,Medical,FCAImmP7292941,WSSS_F_Imm10424056
67,67,67,liver,FCAImmP7316894,3GEX,10x3'v2,E-MTAB-7407,7 weeks gestation,5_7,Popescue_et_al_2019,liver,Cross_Organ,,,,F2,3 prime tag,CD45+,CD45+,No,1,,liver,liver,Homo sapiens,,FCAImmP7316894,,FCAImmP7316894,,female,10X_scRNA-seq,FCAImmP7316894,LI,CD45P,7.0,3GEX,F32,F32_LI_CD45P_FCAImmP7316894,female,Collagnase,Random,4399.0,Medical,,
68,68,68,liver,FCAImmP7316895,3GEX,10x3'v2,E-MTAB-7407,7 weeks gestation,5_7,Popescue_et_al_2019,liver,Cross_Organ,,,,F2,3 prime tag,CD45-,CD45-,No,1,,liver,liver,Homo sapiens,,FCAImmP7316895,,FCAImmP7316895,,female,10X_scRNA-seq,FCAImmP7316895,LI,CD45N,7.0,3GEX,F32,F32_LI_CD45N_FCAImmP7316895,female,Collagnase,Random,4575.0,Medical,,
69,69,69,liver,FCAImmP7316901,3GEX,10x3'v2,E-MTAB-7407,7 weeks gestation,5_7,Popescue_et_al_2019,liver,Cross_Organ,,,,F2,5 prime tag,CD45+,CD45+,No,1,,liver,liver,Homo sapiens,,FCAImmP7316901,,FCAImmP7316901,,female,10X_scRNA-seq,FCAImmP7316901,LI,CD45P,7.0,5GEX,F32,F32_LI_CD45P_FCAImmP7316901,female,Collagnase,Random,4060.0,Medical,FCAImmP7607589,
70,70,70,liver,FCAImmP7462237,3GEX,10x3'v2,E-MTAB-7407,7 weeks gestation,5_7,Popescue_et_al_2019,liver,Cross_Organ,,,,F3,3 prime tag,CD45+,CD45+,No,1,,liver,liver,Homo sapiens,,FCAImmP7462237,,FCAImmP7462237,,female,10X_scRNA-seq,,,,,,,,,,,,,,
71,71,71,liver,FCAImmP7462238,3GEX,10x3'v2,E-MTAB-7407,7 weeks gestation,5_7,Popescue_et_al_2019,liver,Cross_Organ,,,,F3,3 prime tag,CD45+,CD45+,No,1,,liver,liver,Homo sapiens,,FCAImmP7462238,,FCAImmP7462238,,female,10X_scRNA-seq,FCAImmP7462238,LI,CD45P,7.0,3GEX,F35,F35_LI_CD45P_FCAImmP7462238,female,Collagnase,Random,3090.0,Medical,,
72,72,72,liver,FCAImmP7462239,3GEX,10x3'v2,E-MTAB-7407,7 weeks gestation,5_7,Popescue_et_al_2019,liver,Cross_Organ,,,,F3,3 prime tag,CD45-,CD45-,No,1,,liver,liver,Homo sapiens,,FCAImmP7462239,,FCAImmP7462239,,female,10X_scRNA-seq,FCAImmP7462239,LI,CD45N,7.0,3GEX,F35,F35_LI_CD45N_FCAImmP7462239,female,Collagnase,Random,4309.0,Medical,,
73,73,73,liver,4834STDY7002877,3GEX,10x3'v2,E-MTAB-7407,8 weeks gestation,6_8,Popescue_et_al_2019,liver,Cross_Organ,,,,F4,3 prime tag,CD45+,CD45+,No,1,,liver,liver,Homo sapiens,,4834STDY7002877,,4834STDY7002877,,male,10X_scRNA-seq,,,,,,,,,,,,,,
74,74,74,liver,4834STDY7002878,3GEX,10x3'v2,E-MTAB-7407,8 weeks gestation,6_8,Popescue_et_al_2019,liver,Cross_Organ,,,,F4,3 prime tag,CD45-,CD45-,No,1,,liver,liver,Homo sapiens,,4834STDY7002878,,4834STDY7002878,,male,10X_scRNA-seq,,,,,,,,,,,,,,
75,75,75,liver,FCAImmP7352192,3GEX,10x3'v2,E-MTAB-7407,8 weeks gestation,6_8,Popescue_et_al_2019,liver,Cross_Organ,,,,F5,3 prime tag,CD45+,CD45+,No,1,,liver,liver,Homo sapiens,,FCAImmP7352192,,FCAImmP7352192,,female,10X_scRNA-seq,FCAImmP7352192,LI,CD45P,8.0,3GEX,F34,F34_LI_CD45P_FCAImmP7352192,female,Collagnase,Random,5365.0,Medical,,
76,76,76,liver,FCAImmP7352193,3GEX,10x3'v2,E-MTAB-7407,8 weeks gestation,6_8,Popescue_et_al_2019,liver,Cross_Organ,,,,F5,3 prime tag,CD45-,CD45-,No,1,,liver,liver,Homo sapiens,,FCAImmP7352193,,FCAImmP7352193,,female,10X_scRNA-seq,FCAImmP7352193,LI,CD45P,8.0,3GEX,F34,F34_LI_CD45P_FCAImmP7352193,female,Collagnase,Random,5770.0,Medical,,
77,77,77,liver,FCAImmP7352194,3GEX,10x3'v2,E-MTAB-7407,8 weeks gestation,6_8,Popescue_et_al_2019,liver,Cross_Organ,,,,F5,3 prime tag,CD45-,CD45-,No,1,,liver,liver,Homo sapiens,,FCAImmP7352194,,FCAImmP7352194,,female,10X_scRNA-seq,FCAImmP7352194,LI,CD45N,8.0,3GEX,F34,F34_LI_CD45N_FCAImmP7352194,female,Collagnase,Random,4907.0,Medical,,
78,78,78,liver,FCAImmP7352195,3GEX,10x3'v2,E-MTAB-7407,8 weeks gestation,6_8,Popescue_et_al_2019,liver,Cross_Organ,,,,F5,3 prime tag,CD45-,CD45-,No,1,,liver,liver,Homo sapiens,,FCAImmP7352195,,FCAImmP7352195,,female,10X_scRNA-seq,FCAImmP7352195,LI,CD45N,8.0,3GEX,F34,F34_LI_CD45N_FCAImmP7352195,female,Collagnase,Random,5093.0,Medical,,
79,79,79,liver,FCAImmP7352196,5GEX,10x5'v1,E-MTAB-7407,8 weeks gestation,6_8,Popescue_et_al_2019,liver,Cross_Organ,,,,F5,5 prime tag,CD45+,CD45+,No,1,,liver,liver,Homo sapiens,,FCAImmP7352196,,FCAImmP7352196,,female,10X_scRNA-seq,FCAImmP7352196,LI,CD45P,8.0,5GEX,F34,F34_LI_CD45P_FCAImmP7352196,female,Collagnase,Random,5145.0,Medical,FCAImmP7607590,
80,80,80,liver,4834STDY7002882,3GEX,10x3'v2,E-MTAB-7407,9 weeks gestation,7_9,Popescue_et_al_2019,liver,Cross_Organ,,,,F6,3 prime tag,Live/dead sorting,Live/dead sorting,No,1,,liver,liver,Homo sapiens,,4834STDY7002882,,4834STDY7002882,,male,10X_scRNA-seq,,,,,,,,,,,,,,
81,81,81,liver,4834STDY7038750,3GEX,10x3'v2,E-MTAB-7407,9 weeks gestation,7_9,Popescue_et_al_2019,liver,Cross_Organ,,,,F6,3 prime tag,CD45+,CD45+,No,1,,liver,liver,Homo sapiens,,4834STDY7038750,,4834STDY7038750,,male,10X_scRNA-seq,,,,,,,,,,,,,,
82,82,82,liver,4834STDY7038751,3GEX,10x3'v2,E-MTAB-7407,9 weeks gestation,7_9,Popescue_et_al_2019,liver,Cross_Organ,,,,F6,3 prime tag,CD45-,CD45-,No,1,,liver,liver,Homo sapiens,,4834STDY7038751,,4834STDY7038751,,male,10X_scRNA-seq,,,,,,,,,,,,,,
83,83,83,liver,FCAImmP7198434,3GEX,10x3'v2,E-MTAB-7407,9 weeks gestation,7_9,Popescue_et_al_2019,liver,Cross_Organ,,,,F7,3 prime tag,Live/dead sorting,Live/dead sorting,No,1,,liver,liver,Homo sapiens,,FCAImmP7198434,,FCAImmP7198434,,female,10X_scRNA-seq,FCAImmP7198434,LI,TOT,9.0,3GEX,F22,F22_LI_TOT_FCAImmP7198434,female,Collagnase,Random,7577.0,Medical,,
84,84,84,liver,FCAImmP7198628,3GEX,10x3'v2,E-MTAB-7407,9 weeks gestation,7_9,Popescue_et_al_2019,liver,Cross_Organ,,,,F7,3 prime tag,CD45+,CD45+,No,1,,liver,liver,Homo sapiens,,FCAImmP7198628,,FCAImmP7198628,,female,10X_scRNA-seq,FCAImmP7198628,LI,CD45P,9.0,3GEX,F22,F22_LI_CD45P_FCAImmP7198628,female,Collagnase,Random,3050.0,Medical,,
85,85,85,liver,FCAImmP7198629,3GEX,10x3'v2,E-MTAB-7407,9 weeks gestation,7_9,Popescue_et_al_2019,liver,Cross_Organ,,,,F7,3 prime tag,CD45-,CD45-,No,1,,liver,liver,Homo sapiens,,FCAImmP7198629,,FCAImmP7198629,,female,10X_scRNA-seq,FCAImmP7198629,LI,CD45N,9.0,3GEX,F22,F22_LI_CD45N_FCAImmP7198629,female,Collagnase,Random,4871.0,Medical,,
86,86,86,liver,FCAImmP7316889,3GEX,10x3'v2,E-MTAB-7407,9 weeks gestation,7_9,Popescue_et_al_2019,liver,Cross_Organ,,,,F8,3 prime tag,CD45+,CD45+,No,1,,liver,liver,Homo sapiens,,FCAImmP7316889,,FCAImmP7316889,,female,10X_scRNA-seq,FCAImmP7316889,LI,CD45P,9.0,3GEX,F33,F33_LI_CD45P_FCAImmP7316889,female,Collagnase,Random,4903.0,Medical,,
87,87,87,liver,FCAImmP7316890,3GEX,10x3'v2,E-MTAB-7407,9 weeks gestation,7_9,Popescue_et_al_2019,liver,Cross_Organ,,,,F8,3 prime tag,CD45+,CD45+,No,1,,liver,liver,Homo sapiens,,FCAImmP7316890,,FCAImmP7316890,,female,10X_scRNA-seq,FCAImmP7316890,LI,CD45P,9.0,3GEX,F33,F33_LI_CD45P_FCAImmP7316890,female,Collagnase,Random,5295.0,Medical,,
88,88,88,liver,FCAImmP7316891,3GEX,10x3'v2,E-MTAB-7407,9 weeks gestation,7_9,Popescue_et_al_2019,liver,Cross_Organ,,,,F8,3 prime tag,CD45+,CD45+,No,1,,liver,liver,Homo sapiens,,FCAImmP7316891,,FCAImmP7316891,,female,10X_scRNA-seq,FCAImmP7316891,LI,CD45P,9.0,3GEX,F33,F33_LI_CD45P_FCAImmP7316891,female,Collagnase,Random,5125.0,Medical,,
89,89,89,liver,FCAImmP7316892,3GEX,10x3'v2,E-MTAB-7407,9 weeks gestation,7_9,Popescue_et_al_2019,liver,Cross_Organ,,,,F8,3 prime tag,CD45-,CD45-,No,1,,liver,liver,Homo sapiens,,FCAImmP7316892,,FCAImmP7316892,,female,10X_scRNA-seq,FCAImmP7316892,LI,CD45N,9.0,3GEX,F33,F33_LI_CD45N_FCAImmP7316892,female,Collagnase,Random,5194.0,Medical,,
90,90,90,liver,FCAImmP7316893,3GEX,10x3'v2,E-MTAB-7407,9 weeks gestation,7_9,Popescue_et_al_2019,liver,Cross_Organ,,,,F8,3 prime tag,CD45-,CD45-,No,1,,liver,liver,Homo sapiens,,FCAImmP7316893,,FCAImmP7316893,,female,10X_scRNA-seq,FCAImmP7316893,LI,CD45N,9.0,3GEX,F33,F33_LI_CD45N_FCAImmP7316893,female,Collagnase,Random,5169.0,Medical,,
91,91,91,skin,FCAImmP7862095,5GEX,10x5'v1,E-MTAB-13071,7,7,Gopee_et_at_2024,skin,Cross_Organ,,,group 1,F61,5 prime tag,CD45-,,No,1,,skin,skin,Homo sapiens,,FCAImmP7862095,,FCAImmP7862095,,male,10X_scRNA-seq,,,,,,,,,,,,,,
92,92,92,skin,FCAImmP7862094,5GEX,10x5'v1,E-MTAB-11343,7,7,Suo_Dann_et_al_2022,skin,Cross_Organ,,,,F61,5 prime tag,CD45+,,No,1,,skin,skin,Homo sapiens,,FCAImmP7862094,,FCAImmP7862094,,male,10X_scRNA-seq,FCAImmP7862094,SK,CD45P,7.0,5GEX,F61,F61_SK_CD45P_FCAImmP7862094,male,Collagnase,unknown,2665.0,Medical,,
93,93,93,skin,FCAImmP7862096,5GEX,10x5'v1,E-MTAB-11343,7,7,Suo_Dann_et_al_2022,skin,Cross_Organ,,,,F61,5 prime tag,CD45-,,No,1,,skin,skin,Homo sapiens,,FCAImmP7862096,,FCAImmP7862096,,male,10X_scRNA-seq,FCAImmP7862096,SK,CD45N,7.0,5GEX,F61,F61_SK_CD45N_FCAImmP7862096,male,Collagnase,unknown,7389.0,Medical,,
94,94,94,skin,FCAImmP7964502,5GEX,10x5'v1,E-MTAB-11343,11,11,Suo_Dann_et_al_2022,skin,Cross_Organ,,,,F69,5 prime tag,CD45+,,No,1,,skin,skin,Homo sapiens,,FCAImmP7964502,,FCAImmP7964502,,female,10X_scRNA-seq,FCAImmP7964502,SK,CD45P,11.0,5GEX,F69,F69_SK_CD45P_FCAImmP7964502,female,Collagnase,unknown,889.0,Medical,FCAImmP7964494,
95,95,95,skin,FCAImmP7964503,5GEX,10x5'v1,E-MTAB-11343,11,11,Suo_Dann_et_al_2022,skin,Cross_Organ,,,,F69,5 prime tag,CD45-,,No,1,,skin,skin,Homo sapiens,,FCAImmP7964503,,FCAImmP7964503,,female,10X_scRNA-seq,FCAImmP7964503,SK,CD45N,11.0,5GEX,F69,F69_SK_CD45N_FCAImmP7964503,female,Collagnase,unknown,7033.0,Medical,,
96,96,96,skin,FCAImmP7964504,5GEX,10x5'v1,E-MTAB-11343,11,11,Suo_Dann_et_al_2022,skin,Cross_Organ,,,,F69,5 prime tag,CD45-,,No,1,,skin,skin,Homo sapiens,,FCAImmP7964504,,FCAImmP7964504,,female,10X_scRNA-seq,FCAImmP7964504,SK,CD45N,11.0,5GEX,F69,F69_SK_CD45N_FCAImmP7964504,female,Collagnase,unknown,6457.0,Medical,,
97,97,97,skin,FCAImmP7964505,5GEX,10x5'v1,E-MTAB-11343,11,11,Suo_Dann_et_al_2022,skin,Cross_Organ,,,,F69,5 prime tag,CD45-,,No,1,,skin,skin,Homo sapiens,,FCAImmP7964505,,FCAImmP7964505,,female,10X_scRNA-seq,FCAImmP7964505,SK,CD45N,11.0,5GEX,F69,F69_SK_CD45EN_FCAImmP7964505,female,Collagnase,unknown,3207.0,Medical,,
98,98,98,skin,FCAImmP7528290,3GEX,10x3'v2,E-MTAB-11343,12,12,Suo_Dann_et_al_2022,skin,Cross_Organ,,,,F38,3 prime tag,CD45+,,No,1,,skin,skin,Homo sapiens,,FCAImmP7528290,,FCAImmP7528290,,male,10X_scRNA-seq,FCAImmP7528290,SK,CD45P,12.0,3GEX,F38,F38_SK_CD45P_FCAImmP7528290,male,Collagnase,Random,3366.0,Medical,,
99,99,99,skin,FCAImmP7528291,3GEX,10x3'v2,E-MTAB-11343,12,12,Suo_Dann_et_al_2022,skin,Cross_Organ,,,,F38,3 prime tag,CD45-,,No,1,,skin,skin,Homo sapiens,,FCAImmP7528291,,FCAImmP7528291,,male,10X_scRNA-seq,FCAImmP7528291,SK,CD45N,12.0,3GEX,F38,F38_SK_CD45N_FCAImmP7528291,male,Collagnase,Random,4831.0,Medical,,
100,100,100,skin,FCAImmP7528296,5GEX,10x5'v1,E-MTAB-11343,12,12,Suo_Dann_et_al_2022,skin,Cross_Organ,,,,F38,5 prime tag,CD45+,,No,1,,skin,skin,Homo sapiens,,FCAImmP7528296,,FCAImmP7528296,,male,10X_scRNA-seq,FCAImmP7528296,SK,CD45P,12.0,5GEX,F38,F38_SK_CD45P_FCAImmP7528296,male,Collagnase,Random,3345.0,Medical,FCAImmP7607593,
101,101,101,skin,FCAImmP7579212,3GEX,10x3'v2,E-MTAB-11343,12,12,Suo_Dann_et_al_2022,skin,Cross_Organ,,,,F45,3 prime tag,unsorted,,No,1,,skin,skin,Homo sapiens,,FCAImmP7579212,,FCAImmP7579212,,female,10X_scRNA-seq,FCAImmP7579212,SK,CD45P,12.0,3GEX,F45,F45_SK_CD45P_FCAImmP7579212,female,Collagnase,random,2232.0,Medical,,
102,102,102,skin,FCAImmP7579213,3GEX,10x3'v2,E-MTAB-11343,12,12,Suo_Dann_et_al_2022,skin,Cross_Organ,,,,F45,3 prime tag,CD45+,,No,1,,skin,skin,Homo sapiens,,FCAImmP7579213,,FCAImmP7579213,,female,10X_scRNA-seq,FCAImmP7579213,SK,CD45N,12.0,3GEX,F45,F45_SK_CD45N_FCAImmP7579213,female,Collagnase,random,3867.0,Medical,,
103,103,103,skin,FCAImmP7579224,5GEX,10x5'v1,E-MTAB-11343,12,12,Suo_Dann_et_al_2022,skin,Cross_Organ,,,,F45,5 prime tag,CD45+,,No,1,,skin,skin,Homo sapiens,,FCAImmP7579224,,FCAImmP7579224,,female,10X_scRNA-seq,FCAImmP7579224,SK,CD45P,12.0,5GEX,F45,F45_SK_CD45P_FCAImmP7579224,female,Collagnase,Random,1984.0,Medical,FCAImmP7607602,WSSS_F_Imm10424058
104,104,104,skin,HCA_rFSKI14539490,5GEX,10x5'v1,E-MTAB-13071,14,14,Gopee_et_at_2024,skin,Cross_Organ,,,group 2,F221,5 prime tag,CD45P,,No,1,,skin,skin,Homo sapiens,,HCA_rFSKI14539490,,HCA_rFSKI14539490,,female,10X_scRNA-seq,,,,,,,,,,,,,,
105,105,105,skin,HCA_rFSKI14539491,5GEX,10x5'v1,E-MTAB-13071,14,14,Gopee_et_at_2024,skin,Cross_Organ,,,group 3,F221,5 prime tag,CD45NCD34N,,No,1,,skin,skin,Homo sapiens,,HCA_rFSKI14539491,,HCA_rFSKI14539491,,female,10X_scRNA-seq,,,,,,,,,,,,,,
106,106,106,skin,HCA_rFSKI14539492,5GEX,10x5'v1,E-MTAB-13071,14,14,Gopee_et_at_2024,skin,Cross_Organ,,,group 4,F221,5 prime tag,CD45NCD34N,,No,1,,skin,skin,Homo sapiens,,HCA_rFSKI14539492,,HCA_rFSKI14539492,,female,10X_scRNA-seq,,,,,,,,,,,,,,
107,107,107,skin,HCA_rFSKI14539493,5GEX,10x5'v1,E-MTAB-13071,14,14,Gopee_et_at_2024,skin,Cross_Organ,,,group 5,F221,5 prime tag,CD45NCD34P,,No,1,,skin,skin,Homo sapiens,,HCA_rFSKI14539493,,HCA_rFSKI14539493,,female,10X_scRNA-seq,,,,,,,,,,,,,,
108,108,108,skin,HCA_rFSKI14539494,5GEX,10x5'v1,E-MTAB-13071,14,14,Gopee_et_at_2024,skin,Cross_Organ,,,group 6,F221,5 prime tag,CD45P,,No,1,,skin,skin,Homo sapiens,,HCA_rFSKI14539494,,HCA_rFSKI14539494,,female,10X_scRNA-seq,,,,,,,,,,,,,,
109,109,109,skin,HCA_rFSKI14539495,5GEX,10x5'v1,E-MTAB-13071,14,14,Gopee_et_at_2024,skin,Cross_Organ,,,group 7,F221,5 prime tag,CD45NCD34N,,No,1,,skin,skin,Homo sapiens,,HCA_rFSKI14539495,,HCA_rFSKI14539495,,female,10X_scRNA-seq,,,,,,,,,,,,,,
110,110,110,skin,HCA_rFSKI14539496,5GEX,10x5'v1,E-MTAB-13071,14,14,Gopee_et_at_2024,skin,Cross_Organ,,,group 8,F221,5 prime tag,CD45NCD34N,,No,1,,skin,skin,Homo sapiens,,HCA_rFSKI14539496,,HCA_rFSKI14539496,,female,10X_scRNA-seq,,,,,,,,,,,,,,
111,111,111,skin,HCA_rFSKI14539497,5GEX,10x5'v1,E-MTAB-13071,14,14,Gopee_et_at_2024,skin,Cross_Organ,,,group 9,F221,5 prime tag,CD45NCD34P,,No,1,,skin,skin,Homo sapiens,,HCA_rFSKI14539497,,HCA_rFSKI14539497,,female,10X_scRNA-seq,,,,,,,,,,,,,,
112,112,112,skin,HCA_rFSKI14539498,5GEX,10x5'v1,E-MTAB-13071,14,14,Gopee_et_at_2024,skin,Cross_Organ,,,group 10,F221,5 prime tag,CD45P,,No,1,,skin,skin,Homo sapiens,,HCA_rFSKI14539498,,HCA_rFSKI14539498,,female,10X_scRNA-seq,,,,,,,,,,,,,,
113,113,113,skin,HCA_rFSKI14539499,5GEX,10x5'v1,E-MTAB-13071,14,14,Gopee_et_at_2024,skin,Cross_Organ,,,group 11,F221,5 prime tag,CD45NCD34N,,No,1,,skin,skin,Homo sapiens,,HCA_rFSKI14539499,,HCA_rFSKI14539499,,female,10X_scRNA-seq,,,,,,,,,,,,,,
114,114,114,skin,HCA_rFSKI14539500,5GEX,10x5'v1,E-MTAB-13071,14,14,Gopee_et_at_2024,skin,Cross_Organ,,,group 12,F221,5 prime tag,CD45NCD34N,,No,1,,skin,skin,Homo sapiens,,HCA_rFSKI14539500,,HCA_rFSKI14539500,,female,10X_scRNA-seq,,,,,,,,,,,,,,
115,115,115,skin,HCA_rFSKI14539501,5GEX,10x5'v1,E-MTAB-13071,14,14,Gopee_et_at_2024,skin,Cross_Organ,,,group 13,F221,5 prime tag,CD45NCD34P,,No,1,,skin,skin,Homo sapiens,,HCA_rFSKI14539501,,HCA_rFSKI14539501,,female,10X_scRNA-seq,,,,,,,,,,,,,,
116,116,116,skin,FCAImmP7803034,5GEX,10x5'v1,E-MTAB-11343,14,14,Suo_Dann_et_al_2022,skin,Cross_Organ,,,,F51,5 prime tag,CD45+,,No,1,,skin,skin,Homo sapiens,,FCAImmP7803034,,FCAImmP7803034,,female,10X_scRNA-seq,FCAImmP7803034,SK,CD45P,14.0,5GEX,F51,F51_SK_CD45P_FCAImmP7803034,female,Collagnase,unknown,6900.0,Medical,FCAImmP7812656,WSSS_F_Imm10424051
117,117,117,skin,FCAImmP7803035,5GEX,10x5'v1,E-MTAB-11343,14,14,Suo_Dann_et_al_2022,skin,Cross_Organ,,,,F51,5 prime tag,CD45+,,No,1,,skin,skin,Homo sapiens,,FCAImmP7803035,,FCAImmP7803035,,female,10X_scRNA-seq,FCAImmP7803035,SK,CD45P,14.0,5GEX,F51,F51_SK_CD45P_FCAImmP7803035,female,Collagnase,unknown,6204.0,Medical,FCAImmP7812657,
118,118,118,skin,FCAImmP7803042,5GEX,10x5'v1,E-MTAB-11343,14,14,Suo_Dann_et_al_2022,skin,Cross_Organ,,,,F51,5 prime tag,CD45-,,No,1,,skin,skin,Homo sapiens,,FCAImmP7803042,,FCAImmP7803042,,female,10X_scRNA-seq,FCAImmP7803042,SK,CD45N,14.0,5GEX,F51,F51_SK_CD45N_FCAImmP7803042,female,Collagnase,unknown,7566.0,Medical,,
119,119,119,skin,FCAImmP7803043,5GEX,10x5'v1,E-MTAB-11343,14,14,Suo_Dann_et_al_2022,skin,Cross_Organ,,,,F51,5 prime tag,CD45-,,No,1,,skin,skin,Homo sapiens,,FCAImmP7803043,,FCAImmP7803043,,female,10X_scRNA-seq,FCAImmP7803043,SK,CD45N,14.0,5GEX,F51,F51_SK_CD45N_FCAImmP7803043,female,Collagnase,unknown,6494.0,Medical,,
120,120,120,skin,FCAImmP7964506,5GEX,10x5'v1,E-MTAB-11343,14,14,Suo_Dann_et_al_2022,skin,Cross_Organ,,,,F71,5 prime tag,CD45+,,No,1,,skin,skin,Homo sapiens,,FCAImmP7964506,,FCAImmP7964506,,female,10X_scRNA-seq,FCAImmP7964506,SK,CD45P,14.0,5GEX,F71,F71_SK_CD45P_FCAImmP7964506,female,Collagnase,unknown,3557.0,Medical,FCAImmP7964497,WSSS_F_Imm10424055
121,121,121,skin,FCAImmP7964507,5GEX,10x5'v1,E-MTAB-11343,14,14,Suo_Dann_et_al_2022,skin,Cross_Organ,,,,F71,5 prime tag,CD45+,,No,1,,skin,skin,Homo sapiens,,FCAImmP7964507,,FCAImmP7964507,,female,10X_scRNA-seq,FCAImmP7964507,SK,CD45P,14.0,5GEX,F71,F71_SK_CD45P_FCAImmP7964507,female,Collagnase,unknown,2952.0,Medical,FCAImmP7964498,
122,122,122,skin,FCAImmP7964508,5GEX,10x5'v1,E-MTAB-11343,14,14,Suo_Dann_et_al_2022,skin,Cross_Organ,,,,F71,5 prime tag,CD45-,,No,1,,skin,skin,Homo sapiens,,FCAImmP7964508,,FCAImmP7964508,,female,10X_scRNA-seq,FCAImmP7964508,SK,CD45N,14.0,5GEX,F71,F71_SK_CD45N_FCAImmP7964508,female,Collagnase,unknown,7458.0,Medical,,
123,123,123,skin,FCAImmP7964509,5GEX,10x5'v1,E-MTAB-11343,14,14,Suo_Dann_et_al_2022,skin,Cross_Organ,,,,F71,5 prime tag,CD45-,,No,1,,skin,skin,Homo sapiens,,FCAImmP7964509,,FCAImmP7964509,,female,10X_scRNA-seq,FCAImmP7964509,SK,CD45N,14.0,5GEX,F71,F71_SK_CD45N_FCAImmP7964509,female,Collagnase,unknown,7259.0,Medical,,
124,124,124,skin,FCAImmP7964510,5GEX,10x5'v1,E-MTAB-11343,14,14,Suo_Dann_et_al_2022,skin,Cross_Organ,,,,F71,5 prime tag,CD45-,,No,1,,skin,skin,Homo sapiens,,FCAImmP7964510,,FCAImmP7964510,,female,10X_scRNA-seq,FCAImmP7964510,SK,CD45N,14.0,5GEX,F71,F71_SK_CD45EN_FCAImmP7964510,female,Collagnase,unknown,6235.0,Medical,,
125,125,125,skin,FCAImmP7803024,5GEX,10x5'v1,E-MTAB-11343,15,15,Suo_Dann_et_al_2022,skin,Cross_Organ,,,,F50,5 prime tag,CD45+,,No,1,,skin,skin,Homo sapiens,,FCAImmP7803024,,FCAImmP7803024,,female,10X_scRNA-seq,FCAImmP7803024,SK,CD45P,15.0,5GEX,F50,F50_SK_CD45P_FCAImmP7803024,female,Collagnase,unknown,3429.0,Medical,FCAImmP7812645,
126,126,126,skin,FCAImmP7803025,5GEX,10x5'v1,E-MTAB-11343,15,15,Suo_Dann_et_al_2022,skin,Cross_Organ,,,,F50,5 prime tag,CD45+,,No,1,,skin,skin,Homo sapiens,,FCAImmP7803025,,FCAImmP7803025,,female,10X_scRNA-seq,FCAImmP7803025,SK,CD45P,15.0,5GEX,F50,F50_SK_CD45P_FCAImmP7803025,female,Collagnase,unknown,4504.0,Medical,FCAImmP7812646,WSSS_F_Imm10424061
127,127,127,skin,FCAImmP7803026,5GEX,10x5'v1,E-MTAB-11343,15,15,Suo_Dann_et_al_2022,skin,Cross_Organ,,,,F50,5 prime tag,CD45-,,No,1,,skin,skin,Homo sapiens,,FCAImmP7803026,,FCAImmP7803026,,female,10X_scRNA-seq,FCAImmP7803026,SK,CD45N,15.0,5GEX,F50,F50_SK_CD45N_FCAImmP7803026,female,Collagnase,unknown,6127.0,Medical,,
128,128,128,skin,FCAImmP7803027,5GEX,10x5'v1,E-MTAB-11343,15,15,Suo_Dann_et_al_2022,skin,Cross_Organ,,,,F50,5 prime tag,CD45-,,No,1,,skin,skin,Homo sapiens,,FCAImmP7803027,,FCAImmP7803027,,female,10X_scRNA-seq,FCAImmP7803027,SK,CD45N,15.0,5GEX,F50,F50_SK_CD45N_FCAImmP7803027,female,Collagnase,unknown,5772.0,Medical,,
129,129,129,skin,FCAImmP7555848,3GEX,10x3'v2,E-MTAB-11343,16,16,Suo_Dann_et_al_2022,skin,Cross_Organ,,,,F41,3 prime tag,CD45-,,No,1,,skin,skin,Homo sapiens,,FCAImmP7555848,,FCAImmP7555848,,female,10X_scRNA-seq,FCAImmP7555848,SK,CD45N,16.0,3GEX,F41,F41_SK_CD45N_FCAImmP7555848,female,Collagnase,Random,3306.0,Medical,,
130,130,130,skin,FCAImmP7555858,5GEX,10x5'v1,E-MTAB-11343,16,16,Suo_Dann_et_al_2022,skin,Cross_Organ,,,,F41,5 prime tag,CD45-,,No,1,,skin,skin,Homo sapiens,,FCAImmP7555858,,FCAImmP7555858,,female,10X_scRNA-seq,FCAImmP7555858,SK,CD45P,16.0,5GEX,F41,F41_SK_CD45P_FCAImmP7555858,female,Collagnase,Random,506.0,Medical,FCAImmP7607597,WSSS_F_Imm10424041
131,131,131,skin,HCA_rFSKI14449635,5GEX,10x5'v1,E-MTAB-13071,17,17,Gopee_et_at_2024,skin,Cross_Organ,,,,F220,5 prime tag,CD45P,,No,1,,skin,skin,Homo sapiens,,HCA_rFSKI14449635,,HCA_rFSKI14449635,,female,10X_scRNA-seq,,,,,,,,,,,,,,
132,132,132,skin,HCA_rFSKI14449636,5GEX,10x5'v1,E-MTAB-13071,17,17,Gopee_et_at_2024,skin,Cross_Organ,,,,F220,5 prime tag,CD45NCD34N,,No,1,,skin,skin,Homo sapiens,,HCA_rFSKI14449636,,HCA_rFSKI14449636,,female,10X_scRNA-seq,,,,,,,,,,,,,,
133,133,133,skin,HCA_rFSKI14449637,5GEX,10x5'v1,E-MTAB-13071,17,17,Gopee_et_at_2024,skin,Cross_Organ,,,,F220,5 prime tag,CD45NCD34N,,No,1,,skin,skin,Homo sapiens,,HCA_rFSKI14449637,,HCA_rFSKI14449637,,female,10X_scRNA-seq,,,,,,,,,,,,,,
134,134,134,skin,HCA_rFSKI14449638,5GEX,10x5'v1,E-MTAB-13071,17,17,Gopee_et_at_2024,skin,Cross_Organ,,,,F220,5 prime tag,CD45NCD34P,,No,1,,skin,skin,Homo sapiens,,HCA_rFSKI14449638,,HCA_rFSKI14449638,,female,10X_scRNA-seq,,,,,,,,,,,,,,
135,135,135,skin,HCA_rFSKI14449639,5GEX,10x5'v1,E-MTAB-13071,17,17,Gopee_et_at_2024,skin,Cross_Organ,,,,F220,5 prime tag,CD45P,,No,1,,skin,skin,Homo sapiens,,HCA_rFSKI14449639,,HCA_rFSKI14449639,,female,10X_scRNA-seq,,,,,,,,,,,,,,
136,136,136,skin,HCA_rFSKI14449640,5GEX,10x5'v1,E-MTAB-13071,17,17,Gopee_et_at_2024,skin,Cross_Organ,,,,F220,5 prime tag,CD45NCD34N,,No,1,,skin,skin,Homo sapiens,,HCA_rFSKI14449640,,HCA_rFSKI14449640,,female,10X_scRNA-seq,,,,,,,,,,,,,,
137,137,137,skin,HCA_rFSKI14449641,5GEX,10x5'v1,E-MTAB-13071,17,17,Gopee_et_at_2024,skin,Cross_Organ,,,,F220,5 prime tag,CD45NCD34N,,No,1,,skin,skin,Homo sapiens,,HCA_rFSKI14449641,,HCA_rFSKI14449641,,female,10X_scRNA-seq,,,,,,,,,,,,,,
138,138,138,skin,HCA_rFSKI14449642,5GEX,10x5'v1,E-MTAB-13071,17,17,Gopee_et_at_2024,skin,Cross_Organ,,,,F220,5 prime tag,CD45NCD34P,,No,1,,skin,skin,Homo sapiens,,HCA_rFSKI14449642,,HCA_rFSKI14449642,,female,10X_scRNA-seq,,,,,,,,,,,,,,
139,139,139,skin,WS_wEMB13942138,5GEX,10x5'v1,E-MTAB-13071,17,17,Gopee_et_at_2024,skin,Cross_Organ,,,,F217,5 prime tag,Total,,No,1,,skin,skin,Homo sapiens,,WS_wEMB13942138,,WS_wEMB13942138,,female,10X_scRNA-seq,,,,,,,,,,,,,,
140,140,140,skin,WS_wEMB13942139,5GEX,10x5'v1,E-MTAB-13071,17,17,Gopee_et_at_2024,skin,Cross_Organ,,,,F217,5 prime tag,Total,,No,1,,skin,skin,Homo sapiens,,WS_wEMB13942139,,WS_wEMB13942139,,female,10X_scRNA-seq,,,,,,,,,,,,,,
141,141,141,skin,WS_wEMB13942141,5GEX,10x5'v1,E-MTAB-13071,17,17,Gopee_et_at_2024,skin,Cross_Organ,,,,F217,5 prime tag,Total,,No,1,,skin,skin,Homo sapiens,,WS_wEMB13942141,,WS_wEMB13942141,,female,10X_scRNA-seq,,,,,,,,,,,,,,
142,142,142,skin,WS_wEMB13942142,5GEX,10x5'v1,E-MTAB-13071,17,17,Gopee_et_at_2024,skin,Cross_Organ,,,,F217,5 prime tag,Total,,No,1,,skin,skin,Homo sapiens,,WS_wEMB13942142,,WS_wEMB13942142,,female,10X_scRNA-seq,,,,,,,,,,,,,,
143,143,143,skin,WS_wEMB13942143,5GEX,10x5'v1,E-MTAB-13071,17,17,Gopee_et_at_2024,skin,Cross_Organ,,,,F217,5 prime tag,Total,,No,1,,skin,skin,Homo sapiens,,WS_wEMB13942143,,WS_wEMB13942143,,female,10X_scRNA-seq,,,,,,,,,,,,,,
144,144,144,skin,WS_wEMB13942144,5GEX,10x5'v1,E-MTAB-13071,17,17,Gopee_et_at_2024,skin,Cross_Organ,,,,F217,5 prime tag,Total,,No,1,,skin,skin,Homo sapiens,,WS_wEMB13942144,,WS_wEMB13942144,,female,10X_scRNA-seq,,,,,,,,,,,,,,
145,145,145,skin,WS_wEMB13942145,5GEX,10x5'v1,E-MTAB-13071,17,17,Gopee_et_at_2024,skin,Cross_Organ,,,,F217,5 prime tag,Total,,No,1,,skin,skin,Homo sapiens,,WS_wEMB13942145,,WS_wEMB13942145,,female,10X_scRNA-seq,,,,,,,,,,,,,,
146,146,146,skin,WS_wEMB13942146,5GEX,10x5'v1,E-MTAB-13071,17,17,Gopee_et_at_2024,skin,Cross_Organ,,,,F217,5 prime tag,Total,,No,1,,skin,skin,Homo sapiens,,WS_wEMB13942146,,WS_wEMB13942146,,female,10X_scRNA-seq,,,,,,,,,,,,,,
147,147,147,skin,WS_wEMB13942147,5GEX,10x5'v1,E-MTAB-13071,17,17,Gopee_et_at_2024,skin,Cross_Organ,,,,F217,5 prime tag,Total,,No,1,,skin,skin,Homo sapiens,,WS_wEMB13942147,,WS_wEMB13942147,,female,10X_scRNA-seq,,,,,,,,,,,,,,
148,148,148,skin,WS_wEMB13942148,5GEX,10x5'v1,E-MTAB-13071,17,17,Gopee_et_at_2024,skin,Cross_Organ,,,,F217,5 prime tag,Total,,No,1,,skin,skin,Homo sapiens,,WS_wEMB13942148,,WS_wEMB13942148,,female,10X_scRNA-seq,,,,,,,,,,,,,,
149,149,149,skin,WS_wEMB13942149,5GEX,10x5'v1,E-MTAB-13071,17,17,Gopee_et_at_2024,skin,Cross_Organ,,,,F217,5 prime tag,Total,,No,1,,skin,skin,Homo sapiens,,WS_wEMB13942149,,WS_wEMB13942149,,female,10X_scRNA-seq,,,,,,,,,,,,,,
150,150,150,skin,WS_wEMB13942150,5GEX,10x5'v1,E-MTAB-13071,17,17,Gopee_et_at_2024,skin,Cross_Organ,,,,F217,5 prime tag,Total,,No,1,,skin,skin,Homo sapiens,,WS_wEMB13942150,,WS_wEMB13942150,,female,10X_scRNA-seq,,,,,,,,,,,,,,
151,151,151,skin,WS_wEMB13942151,5GEX,10x5'v1,E-MTAB-13071,17,17,Gopee_et_at_2024,skin,Cross_Organ,,,,F217,5 prime tag,Total,,No,1,,skin,skin,Homo sapiens,,WS_wEMB13942151,,WS_wEMB13942151,,female,10X_scRNA-seq,,,,,,,,,,,,,,
152,152,152,skin,WS_wEMB13942152,5GEX,10x5'v1,E-MTAB-13071,17,17,Gopee_et_at_2024,skin,Cross_Organ,,,,F217,5 prime tag,Total,,No,1,,skin,skin,Homo sapiens,,WS_wEMB13942152,,WS_wEMB13942152,,female,10X_scRNA-seq,,,,,,,,,,,,,,
153,153,153,skin,WS_wEMB13942153,5GEX,10x5'v1,E-MTAB-13071,17,17,Gopee_et_at_2024,skin,Cross_Organ,,,,F217,5 prime tag,Total,,No,1,,skin,skin,Homo sapiens,,WS_wEMB13942153,,WS_wEMB13942153,,female,10X_scRNA-seq,,,,,,,,,,,,,,
154,154,154,skin,FCAImmP7241240,3GEX,10x3'v2,E-MTAB-7407,10 weeks gestation,8_10,Popescue_et_al_2019,skin,Cross_Organ,,,,F9,3 prime tag,CD45+,CD45+,No,1,,skin,skin,Homo sapiens,,FCAImmP7241240,,FCAImmP7241240,,female,10X_scRNA-seq,FCAImmP7241240,SK,CD45P,10.0,3GEX,F19,F19_SK_CD45P_FCAImmP7241240,female,Collagnase,Random,379.0,Surgical,,
155,155,155,skin,FCAImmP7241241,3GEX,10x3'v2,E-MTAB-7407,10 weeks gestation,8_10,Popescue_et_al_2019,skin,Cross_Organ,,,,F9,3 prime tag,CD45-,CD45-,No,1,,skin,skin,Homo sapiens,,FCAImmP7241241,,FCAImmP7241241,,female,10X_scRNA-seq,FCAImmP7241241,SK,CD45N,10.0,3GEX,F19,F19_SK_CD45N_FCAImmP7241241,female,Collagnase,Random,5076.0,Surgical,,
156,156,156,skin,FCAImmP7316896,3GEX,10x3'v2,E-MTAB-7407,7 weeks gestation,5_7,Popescue_et_al_2019,skin,Cross_Organ,,,,F2,3 prime tag,CD45+,CD45+,No,1,,skin,skin,Homo sapiens,,FCAImmP7316896,,FCAImmP7316896,,female,10X_scRNA-seq,FCAImmP7316896,SK,CD45P,7.0,3GEX,F32,F32_SK_CD45P_FCAImmP7316896,female,Collagnase,Random,3101.0,Medical,,
157,157,157,skin,FCAImmP7316897,3GEX,10x3'v2,E-MTAB-7407,7 weeks gestation,5_7,Popescue_et_al_2019,skin,Cross_Organ,,,,F2,3 prime tag,CD45-,CD45-,No,1,,skin,skin,Homo sapiens,,FCAImmP7316897,,FCAImmP7316897,,female,10X_scRNA-seq,FCAImmP7316897,SK,CD45N,7.0,3GEX,F32,F32_SK_CD45N_FCAImmP7316897,female,Collagnase,Random,7970.0,Medical,,
158,158,158,skin,FCAImmP7462240,3GEX,10x3'v2,E-MTAB-7407,7 weeks gestation,5_7,Popescue_et_al_2019,skin,Cross_Organ,,,,F3,3 prime tag,CD45+,CD45+,No,1,,skin,skin,Homo sapiens,,FCAImmP7462240,,FCAImmP7462240,,female,10X_scRNA-seq,FCAImmP7462240,SK,CD45P,7.0,3GEX,F35,F35_SK_CD45P_FCAImmP7462240,female,Collagnase,Random,3350.0,Medical,,
159,159,159,skin,FCAImmP7462241,3GEX,10x3'v2,E-MTAB-7407,7 weeks gestation,5_7,Popescue_et_al_2019,skin,Cross_Organ,,,,F3,3 prime tag,CD45-,CD45-,No,1,,skin,skin,Homo sapiens,,FCAImmP7462241,,FCAImmP7462241,,female,10X_scRNA-seq,FCAImmP7462241,SK,CD45N,7.0,3GEX,F35,F35_SK_CD45N_FCAImmP7462241,female,Collagnase,Random,4881.0,Medical,,
160,160,160,skin,4834STDY7002879,3GEX,10x3'v2,E-MTAB-7407,8 weeks gestation,6_8,Popescue_et_al_2019,skin,Cross_Organ,,,,F4,3 prime tag,CD45+,CD45+,No,1,,skin,skin,Homo sapiens,,4834STDY7002879,,4834STDY7002879,,male,10X_scRNA-seq,,,,,,,,,,,,,,
161,161,161,skin,4834STDY7002880,3GEX,10x3'v2,E-MTAB-7407,8 weeks gestation,6_8,Popescue_et_al_2019,skin,Cross_Organ,,,,F4,3 prime tag,CD45-,CD45-,No,1,,skin,skin,Homo sapiens,,4834STDY7002880,,4834STDY7002880,,male,10X_scRNA-seq,,,,,,,,,,,,,,
162,162,162,skin,FCAImmP7352189,3GEX,10x3'v2,E-MTAB-7407,8 weeks gestation,6_8,Popescue_et_al_2019,skin,Cross_Organ,,,,F5,3 prime tag,CD45+,CD45+,No,1,,skin,skin,Homo sapiens,,FCAImmP7352189,,FCAImmP7352189,,female,10X_scRNA-seq,FCAImmP7352189,SK,CD45P,8.0,3GEX,F34,F34_SK_CD45P_FCAImmP7352189,female,Collagnase,Random,2619.0,Medical,,
163,163,163,skin,FCAImmP7352190,3GEX,10x3'v2,E-MTAB-7407,8 weeks gestation,6_8,Popescue_et_al_2019,skin,Cross_Organ,,,,F5,3 prime tag,CD45-,CD45-,No,1,,skin,skin,Homo sapiens,,FCAImmP7352190,,FCAImmP7352190,,female,10X_scRNA-seq,FCAImmP7352190,SK,CD45N,8.0,3GEX,F34,F34_SK_CD45N_FCAImmP7352190,female,Collagnase,Random,6275.0,Medical,,
164,164,164,skin,FCAImmP7352191,3GEX,10x3'v2,E-MTAB-7407,8 weeks gestation,6_8,Popescue_et_al_2019,skin,Cross_Organ,,,,F5,3 prime tag,CD45-,CD45-,No,1,,skin,skin,Homo sapiens,,FCAImmP7352191,,FCAImmP7352191,,female,10X_scRNA-seq,FCAImmP7352191,SK,CD45N,8.0,3GEX,F34,F34_SK_CD45N_FCAImmP7352191,female,Collagnase,Random,6534.0,Medical,,
165,165,165,skin,4834STDY7002883,3GEX,10x3'v2,E-MTAB-7407,9 weeks gestation,7_9,Popescue_et_al_2019,skin,Cross_Organ,,,,F6,3 prime tag,Live/dead sorting,Live/dead sorting,No,1,,skin,skin,Homo sapiens,,4834STDY7002883,,4834STDY7002883,,male,10X_scRNA-seq,,,,,,,,,,,,,,
166,166,166,skin,4834STDY7038752,3GEX,10x3'v2,E-MTAB-7407,9 weeks gestation,7_9,Popescue_et_al_2019,skin,Cross_Organ,,,,F6,3 prime tag,CD45+,CD45+,No,1,,skin,skin,Homo sapiens,,4834STDY7038752,,4834STDY7038752,,male,10X_scRNA-seq,,,,,,,,,,,,,,
167,167,167,skin,4834STDY7038753,3GEX,10x3'v2,E-MTAB-7407,9 weeks gestation,7,Popescue_et_al_2019,skin,Cross_Organ,,,,F6,3 prime tag,CD45-,CD45-,No,1,,skin,skin,Homo sapiens,,4834STDY7038753,,4834STDY7038753,,male,10X_scRNA-seq,,,,,,,,,,,,,,
168,168,168,skin,FCAImmP7316886,3GEX,10x3'v2,E-MTAB-7407,9 weeks gestation,7_9,Popescue_et_al_2019,skin,Cross_Organ,,,,F8,3 prime tag,CD45+,CD45+,No,1,,skin,skin,Homo sapiens,,FCAImmP7316886,,FCAImmP7316886,,female,10X_scRNA-seq,FCAImmP7316886,SK,CD45P,9.0,3GEX,F33,F33_SK_CD45P_FCAImmP7316886,female,Collagnase,Random,5023.0,Medical,,
169,169,169,skin,FCAImmP7316887,3GEX,10x3'v2,E-MTAB-7407,9 weeks gestation,7_9,Popescue_et_al_2019,skin,Cross_Organ,,,,F8,3 prime tag,CD45+,CD45+,No,1,,skin,skin,Homo sapiens,,FCAImmP7316887,,FCAImmP7316887,,female,10X_scRNA-seq,FCAImmP7316887,SK,CD45P,9.0,3GEX,F33,F33_SK_CD45P_FCAImmP7316887,female,Collagnase,Random,4838.0,Medical,,
170,170,170,skin,FCAImmP7316888,3GEX,10x3'v2,E-MTAB-7407,9 weeks gestation,7_9,Popescue_et_al_2019,skin,Cross_Organ,,,,F8,3 prime tag,CD45-,CD45-,No,1,,skin,skin,Homo sapiens,,FCAImmP7316888,,FCAImmP7316888,,female,10X_scRNA-seq,FCAImmP7316888,SK,CD45N,9.0,3GEX,F33,F33_SK_CD45N_FCAImmP7316888,female,Collagnase,Random,6104.0,Medical,,
171,171,171,spleen,FCAImmP7198433,3GEX,10x3'v2,E-MTAB-11343,9,9,Suo_Dann_et_al_2022,spleen,Cross_Organ,,,,F22,3 prime tag,unsorted,,No,1,,spleen,spleen,Homo sapiens,,FCAImmP7198433,,FCAImmP7198433,,female,10X_scRNA-seq,FCAImmP7198433,SP,TOT,9.0,3GEX,F22,F22_SP_TOT_FCAImmP7198433,female,Collagnase,Whole,397.0,Medical,,
172,172,172,spleen,FCAImmP7198632,3GEX,10x3'v2,E-MTAB-11343,11,11,Suo_Dann_et_al_2022,spleen,Cross_Organ,,,,F23,3 prime tag,CD45+,,No,1,,spleen,spleen,Homo sapiens,,FCAImmP7198632,,FCAImmP7198632,,male,10X_scRNA-seq,FCAImmP7198632,SP,CD45P,11.0,3GEX,F23,F23_SP_CD45P_FCAImmP7198632,male,Collagnase,Whole,5016.0,Medical,,
173,173,173,spleen,FCAImmP7198633,3GEX,10x3'v2,E-MTAB-11343,11,11,Suo_Dann_et_al_2022,spleen,Cross_Organ,,,,F23,3 prime tag,CD45-,,No,1,,spleen,spleen,Homo sapiens,,FCAImmP7198633,,FCAImmP7198633,,male,10X_scRNA-seq,FCAImmP7198633,SP,CD45N,11.0,3GEX,F23,F23_SP_CD45N_FCAImmP7198633,male,Collagnase,Whole,4916.0,Medical,,
174,174,174,spleen,FCAImmP7964499,5GEX,10x5'v1,E-MTAB-11343,11,11,Suo_Dann_et_al_2022,spleen,Cross_Organ,,,,F69,5 prime tag,CD45+,,No,1,,spleen,spleen,Homo sapiens,,FCAImmP7964499,,FCAImmP7964499,,female,10X_scRNA-seq,FCAImmP7964499,SP,CD45P,11.0,5GEX,F69,F69_SP_CD45P_FCAImmP7964499,female,Collagnase,unknown,416.0,Medical,,
175,175,175,spleen,FCAImmP7964500,5GEX,10x5'v1,E-MTAB-11343,11,11,Suo_Dann_et_al_2022,spleen,Cross_Organ,,,,F69,5 prime tag,CD45-,,No,1,,spleen,spleen,Homo sapiens,,FCAImmP7964500,,FCAImmP7964500,,female,10X_scRNA-seq,FCAImmP7964500,SP,CD45N,11.0,5GEX,F69,F69_SP_CD45N_FCAImmP7964500,female,Collagnase,unknown,712.0,Medical,,
176,176,176,spleen,FCAImmP7964501,5GEX,10x5'v1,E-MTAB-11343,11,11,Suo_Dann_et_al_2022,spleen,Cross_Organ,,,,F69,5 prime tag,CD45-,,No,1,,spleen,spleen,Homo sapiens,,FCAImmP7964501,,FCAImmP7964501,,female,10X_scRNA-seq,FCAImmP7964501,SP,CD45N,11.0,5GEX,F69,F69_SP_CD45N_FCAImmP7964501,female,Collagnase,unknown,934.0,Medical,,
177,177,177,spleen,FCAImmP7528279,3GEX,10x3'v2,E-MTAB-11343,12,12,Suo_Dann_et_al_2022,spleen,Cross_Organ,,,,F38,3 prime tag,CD45-,,No,1,,spleen,spleen,Homo sapiens,,FCAImmP7528279,,FCAImmP7528279,,male,10X_scRNA-seq,FCAImmP7528279,SP,CD45P,12.0,3GEX,F38,F38_SP_CD45P_FCAImmP7528279,male,Collagnase,whole,2886.0,Medical,,
178,178,178,spleen,FCAImmP7528280,3GEX,10x3'v2,E-MTAB-11343,12,12,Suo_Dann_et_al_2022,spleen,Cross_Organ,,,,F38,3 prime tag,CD45-,,No,1,,spleen,spleen,Homo sapiens,,FCAImmP7528280,,FCAImmP7528280,,male,10X_scRNA-seq,FCAImmP7528280,SP,CD45N,12.0,3GEX,F38,F38_SP_CD45N_FCAImmP7528280,male,Collagnase,whole,4113.0,Medical,,
179,179,179,spleen,FCAImmP7579216,3GEX,10x3'v2,E-MTAB-11343,12,12,Suo_Dann_et_al_2022,spleen,Cross_Organ,,,,F45,3 prime tag,CD45+,,No,1,,spleen,spleen,Homo sapiens,,FCAImmP7579216,,FCAImmP7579216,,female,10X_scRNA-seq,FCAImmP7579216,SP,CD45P,12.0,3GEX,F45,F45_SP_CD45P_FCAImmP7579216,female,Collagnase,whole,5281.0,Medical,,
180,180,180,spleen,FCAImmP7579217,3GEX,10x3'v2,E-MTAB-11343,12,12,Suo_Dann_et_al_2022,spleen,Cross_Organ,,,,F45,3 prime tag,CD45+,,No,1,,spleen,spleen,Homo sapiens,,FCAImmP7579217,,FCAImmP7579217,,female,10X_scRNA-seq,FCAImmP7579217,SP,CD45N,12.0,3GEX,F45,F45_SP_CD45N_FCAImmP7579217,female,Collagnase,whole,3685.0,Medical,,
181,181,181,spleen,FCAImmP7579228,5GEX,10x5'v1,E-MTAB-11343,12,12,Suo_Dann_et_al_2022,spleen,Cross_Organ,,,,F45,5 prime tag,CD45+,,No,1,,spleen,spleen,Homo sapiens,,FCAImmP7579228,,FCAImmP7579228,,female,10X_scRNA-seq,FCAImmP7579228,SP,CD45P,12.0,5GEX,F45,F45_SP_CD45P_FCAImmP7579228,female,Collagnase,Whole,5458.0,Medical,FCAImmP7607606,WSSS_F_Imm10424045
182,182,182,spleen,FCAImmP7579229,5GEX,10x5'v1,E-MTAB-11343,12,12,Suo_Dann_et_al_2022,spleen,Cross_Organ,,,,F45,5 prime tag,CD45-,,No,1,,spleen,spleen,Homo sapiens,,FCAImmP7579229,,FCAImmP7579229,,female,10X_scRNA-seq,FCAImmP7579229,SP,CD45N,12.0,5GEX,F45,F45_SP_CD45N_FCAImmP7579229,female,Collagnase,Whole,5118.0,Medical,FCAImmP7607607,
183,183,183,spleen,FCAImmP7277562,3GEX,10x3'v2,E-MTAB-11343,14,14,Suo_Dann_et_al_2022,spleen,Cross_Organ,,,,F30,3 prime tag,CD45+,,No,1,,spleen,spleen,Homo sapiens,,FCAImmP7277562,,FCAImmP7277562,,male,10X_scRNA-seq,FCAImmP7277562,SP,CD45P,14.0,3GEX,F30,F30_SP_CD45P_FCAImmP7277562,male,Collagnase,Whole,4328.0,Medical,,
184,184,184,spleen,FCAImmP7277563,5GEX,10x5'v1,E-MTAB-11343,14,14,Suo_Dann_et_al_2022,spleen,Cross_Organ,,,,F30,5 prime tag,CD45+,,No,1,,spleen,spleen,Homo sapiens,,FCAImmP7277563,,FCAImmP7277563,,male,10X_scRNA-seq,FCAImmP7277563,SP,CD45N,14.0,3GEX,F30,F30_SP_CD45N_FCAImmP7277563,male,Collagnase,Whole,3110.0,Medical,,
185,185,185,spleen,FCAImmP7292033,5GEX,10x5'v1,E-MTAB-11343,14,14,Suo_Dann_et_al_2022,spleen,Cross_Organ,,,,F30,5 prime tag,CD45+,,No,1,,spleen,spleen,Homo sapiens,,FCAImmP7292033,,FCAImmP7292033,,male,10X_scRNA-seq,FCAImmP7292033,SP,TOT,14.0,5GEX,F30,F30_SP_TOT_FCAImmP7292033,male,Collagnase,Whole,4677.0,Medical,FCAImmP7292945,
186,186,186,spleen,FCAImmP7803036,5GEX,10x5'v1,E-MTAB-11343,14,14,Suo_Dann_et_al_2022,spleen,Cross_Organ,,,,F51,5 prime tag,CD45+,,No,1,,spleen,spleen,Homo sapiens,,FCAImmP7803036,,FCAImmP7803036,,female,10X_scRNA-seq,FCAImmP7803036,SP,CD45P,14.0,5GEX,F51,F51_SP_CD45P_FCAImmP7803036,female,Collagnase,unknown,4806.0,Medical,,
187,187,187,spleen,FCAImmP7803037,5GEX,10x5'v1,E-MTAB-11343,14,14,Suo_Dann_et_al_2022,spleen,Cross_Organ,,,,F51,5 prime tag,CD45+,,No,1,,spleen,spleen,Homo sapiens,,FCAImmP7803037,,FCAImmP7803037,,female,10X_scRNA-seq,FCAImmP7803037,SP,CD45P,14.0,5GEX,F51,F51_SP_CD45P_FCAImmP7803037,female,Collagnase,unknown,7677.0,Medical,,WSSS_F_Imm10424052
188,188,188,spleen,FCAImmP7803038,5GEX,10x5'v1,E-MTAB-11343,14,14,Suo_Dann_et_al_2022,spleen,Cross_Organ,,,,F51,5 prime tag,CD45+,,No,1,,spleen,spleen,Homo sapiens,,FCAImmP7803038,,FCAImmP7803038,,female,10X_scRNA-seq,FCAImmP7803038,SP,CD45P,14.0,5GEX,F51,F51_SP_CD45P_FCAImmP7803038,female,Collagnase,unknown,7617.0,Medical,,
189,189,189,spleen,FCAImmP7803039,5GEX,10x5'v1,E-MTAB-11343,14,14,Suo_Dann_et_al_2022,spleen,Cross_Organ,,,,F51,5 prime tag,CD45-,,No,1,,spleen,spleen,Homo sapiens,,FCAImmP7803039,,FCAImmP7803039,,female,10X_scRNA-seq,FCAImmP7803039,SP,CD45N,14.0,5GEX,F51,F51_SP_CD45N_FCAImmP7803039,female,Collagnase,unknown,7627.0,Medical,,
190,190,190,spleen,FCAImmP7803040,5GEX,10x5'v1,E-MTAB-11343,14,14,Suo_Dann_et_al_2022,spleen,Cross_Organ,,,,F51,5 prime tag,CD45-,,No,1,,spleen,spleen,Homo sapiens,,FCAImmP7803040,,FCAImmP7803040,,female,10X_scRNA-seq,FCAImmP7803040,SP,CD45N,14.0,5GEX,F51,F51_SP_CD45N_FCAImmP7803040,female,Collagnase,unknown,8726.0,Medical,,
191,191,191,spleen,FCAImmP7803041,5GEX,10x5'v1,E-MTAB-11343,14,14,Suo_Dann_et_al_2022,spleen,Cross_Organ,,,,F51,5 prime tag,CD45-,,No,1,,spleen,spleen,Homo sapiens,,FCAImmP7803041,,FCAImmP7803041,,female,10X_scRNA-seq,FCAImmP7803041,SP,CD45N,14.0,5GEX,F51,F51_SP_CD45N_FCAImmP7803041,female,Collagnase,unknown,3276.0,Medical,,
192,192,192,spleen,FCAImmP7803020,5GEX,10x5'v1,E-MTAB-11343,15,15,Suo_Dann_et_al_2022,spleen,Cross_Organ,,,,F50,5 prime tag,CD45+,,No,1,,spleen,spleen,Homo sapiens,,FCAImmP7803020,,FCAImmP7803020,,female,10X_scRNA-seq,FCAImmP7803020,SP,CD45P,15.0,5GEX,F50,F50_SP_CD45P_FCAImmP7803020,female,Collagnase,unknown,5632.0,Medical,,
193,193,193,spleen,FCAImmP7803021,5GEX,10x5'v1,E-MTAB-11343,15,15,Suo_Dann_et_al_2022,spleen,Cross_Organ,,,,F50,5 prime tag,CD45+,,No,1,,spleen,spleen,Homo sapiens,,FCAImmP7803021,,FCAImmP7803021,,female,10X_scRNA-seq,FCAImmP7803021,SP,CD45P,15.0,5GEX,F50,F50_SP_CD45P_FCAImmP7803021,female,Collagnase,unknown,5880.0,Medical,,WSSS_F_Imm10424060
194,194,194,spleen,FCAImmP7803022,5GEX,10x5'v1,E-MTAB-11343,15,15,Suo_Dann_et_al_2022,spleen,Cross_Organ,,,,F50,5 prime tag,CD45-,,No,1,,spleen,spleen,Homo sapiens,,FCAImmP7803022,,FCAImmP7803022,,female,10X_scRNA-seq,FCAImmP7803022,SP,CD45N,15.0,5GEX,F50,F50_SP_CD45N_FCAImmP7803022,female,Collagnase,unknown,4431.0,Medical,,
195,195,195,spleen,FCAImmP7803023,5GEX,10x5'v1,E-MTAB-11343,15,15,Suo_Dann_et_al_2022,spleen,Cross_Organ,,,,F50,5 prime tag,CD45-,,No,1,,spleen,spleen,Homo sapiens,,FCAImmP7803023,,FCAImmP7803023,,female,10X_scRNA-seq,FCAImmP7803023,SP,CD45N,15.0,5GEX,F50,F50_SP_CD45N_FCAImmP7803023,female,Collagnase,unknown,4614.0,Medical,,
196,196,196,spleen,FCAImmP7179365,3GEX,10x3'v2,E-MTAB-11343,16,16,Suo_Dann_et_al_2022,spleen,Cross_Organ,,,,F21,3 prime tag,CD45+,,No,1,,spleen,spleen,Homo sapiens,,FCAImmP7179365,,FCAImmP7179365,,male,10X_scRNA-seq,FCAImmP7179365,SP,CD45P,16.0,3GEX,F21,F21_SP_CD45P_FCAImmP7179365,male,Collagnase,Whole,5438.0,Medical,,
197,197,197,spleen,FCAImmP7179366,3GEX,10x3'v2,E-MTAB-11343,16,16,Suo_Dann_et_al_2022,spleen,Cross_Organ,,,,F21,3 prime tag,CD45-,,No,1,,spleen,spleen,Homo sapiens,,FCAImmP7179366,,FCAImmP7179366,,male,10X_scRNA-seq,FCAImmP7179366,SP,CD45N,16.0,3GEX,F21,F21_SP_CD45N_FCAImmP7179366,male,Collagnase,Whole,4226.0,Medical,,
198,198,198,spleen,FCAImmP7277554,3GEX,10x3'v2,E-MTAB-11343,17,17,Suo_Dann_et_al_2022,spleen,Cross_Organ,,,,F29,3 prime tag,CD45+,,No,1,,spleen,spleen,Homo sapiens,,FCAImmP7277554,,FCAImmP7277554,,female,10X_scRNA-seq,FCAImmP7277554,SP,CD45P,17.0,3GEX,F29,F29_SP_CD45P_FCAImmP7277554,female,Collagnase,Whole,3723.0,Medical,,
199,199,199,spleen,FCAImmP7277555,3GEX,10x3'v2,E-MTAB-11343,17,17,Suo_Dann_et_al_2022,spleen,Cross_Organ,,,,F29,3 prime tag,CD45-,,No,1,,spleen,spleen,Homo sapiens,,FCAImmP7277555,,FCAImmP7277555,,female,10X_scRNA-seq,FCAImmP7277555,SP,CD45N,17.0,3GEX,F29,F29_SP_CD45N_FCAImmP7277555,female,Collagnase,Whole,2191.0,Medical,,
200,200,200,spleen,FCAImmP7292029,5GEX,10x5'v1,E-MTAB-11343,17,17,Suo_Dann_et_al_2022,spleen,Cross_Organ,,,,F29,5 prime tag,CD45-,,No,1,,spleen,spleen,Homo sapiens,,FCAImmP7292029,,FCAImmP7292029,,female,10X_scRNA-seq,FCAImmP7292029,SP,TOT,17.0,5GEX,F29,F29_SP_TOT_FCAImmP7292029,female,Collagnase,Whole,5184.0,Medical,FCAImmP7292942,WSSS_F_Imm10424049
201,201,201,thymus,FCAImmP7316898,3GEX,10x3'v2,E-MTAB-11343,7,7,Suo_Dann_et_al_2022,thymus,Cross_Organ,,,,F32,3 prime tag,CD45-,,No,1,,thymus,thymus,Homo sapiens,,FCAImmP7316898,,FCAImmP7316898,,female,10X_scRNA-seq,FCAImmP7316898,TH,CD45P,7.0,3GEX,F32,F32_TH_CD45P_FCAImmP7316898,female,Collagnase,Whole,2566.0,Medical,,
202,202,202,thymus,FCAImmP7316899,3GEX,10x3'v2,E-MTAB-11343,7,7,Suo_Dann_et_al_2022,thymus,Cross_Organ,,,,F32,3 prime tag,CD45+,,No,1,,thymus,thymus,Homo sapiens,,FCAImmP7316899,,FCAImmP7316899,,female,10X_scRNA-seq,FCAImmP7316899,TH,CD45N,7.0,3GEX,F32,F32_TH_CD45N_FCAImmP7316899,female,Collagnase,Whole,2289.0,Medical,,
203,203,203,thymus,FCAImmP7198432,3GEX,10x3'v2,E-MTAB-11343,9,9,Suo_Dann_et_al_2022,Whole,Cross_Organ,,,,F22,,Total,,No,1,143.0,thymus,TH,Homo sapiens,Collagnase,FCAImmP7198432,F22_TH_TOT_FCAImmP7198432,FCAImmP7198432,,female,10X_scRNA-seq,FCAImmP7198432,TH,TOT,9.0,3GEX,F22,F22_TH_TOT_FCAImmP7198432,female,Collagnase,Whole,143.0,Medical,,
204,204,204,thymus,FCAImmP7198634,3GEX,10x3'v2,  E-MTAB-8581,11,11,¬†JE Park¬†¬∑¬†2020,thymus,Cross_Organ,,,,F23,3 prime tag,CD45-positive,,No,1,,thymus,thymus,Homo sapiens,,FCAImmP7198634,,FCAImmP7198634,,male,10X_scRNA-seq,FCAImmP7198634,TH,CD45P,11.0,3GEX,F23,F23_TH_CD45P_FCAImmP7198634,male,Collagnase,Whole,2646.0,Medical,,
205,205,205,thymus,FCAImmP7198635,3GEX,10x3'v2,  E-MTAB-8581,11,11,¬†JE Park¬†¬∑¬†2020,thymus,Cross_Organ,,,,F23,3 prime tag,CD45-negative,,No,1,,thymus,thymus,Homo sapiens,,FCAImmP7198635,,FCAImmP7198635,,male,10X_scRNA-seq,FCAImmP7198635,TH,CD45N,11.0,3GEX,F23,F23_TH_CD45N_FCAImmP7198635,male,Collagnase,Whole,3049.0,Medical,,
206,206,206,thymus,FCAImmP7851890,5GEX,10x5'v2,  E-MTAB-8581,11,11,¬†JE Park¬†¬∑¬†2020,thymus,Cross_Organ,,,,F64,5 prime tag,total,,No,1,,thymus,thymus,Homo sapiens,,FCAImmP7851890,,FCAImmP7851890,,male,10X_scRNA-seq,FCAImmP7851890,TH,TOT,11.0,5GEX,F64,F64_TH_TOT_FCAImmP7851890,male,Collagnase,unknown,3815.0,Medical,FCAImmP7851882,
207,207,207,thymus,FCAImmP7851891,5GEX,10x5'v2,  E-MTAB-8581,11,11,¬†JE Park¬†¬∑¬†2020,thymus,Cross_Organ,,,,F64,5 prime tag,total,,No,1,,thymus,thymus,Homo sapiens,,FCAImmP7851891,,FCAImmP7851891,,male,10X_scRNA-seq,FCAImmP7851891,TH,TOT,11.0,5GEX,F64,F64_TH_TOT_FCAImmP7851891,male,Collagnase,unknown,3865.0,Medical,FCAImmP7851883,
208,208,208,thymus,FCAImmP7579218,3GEX,10x3'v2,  E-MTAB-8581,12,12,¬†JE Park¬†¬∑¬†2020,thymus,Cross_Organ,,,,F45,3 prime tag,CD45-positive,,No,1,,thymus,thymus,Homo sapiens,,FCAImmP7579218,,FCAImmP7579218,,female,10X_scRNA-seq,FCAImmP7579218,TH,CD45P,12.0,3GEX,F45,F45_TH_CD45P_FCAImmP7579218,female,Collagnase,whole,1975.0,Medical,,
209,209,209,thymus,FCAImmP7579219,3GEX,10x3'v2,  E-MTAB-8581,12,12,¬†JE Park¬†¬∑¬†2020,thymus,Cross_Organ,,,,F45,3 prime tag,CD45-negative,,No,1,,thymus,thymus,Homo sapiens,,FCAImmP7579219,,FCAImmP7579219,,female,10X_scRNA-seq,FCAImmP7579219,TH,CD45N,12.0,3GEX,F45,F45_TH_CD45N_FCAImmP7579219,female,Collagnase,whole,8484.0,Medical,,
210,210,210,thymus,FCAImmP7579230,5GEX,10x5'v2,  E-MTAB-8581,12,12,¬†JE Park¬†¬∑¬†2020,thymus,Cross_Organ,,,,F45,5 prime tag,CD45-positive,,No,1,,thymus,thymus,Homo sapiens,,FCAImmP7579230,,FCAImmP7579230,,female,10X_scRNA-seq,FCAImmP7579230,TH,CD45P,12.0,5GEX,F45,F45_TH_CD45P_FCAImmP7579230,female,Collagnase,Whole,2442.0,Medical,FCAImmP7607608,WSSS_F_Imm10424046
211,211,211,thymus,FCAImmP7579231,5GEX,10x5'v2,  E-MTAB-8581,12,12,¬†JE Park¬†¬∑¬†2020,thymus,Cross_Organ,,,,F45,5 prime tag,CD45-negative,,No,1,,thymus,thymus,Homo sapiens,,FCAImmP7579231,,FCAImmP7579231,,female,10X_scRNA-seq,FCAImmP7579231,TH,CD45N,12.0,5GEX,F45,F45_TH_CD45N_FCAImmP7579231,female,Collagnase,Whole,7250.0,Medical,FCAImmP7607609,WSSS_F_Imm11279976
212,212,212,thymus,FCAImmP7851892,5GEX,10x5'v2,  E-MTAB-8581,12,12,¬†JE Park¬†¬∑¬†2020,thymus,Cross_Organ,,,,F67,5 prime tag,Total,,No,1,,thymus,thymus,Homo sapiens,,FCAImmP7851892,,FCAImmP7851892,,female,10X_scRNA-seq,FCAImmP7851892,TH,TOT,12.0,5GEX,F67,F67_TH_TOT_FCAImmP7851892,female,Collagnase,unknown,3406.0,Medical,FCAImmP7851884,
213,213,213,thymus,FCAImmP7851893,5GEX,10x5'v2,  E-MTAB-8581,12,12,¬†JE Park¬†¬∑¬†2020,thymus,Cross_Organ,,,,F67,5 prime tag,Total,,No,1,,thymus,thymus,Homo sapiens,,FCAImmP7851893,,FCAImmP7851893,,female,10X_scRNA-seq,FCAImmP7851893,TH,TOT,12.0,5GEX,F67,F67_TH_TOT_FCAImmP7851893,female,Collagnase,unknown,3312.0,Medical,FCAImmP7851885,
214,214,214,thymus,FCAImmP7851894,5GEX,10x5'v2,  E-MTAB-8581,12,12,¬†JE Park¬†¬∑¬†2020,thymus,Cross_Organ,,,,F67,5 prime tag,Total,,No,1,,thymus,thymus,Homo sapiens,,FCAImmP7851894,,FCAImmP7851894,,female,10X_scRNA-seq,FCAImmP7851894,TH,TOT,12.0,5GEX,F67,F67_TH_TOT_FCAImmP7851894,female,Collagnase,unknown,3823.0,Medical,FCAImmP7851886,
215,215,215,thymus,FCAImmP7851895,5GEX,10x5'v2,  E-MTAB-8581,12,12,¬†JE Park¬†¬∑¬†2020,thymus,Cross_Organ,,,,F67,5 prime tag,Total,,No,1,,thymus,thymus,Homo sapiens,,FCAImmP7851895,,FCAImmP7851895,,female,10X_scRNA-seq,FCAImmP7851895,TH,TOT,12.0,5GEX,F67,F67_TH_TOT_FCAImmP7851895,female,Collagnase,unknown,3080.0,Medical,FCAImmP7851887,
216,216,216,thymus,FCAImmP7851896,5GEX,10x5'v2,  E-MTAB-8581,12,12,¬†JE Park¬†¬∑¬†2020,thymus,Cross_Organ,,,,F67,5 prime tag,CD137-positive,,No,1,,thymus,thymus,Homo sapiens,,FCAImmP7851896,,FCAImmP7851896,,female,10X_scRNA-seq,FCAImmP7851896,TH,CD137,12.0,5GEX,F67,F67_TH_CD137_FCAImmP7851896,female,Collagnase,unknown,3227.0,Medical,FCAImmP7851888,
217,217,217,thymus,FCAImmP7851897,5GEX,10x5'v1,E-MTAB-11343,12,12,Suo_Dann_et_al_2022,thymus,Cross_Organ,,,,F67,5 prime tag,MAIT,,No,1,,thymus,thymus,Homo sapiens,,FCAImmP7851897,,FCAImmP7851897,,female,10X_scRNA-seq,FCAImmP7851897,TH,MAIT,12.0,5GEX,F67,F67_TH_MAIT_FCAImmP7851897,female,Collagnase,unknown,2577.0,Medical,FCAImmP7851889,
218,218,218,thymus,FCAImmP7528283,3GEX,10x3'v2,  E-MTAB-8581,13,13,¬†JE Park¬†¬∑¬†2020,thymus,Cross_Organ,,,,F38,3 prime tag,CD45-positive,,No,1,,thymus,thymus,Homo sapiens,,FCAImmP7528283,,FCAImmP7528283,,male,10X_scRNA-seq,FCAImmP7528283,TH,CD45P,12.0,3GEX,F38,F38_TH_CD45P_FCAImmP7528283,male,Collagnase,whole,2491.0,Medical,,
219,219,219,thymus,FCAImmP7528284,3GEX,10x3'v2,  E-MTAB-8581,13,13,¬†JE Park¬†¬∑¬†2020,thymus,Cross_Organ,,,,F38,3 prime tag,CD45-negative,,No,1,,thymus,thymus,Homo sapiens,,FCAImmP7528284,,FCAImmP7528284,,male,10X_scRNA-seq,FCAImmP7528284,TH,CD45N,12.0,3GEX,F38,F38_TH_CD45N_FCAImmP7528284,male,Collagnase,whole,1586.0,Medical,,
220,220,220,thymus,FCAImmP7528285,3GEX,10x3'v2,  E-MTAB-8581,13,13,¬†JE Park¬†¬∑¬†2020,thymus,Cross_Organ,,,,F38,3 prime tag,CD45-negative,,No,1,,thymus,thymus,Homo sapiens,,FCAImmP7528285,,FCAImmP7528285,,male,10X_scRNA-seq,FCAImmP7528285,TH,CD45N,12.0,3GEX,F38,F38_TH_CD45N_FCAImmP7528285,male,Collagnase,whole,1850.0,Medical,,
221,221,221,thymus,FCAImmP7528294,5GEX,10x5'v2,  E-MTAB-8581,13,13,¬†JE Park¬†¬∑¬†2020,thymus,Cross_Organ,,,,F38,5 prime tag,CD45-positive,,No,1,,thymus,thymus,Homo sapiens,,FCAImmP7528294,,FCAImmP7528294,,male,10X_scRNA-seq,FCAImmP7528294,TH,CD45P,12.0,5GEX,F38,F38_TH_CD45P_FCAImmP7528294,male,Collagnase,whole,3036.0,Medical,FCAImmP7607592,
222,222,222,thymus,FCAImmP7277564,3GEX,10x3'v2,  E-MTAB-8581,14,14,¬†JE Park¬†¬∑¬†2020,thymus,Cross_Organ,,,,F30,3 prime tag,CD45-positive,,No,1,,thymus,thymus,Homo sapiens,,FCAImmP7277564,,FCAImmP7277564,,male,10X_scRNA-seq,FCAImmP7277564,TH,CD45P,14.0,3GEX,F30,F30_TH_CD45P_FCAImmP7277564,male,Collagnase,Whole,4597.0,Medical,,
223,223,223,thymus,FCAImmP7277565,3GEX,10x3'v2,  E-MTAB-8581,14,14,¬†JE Park¬†¬∑¬†2020,thymus,Cross_Organ,,,,F30,3 prime tag,CD45-negative,,No,1,,thymus,thymus,Homo sapiens,,FCAImmP7277565,,FCAImmP7277565,,male,10X_scRNA-seq,FCAImmP7277565,TH,CD45N,14.0,3GEX,F30,F30_TH_CD45N_FCAImmP7277565,male,Collagnase,Whole,2922.0,Medical,,
224,224,224,thymus,FCAImmP7292034,5GEX,10x5'v2,  E-MTAB-8581,14,14,¬†JE Park¬†¬∑¬†2020,thymus,Cross_Organ,,,,F30,5 prime tag,CD45-positive,,No,1,,thymus,thymus,Homo sapiens,,FCAImmP7292034,,FCAImmP7292034,,male,10X_scRNA-seq,FCAImmP7292034,TH,TOT,14.0,5GEX,F30,F30_TH_TOT_FCAImmP7292034,male,Collagnase,Whole,5200.0,Medical,FCAImmP7292946,
225,225,225,thymus,FCAImmP7179369,3GEX,10x3'v2,  E-MTAB-8581,16,16,¬†JE Park¬†¬∑¬†2020,thymus,Cross_Organ,,,,F21,3 prime tag,CD45-positive,,No,1,,thymus,thymus,Homo sapiens,,FCAImmP7179369,,FCAImmP7179369,,male,10X_scRNA-seq,FCAImmP7179369,TH,CD45P,16.0,3GEX,F21,F21_TH_CD45P_FCAImmP7179369,male,Collagnase,Whole,4088.0,Medical,,
226,226,226,thymus,FCAImmP7179370,3GEX,10x3'v2,  E-MTAB-8581,16,16,¬†JE Park¬†¬∑¬†2020,thymus,Cross_Organ,,,,F21,3 prime tag,CD45-negative,,No,1,,thymus,thymus,Homo sapiens,,FCAImmP7179370,,FCAImmP7179370,,male,10X_scRNA-seq,FCAImmP7179370,TH,CD45N,16.0,3GEX,F21,F21_TH_CD45N_FCAImmP7179370,male,Collagnase,Whole,4395.0,Medical,,
227,227,227,thymus,FCAImmP7555851,3GEX,10x3'v2,  E-MTAB-8581,16,16,¬†JE Park¬†¬∑¬†2020,thymus,Cross_Organ,,,,F41,3 prime tag,CD45-positive,,No,1,,thymus,thymus,Homo sapiens,,FCAImmP7555851,,FCAImmP7555851,,female,10X_scRNA-seq,FCAImmP7555851,TH,CD45P,16.0,3GEX,F41,F41_TH_CD45P_FCAImmP7555851,female,Collagnase,Whole,3025.0,Medical,,
228,228,228,thymus,FCAImmP7555852,3GEX,10x3'v2,  E-MTAB-8581,16,16,¬†JE Park¬†¬∑¬†2020,thymus,Cross_Organ,,,,F41,3 prime tag,CD45-negative,,No,1,,thymus,thymus,Homo sapiens,,FCAImmP7555852,,FCAImmP7555852,,female,10X_scRNA-seq,FCAImmP7555852,TH,CD45N,16.0,3GEX,F41,F41_TH_CD45N_FCAImmP7555852,female,Collagnase,Whole,3158.0,Medical,,
229,229,229,thymus,FCAImmP7555860,5GEX,10x5'v2,  E-MTAB-8581,16,16,¬†JE Park¬†¬∑¬†2020,thymus,Cross_Organ,,,,F41,5 prime tag,CD45-positive,,No,1,,thymus,thymus,Homo sapiens,,FCAImmP7555860,,FCAImmP7555860,,female,10X_scRNA-seq,FCAImmP7555860,TH,CD45P,16.0,5GEX,F41,F41_TH_CD45P_FCAImmP7555860,female,Collagnase,Whole,1279.0,Medical,FCAImmP7607599,WSSS_F_Imm10424042
230,230,230,thymus,FCAImmP7555861,5GEX,10x5'v2,  E-MTAB-8581,16,16,¬†JE Park¬†¬∑¬†2020,thymus,Cross_Organ,,,,F41,5 prime tag,CD45-negative,,No,1,,thymus,thymus,Homo sapiens,,FCAImmP7555861,,FCAImmP7555861,,female,10X_scRNA-seq,FCAImmP7555861,TH,CD45N,16.0,5GEX,F41,F41_TH_CD45N_FCAImmP7555861,female,Collagnase,Whole,2074.0,Medical,FCAImmP7607600,WSSS_F_Imm11279975
231,231,231,thymus,F83_TH_EPCAM,5GEX,10x5'v2,  E-MTAB-8581,17,17,¬†JE Park¬†¬∑¬†2020,thymus,Cross_Organ,,,,F83,5 prime tag,EPCAM-positive,,No,1,,thymus,thymus,Homo sapiens,,F83_TH_EPCAM,,F83_TH_EPCAM,,female,10X_scRNA-seq,,,,,,,,,,,,,,
232,232,232,thymus,FCAImmP7277556,3GEX,10x3'v2,  E-MTAB-8581,17,17,¬†JE Park¬†¬∑¬†2020,thymus,Cross_Organ,,,,F29,3 prime tag,CD45-positive,,No,1,,thymus,thymus,Homo sapiens,,FCAImmP7277556,,FCAImmP7277556,,female,10X_scRNA-seq,FCAImmP7277556,TH,CD45P,17.0,3GEX,F29,F29_TH_CD45P_FCAImmP7277556,female,Collagnase,Whole,5834.0,Medical,,
233,233,233,thymus,FCAImmP7277557,3GEX,10x3'v2,  E-MTAB-8581,17,17,¬†JE Park¬†¬∑¬†2020,thymus,Cross_Organ,,,,F29,3 prime tag,CD45-negative,,No,1,,thymus,thymus,Homo sapiens,,FCAImmP7277557,,FCAImmP7277557,,female,10X_scRNA-seq,,,,,,,,,,,,,,
234,234,234,thymus,FCAImmP7292030,5GEX,10x5'v2,  E-MTAB-8581,17,17,¬†JE Park¬†¬∑¬†2020,thymus,Cross_Organ,,,,F29,5 prime tag,CD45-positive,,No,1,,thymus,thymus,Homo sapiens,,FCAImmP7292030,,FCAImmP7292030,,female,10X_scRNA-seq,FCAImmP7292030,TH,TOT,17.0,5GEX,F29,F29_TH_TOT_FCAImmP7292030,female,Collagnase,Whole,5131.0,Medical,FCAImmP7292943,WSSS_F_Imm10424050
235,235,235,yolk sac,FCAImmP7862088,5GEX,10x5'v1,E-MTAB-11343,7,7,Suo_Dann_et_al_2022,yolk sac,Cross_Organ,,,,F61,5 prime tag,CD45+,,No,1,,yolk sac,yolk sac,Homo sapiens,,FCAImmP7862088,,FCAImmP7862088,,male,10X_scRNA-seq,FCAImmP7862088,YS,CD45P,7.0,5GEX,F61,F61_YS_CD45P_FCAImmP7862088,male,Collagnase,unknown,5574.0,Medical,,WSSS_F_Imm10424062
236,236,236,yolk sac,FCAImmP7862089,5GEX,10x5'v1,E-MTAB-11343,7,7,Suo_Dann_et_al_2022,yolk sac,Cross_Organ,,,,F61,5 prime tag,CD45+,,No,1,,yolk sac,yolk sac,Homo sapiens,,FCAImmP7862089,,FCAImmP7862089,,male,10X_scRNA-seq,FCAImmP7862089,YS,CD45P,7.0,5GEX,F61,F61_YS_CD45P_FCAImmP7862089,male,Collagnase,unknown,4965.0,Medical,,
237,237,237,yolk sac,FCAImmP7862090,5GEX,10x5'v1,E-MTAB-11343,7,7,Suo_Dann_et_al_2022,yolk sac,Cross_Organ,,,,F61,5 prime tag,CD45+,,No,1,,yolk sac,yolk sac,Homo sapiens,,FCAImmP7862090,,FCAImmP7862090,,male,10X_scRNA-seq,FCAImmP7862090,YS,CD45P,7.0,5GEX,F61,F61_YS_CD45P_FCAImmP7862090,male,Collagnase,unknown,3187.0,Medical,,
238,238,238,yolk sac,FCAImmP7862091,5GEX,10x5'v1,E-MTAB-11343,7,7,Suo_Dann_et_al_2022,yolk sac,Cross_Organ,,,,F61,5 prime tag,CD45-,,No,1,,yolk sac,yolk sac,Homo sapiens,,FCAImmP7862091,,FCAImmP7862091,,male,10X_scRNA-seq,FCAImmP7862091,YS,CD45N,7.0,5GEX,F61,F61_YS_CD45N_FCAImmP7862091,male,Collagnase,unknown,8936.0,Medical,,
239,239,239,yolk sac,FCAImmP7862092,5GEX,10x5'v1,E-MTAB-11343,7,7,Suo_Dann_et_al_2022,yolk sac,Cross_Organ,,,,F61,5 prime tag,CD45-,,No,1,,yolk sac,yolk sac,Homo sapiens,,FCAImmP7862092,,FCAImmP7862092,,male,10X_scRNA-seq,FCAImmP7862092,YS,CD45N,7.0,5GEX,F61,F61_YS_CD45N_FCAImmP7862092,male,Collagnase,unknown,8733.0,Medical,,
240,240,240,yolk sac,FCAImmP7862093,5GEX,10x5'v1,E-MTAB-11343,7,7,Suo_Dann_et_al_2022,yolk sac,Cross_Organ,,,,F61,5 prime tag,CD45-,,No,1,,yolk sac,yolk sac,Homo sapiens,,FCAImmP7862093,,FCAImmP7862093,,male,10X_scRNA-seq,FCAImmP7862093,YS,CD45N,7.0,5GEX,F61,F61_YS_CD45N_FCAImmP7862093,male,Collagnase,unknown,9113.0,Medical,,
241,241,241,yolk sac,FCAImmP7198435,3GEX,10x3'v2,E-MTAB-11343,9,9,Suo_Dann_et_al_2022,yolk sac,Cross_Organ,,,,F22,3 prime tag,unsorted,,No,1,,yolk sac,yolk sac,Homo sapiens,,FCAImmP7198435,,FCAImmP7198435,,female,10X_scRNA-seq,FCAImmP7198435,YS,TOT,9.0,3GEX,F22,F22_YS_TOT_FCAImmP7198435,female,Collagnase,Contents,42.0,Medical,,
242,242,242,yolk sac,FCAImmP7504909,3GEX,10x3'v2,E-MTAB-7407,4 weeks gestation,2_4,Popescue_et_al_2019,yolk sac,Cross_Organ,,,,F1,3 prime tag,Live/dead sorting,Live/dead sorting,No,1,,yolk sac,yolk sac,Homo sapiens,,FCAImmP7504909,,FCAImmP7504909,,female,10X_scRNA-seq,FCAImmP7504909,YS,TOT,4.0,3GEX,F37,F37_YS_TOT_FCAImmP7504909,female,Collagnase,Contents,3142.0,Medical,,
243,243,243,yolk sac,FCAImmP7504910,3GEX,10x3'v2,E-MTAB-7407,4 weeks gestation,2_4,Popescue_et_al_2019,yolk sac,Cross_Organ,,,,F1,3 prime tag,Live/dead sorting,Live/dead sorting,No,1,,yolk sac,yolk sac,Homo sapiens,,FCAImmP7504910,,FCAImmP7504910,,female,10X_scRNA-seq,FCAImmP7504910,YS,TOT,4.0,3GEX,F37,F37_YS_TOT_FCAImmP7504910,female,Collagnase,Contents,2651.0,Medical,,
244,244,244,yolk sac,FCAImmP7504911,3GEX,10x3'v2,E-MTAB-7407,4 weeks gestation,2_4,Popescue_et_al_2019,yolk sac,Cross_Organ,,,,F1,3 prime tag,Live/dead sorting,Live/dead sorting,No,1,,yolk sac,yolk sac,Homo sapiens,,FCAImmP7504911,,FCAImmP7504911,,female,10X_scRNA-seq,FCAImmP7504911,YS,TOT,4.0,3GEX,F37,F37_YS_TOT_FCAImmP7504911,female,Collagnase,Membrane,3283.0,Medical,,
245,245,245,yolk sac,FCAImmP7504912,3GEX,10x3'v2,E-MTAB-7407,4 weeks gestation,2_4,Popescue_et_al_2019,yolk sac,Cross_Organ,,,,F1,3 prime tag,Live/dead sorting,Live/dead sorting,No,1,,yolk sac,yolk sac,Homo sapiens,,FCAImmP7504912,,FCAImmP7504912,,female,10X_scRNA-seq,FCAImmP7504912,YS,TOT,4.0,3GEX,F37,F37_YS_TOT_FCAImmP7504912,female,Collagnase,Membrane,3003.0,Medical,,
246,246,246,yolk sac,FCAImmP7504913,3GEX,10x3'v2,E-MTAB-7407,4 weeks gestation,2_4,Popescue_et_al_2019,yolk sac,Cross_Organ,,,,F1,3 prime tag,Live/dead sorting,Live/dead sorting,No,1,,yolk sac,yolk sac,Homo sapiens,,FCAImmP7504913,,FCAImmP7504913,,female,10X_scRNA-seq,FCAImmP7504913,YS,TOT,4.0,3GEX,F37,F37_YS_TOT_FCAImmP7504913,female,Collagnase,Membrane,2892.0,Medical,,
247,247,247,yolk sac,FCAImmP7316900,3GEX,10x3'v2,E-MTAB-7407,7 weeks gestation,5_7,Popescue_et_al_2019,yolk sac,Cross_Organ,,,,F2,3 prime tag,Live/dead sorting,Live/dead sorting,No,1,,yolk sac,yolk sac,Homo sapiens,,FCAImmP7316900,,FCAImmP7316900,,female,10X_scRNA-seq,FCAImmP7316900,YS,TOT,7.0,3GEX,F32,F32_YS_TOT_FCAImmP7316900,female,Collagnase,Membrane,720.0,Medical,,
248,248,248,yolk sac,FCAImmP7462244,3GEX,10x3'v2,E-MTAB-7407,7 weeks gestation,5_7,Popescue_et_al_2019,yolk sac,Cross_Organ,,,,F3,3 prime tag,Live/dead sorting,Live/dead sorting,No,1,,yolk sac,yolk sac,Homo sapiens,,FCAImmP7462244,,FCAImmP7462244,,female,10X_scRNA-seq,FCAImmP7462244,YS,TOT,7.0,3GEX,F35,F35_YS_TOT_FCAImmP7462244,female,Collagnase,Membrane,1524.0,Medical,,
249,249,249,yolk sac,WS_wEMB12142156,5GEX,10x5'v2,E-MAT-11673,Carnegie stage 17,5_6,Whole_Embryo,yolk sac,Cross_Organ,,10x 5' v2,,F158,5 prime tag,Total,,No,1,,yolk sac,yolk sac,Homo sapiens,,WS_wEMB12142156,,WS_wEMB12142156,,female,10X_scRNA-seq,,,,,,,,,,,,,,
250,250,250,yolk sac,WS_wEMB12142157,5GEX,10x5'v2,E-MAT-11673,Carnegie stage 17,5_6,Whole_Embryo,yolk sac,Cross_Organ,,10x 5' v2,,F158,5 prime tag,Total,,No,1,,yolk sac,yolk sac,Homo sapiens,,WS_wEMB12142157,,WS_wEMB12142157,,female,10X_scRNA-seq,,,,,,,,,,,,,,
251,251,251,yolk sac,WS_wEMB12142158,5GEX,10x5'v2,E-MAT-11673,Carnegie stage 17,5_6,Whole_Embryo,yolk sac,Cross_Organ,,10x 5' v2,,F158,5 prime tag,Total,,No,1,,yolk sac,yolk sac,Homo sapiens,,WS_wEMB12142158,,WS_wEMB12142158,,female,10X_scRNA-seq,,,,,,,,,,,,,,
252,252,252,yolk sac,WS_wEMB12142159,5GEX,10x5'v2,E-MAT-11673,Carnegie stage 17,5_6,Whole_Embryo,yolk sac,Cross_Organ,,10x 5' v2,,F158,5 prime tag,Total,,No,1,,yolk sac,yolk sac,Homo sapiens,,WS_wEMB12142159,,WS_wEMB12142159,,female,10X_scRNA-seq,,,,,,,,,,,,,,
253,253,253,yolk sac,FCAImmP8096686,5GEX,10x5'v2,E-MTAB-10552,carnegie stage 18,6_8,Goh_et_al_2023,vitelline blood vessel,Cross_Organ,,10xV2,,F79,3 prime tag,CD45+,,No,1,,yolk sac,yolk sac,Homo sapiens,,FCAImmP8096686,,FCAImmP8096686,vitelline blood vessel,male,10X_scRNA-seq,,,,,,,,,,,,,,
254,254,254,yolk sac,FCAImmP8096687,5GEX,10x5'v2,E-MTAB-10552,carnegie stage 18,6_8,Goh_et_al_2023,vitelline blood vessel,Cross_Organ,,10xV2,,F79,3 prime tag,CD45-,,No,1,,yolk sac,yolk sac,Homo sapiens,,FCAImmP8096687,,FCAImmP8096687,vitelline blood vessel,male,10X_scRNA-seq,,,,,,,,,,,,,,
255,255,255,yolk sac,FCAImmP8096688,5GEX,10x5'v2,E-MTAB-10552,carnegie stage 18,6_8,Goh_et_al_2023,membrane,Cross_Organ,,10xV2,,F79,3 prime tag,CD45+,,No,1,,yolk sac,yolk sac,Homo sapiens,,FCAImmP8096688,,FCAImmP8096688,membrane,male,10X_scRNA-seq,,,,,,,,,,,,,,
256,256,256,yolk sac,FCAImmP8096689,5GEX,10x5'v2,E-MTAB-10552,carnegie stage 18,6_8,Goh_et_al_2023,membrane,Cross_Organ,,10xV2,,F79,3 prime tag,CD45-,,No,1,,yolk sac,yolk sac,Homo sapiens,,FCAImmP8096689,,FCAImmP8096689,membrane,male,10X_scRNA-seq,,,,,,,,,,,,,,
257,257,257,yolk sac,FCAImmP8096690,5GEX,10x5'v2,E-MTAB-10552,carnegie stage 18,6_8,Goh_et_al_2023,membrane,Cross_Organ,,10xV2,,F79,3 prime tag,CD45-,,No,1,,yolk sac,yolk sac,Homo sapiens,,FCAImmP8096690,,FCAImmP8096690,membrane,male,10X_scRNA-seq,,,,,,,,,,,,,,
258,258,258,yolk sac,FCAImmP8096691,5GEX,10x5'v2,E-MTAB-10552,carnegie stage 18,6_8,Goh_et_al_2023,membrane,Cross_Organ,,10xV2,,F79,3 prime tag,CD45-,,No,1,,yolk sac,yolk sac,Homo sapiens,,FCAImmP8096691,,FCAImmP8096691,membrane,male,10X_scRNA-seq,,,,,,,,,,,,,,
259,259,259,yolk sac,FCAImmP8096692,5GEX,10x5'v2,E-MTAB-10552,carnegie stage 18,6_8,Goh_et_al_2023,membrane,Cross_Organ,,10xV2,,F80,3 prime tag,CD45+,,No,1,,yolk sac,yolk sac,Homo sapiens,,FCAImmP8096692,,FCAImmP8096692,membrane,male,10X_scRNA-seq,,,,,,,,,,,,,,
260,260,260,yolk sac,FCAImmP8096693,5GEX,10x5'v2,E-MTAB-10552,carnegie stage 18,6_8,Goh_et_al_2023,membrane,Cross_Organ,,10xV2,,F80,3 prime tag,CD45+,,No,1,,yolk sac,yolk sac,Homo sapiens,,FCAImmP8096693,,FCAImmP8096693,membrane,male,10X_scRNA-seq,,,,,,,,,,,,,,
261,261,261,yolk sac,FCAImmP8096694,5GEX,10x5'v2,E-MTAB-10552,carnegie stage 18,6_8,Goh_et_al_2023,membrane,Cross_Organ,,10xV2,,F80,3 prime tag,CD45-,,No,1,,yolk sac,yolk sac,Homo sapiens,,FCAImmP8096694,,FCAImmP8096694,membrane,male,10X_scRNA-seq,,,,,,,,,,,,,,
262,262,262,yolk sac,FCAImmP8096695,5GEX,10x5'v2,E-MTAB-10552,carnegie stage 18,6_8,Goh_et_al_2023,membrane,Cross_Organ,,10xV2,,F80,3 prime tag,CD45-,,No,1,,yolk sac,yolk sac,Homo sapiens,,FCAImmP8096695,,FCAImmP8096695,membrane,male,10X_scRNA-seq,,,,,,,,,,,,,,
263,263,263,yolk sac,FCAImmP8096696,5GEX,10x5'v2,E-MTAB-10552,carnegie stage 18,6_8,Goh_et_al_2023,membrane,Cross_Organ,,10xV2,,F80,3 prime tag,CD45-,,No,1,,yolk sac,yolk sac,Homo sapiens,,FCAImmP8096696,,FCAImmP8096696,membrane,male,10X_scRNA-seq,,,,,,,,,,,,,,
264,264,264,yolk sac,FCAImmP8102304,5GEX,10x5'v2,E-MTAB-10552,carnegie stage 18,6_8,Goh_et_al_2023,vitelline blood vessel,Cross_Organ,,10xV2,,F79,3 prime tag,CD45-,,No,1,,yolk sac,yolk sac,Homo sapiens,,FCAImmP8102304,,FCAImmP8102304,vitelline blood vessel,male,10X_scRNA-seq,,,,,,,,,,,,,,
265,265,265,yolk sac stalk,WS_wEMB12142160,5GEX,10x5'v2,E-MAT-11673,Carnegie stage 17,5_6,Whole_Embryo,yolk sac stalk,Cross_Organ,,10x 5' v2,,F158,5 prime tag,Total ,,No,1,,yolk sac stalk,yolk sac stalk,Homo sapiens,,WS_wEMB12142160,,WS_wEMB12142160,,female,10X_scRNA-seq,,,,,,,,,,,,,,
266,266,266,yolk sac stalk,WS_wEMB12142161,5GEX,10x5'v2,E-MAT-11673,Carnegie stage 17,5_6,Whole_Embryo,yolk sac stalk,Cross_Organ,,10x 5' v2,,F158,5 prime tag,Total ,,No,1,,yolk sac stalk,yolk sac stalk,Homo sapiens,,WS_wEMB12142161,,WS_wEMB12142161,,female,10X_scRNA-seq,,,,,,,,,,,,,,
267,267,267,Meninges,HCA_BRA_F13168988,10X_multiome,10x_multiome,Sanger,6.7,6.7,Sanger,cerebral,Cross_Organ,,,,BRC¬†2432.00,,Total ,,No,1,,Meninges,Meninges,Homo sapiens,,HCA_BRA_F13168988_and_HCA_BRA_F13168604,,HCA_BRA_F13168988,,Unknown,10X_multiome,,,,,,,,,,,,,,
268,268,268,Meninges,HCA_BRA_F13168989,10X_multiome,10x_multiome,Sanger,8.4,8.4,Sanger,cerebral,Cross_Organ,,,,BRC¬†2433.00,,Total ,,No,1,,Meninges,Meninges,Homo sapiens,,HCA_BRA_F13168989_and_HCA_BRA_F13168605,,HCA_BRA_F13168989,,Unknown,10X_multiome,,,,,,,,,,,,,,
269,269,269,Meninges,HCA_BRA_F13168990,10X_multiome,10x_multiome,Sanger,"6.7,8.4","6.7,8.4",Sanger,cerebral,Cross_Organ,,,,multiplexed,,Total ,,Yes,2,,Meninges,Meninges,Homo sapiens,,HCA_BRA_F13168990_and_HCA_BRA_F13168606,,HCA_BRA_F13168990,,Unknown,10X_multiome,,,,,,,,,,,,,,
270,270,270,Meninges,HCA_BRA_F13168991,10X_multiome,10x_multiome,Sanger,"6.7,8.4","6.7,8.4",Sanger,falcine,Cross_Organ,,,,multiplexed,,Total ,,Yes,2,,Meninges,Meninges,Homo sapiens,,HCA_BRA_F13168991_and_HCA_BRA_F13168607,,HCA_BRA_F13168991,,Unknown,10X_multiome,,,,,,,,,,,,,,
271,271,271,Meninges,HCA_BRA_F13168992,10X_multiome,10x_multiome,Sanger,"6.7,8.4","6.7,8.4",Sanger,skullbase,Cross_Organ,,,,multiplexed,,Total ,,Yes,2,,Meninges,Meninges,Homo sapiens,,HCA_BRA_F13168992_and_HCA_BRA_F13168608,,HCA_BRA_F13168992,,Unknown,10X_multiome,,,,,,,,,,,,,,
272,272,272,Meninges,HCA_BRA_F13168993,10X_multiome,10x_multiome,Sanger,"6.7,8.4","6.7,8.4",Sanger,skullbase,Cross_Organ,,,,multiplexed,,Total ,,Yes,2,,Meninges,Meninges,Homo sapiens,,HCA_BRA_F13168993_and_HCA_BRA_F13168609,,HCA_BRA_F13168993,,Unknown,10X_multiome,,,,,,,,,,,,,,
273,273,273,Meninges,HCA_BRA_F13774551,10X_multiome,10x_multiome,Sanger,"9.2,9.9,12.5","9.2,9.9,12.5",Sanger,multiplexed,Cross_Organ,,,,multiplexed,,Total ,,Yes,3,,Meninges,Meninges,Homo sapiens,,HCA_BRA_F13774551_and_HCA_BRA_F13768421,,HCA_BRA_F13774551,,Unknown,10X_multiome,,,,,,,,,,,,,,
274,274,274,Meninges,HCA_BRA_F13774552,10X_multiome,10x_multiome,Sanger,"9.2,9.9,12.5","9.2,9.9,12.5",Sanger,multiplexed,Cross_Organ,,,,multiplexed,,Total ,,Yes,3,,Meninges,Meninges,Homo sapiens,,HCA_BRA_F13774552_and_HCA_BRA_F13768422,,HCA_BRA_F13774552,,Unknown,10X_multiome,,,,,,,,,,,,,,
275,275,275,Meninges,HCA_BRA_F13774553,10X_multiome,10x_multiome,Sanger,"9.2,9.9,12.5","9.2,9.9,12.5",Sanger,multiplexed,Cross_Organ,,,,multiplexed,,Total ,,Yes,3,,Meninges,Meninges,Homo sapiens,,HCA_BRA_F13774553_and_HCA_BRA_F13768423,,HCA_BRA_F13774553,,Unknown,10X_multiome,,,,,,,,,,,,,,
276,276,276,Meninges,HCA_BRA_F13774554,10X_multiome,10x_multiome,Sanger,"9.2,9.9,12.5","9.2,9.9,12.5",Sanger,sb-ant,Cross_Organ,,,,multiplexed,,Total ,,Yes,3,,Meninges,Meninges,Homo sapiens,,HCA_BRA_F13774554_and_HCA_BRA_F13852281,,HCA_BRA_F13774554,,Unknown,10X_multiome,,,,,,,,,,,,,,
277,277,277,Meninges,HCA_BRA_F13774555,10X_multiome,10x_multiome,Sanger,"9.2,9.9,12.5","9.2,9.9,12.5",Sanger,sb-post,Cross_Organ,,,,multiplexed,,Total ,,Yes,3,,Meninges,Meninges,Homo sapiens,,HCA_BRA_F13774555_and_HCA_BRA_F13852282,,HCA_BRA_F13774555,,Unknown,10X_multiome,,,,,,,,,,,,,,
278,278,278,Meninges,HCA_BRA_F13774556,10X_multiome,10x_multiome,Sanger,"9.2,9.9,12.5","9.2,9.9,12.5",Sanger,sagittal,Cross_Organ,,,,multiplexed,,Total ,,Yes,3,,Meninges,Meninges,Homo sapiens,,HCA_BRA_F13774556_and_HCA_BRA_F13852283,,HCA_BRA_F13774556,,Unknown,10X_multiome,,,,,,,,,,,,,,
