Source Name,Comment[ENA_SAMPLE],Comment[BioSD_SAMPLE],Characteristics[organism],Characteristics[individual],Characteristics[age],Unit[time unit],Term Source REF,Term Accession Number,Characteristics[developmental stage],Characteristics[sex],Characteristics[organism part],Characteristics[immunophenotype],Material Type,Protocol REF,Protocol REF.1,Protocol REF.2,Extract Name,Material Type.1,Comment[LIBRARY_LAYOUT],Comment[LIBRARY_SELECTION],Comment[LIBRARY_SOURCE],Comment[LIBRARY_STRAND],Comment[LIBRARY_STRATEGY],Comment[cdna read],Comment[cdna read offset],Comment[cdna read size],Comment[cell barcode offset],Comment[cell barcode read],Comment[cell barcode size],Comment[end bias],Comment[input molecule],Comment[library construction],Comment[primer],Comment[sample barcode offset],Comment[sample barcode read],Comment[sample barcode size],Comment[single cell isolation],Comment[spike in],Comment[umi barcode offset],Comment[umi barcode read],Comment[umi barcode size],Protocol REF.3,Performer,Assay Name,Comment[technical replicate group],Technology Type,Comment[ENA_EXPERIMENT],Scan Name,Comment[SUBMITTED_FILE_NAME],Comment[ENA_RUN],Comment[FASTQ_URI],Comment[READ_TYPE],Comment[READ_INDEX],Factor Value[age],Unit[time unit].1,Term Source REF.1,Term Accession Number.1
FCAImmP7862095,ERS15604011,SAMEA113609831,Homo sapiens,F61,7,week,EFO,UO_0000034,late embryonic stage,male,skin,CD45-,cell,P-MTAB-134061,P-MTAB-134062,P-MTAB-134063,FCAImmP7862095,RNA,PAIRED,unspecified,TRANSCRIPTOMIC SINGLE CELL,not applicable,RNA-Seq,read2,0,91,0,read1,16,5 prime tag,polyA RNA,10x 5' v1,oligo-dT,0,index1,8,10x technology,none,16,read1,10,P-MTAB-134064,Wellcome Sanger Institute,28746_8_ATCATGCA_S7_L008,group 1,sequencing assay,ERX10970987,28746_8_ATCATGCA_S7_L008_R2_001.fastq.gz,28746_8_ATCATGCA_S7_L008_R2_001.fastq.gz,ERR11566814,ftp://ftp.sra.ebi.ac.uk/vol1/run/ERR115/ERR11566814/28746_8_ATCATGCA_S7_L008_R2_001.fastq.gz,single,read2,7,week,EFO,UO_0000034
FCAImmP7862095,ERS15604011,SAMEA113609831,Homo sapiens,F61,7,week,EFO,UO_0000034,late embryonic stage,male,skin,CD45-,cell,P-MTAB-134061,P-MTAB-134062,P-MTAB-134063,FCAImmP7862095,RNA,PAIRED,unspecified,TRANSCRIPTOMIC SINGLE CELL,not applicable,RNA-Seq,read2,0,91,0,read1,16,5 prime tag,polyA RNA,10x 5' v1,oligo-dT,0,index1,8,10x technology,none,16,read1,10,P-MTAB-134064,Wellcome Sanger Institute,28746_8_GGTTCCTC_S6_L008,group 1,sequencing assay,ERX10970987,28746_8_GGTTCCTC_S6_L008_I1_001.fastq.gz,28746_8_GGTTCCTC_S6_L008_I1_001.fastq.gz,ERR11566815,ftp://ftp.sra.ebi.ac.uk/vol1/run/ERR115/ERR11566815/28746_8_GGTTCCTC_S6_L008_I1_001.fastq.gz,sample_barcode,index1,7,week,EFO,UO_0000034
FCAImmP7862095,ERS15604011,SAMEA113609831,Homo sapiens,F61,7,week,EFO,UO_0000034,late embryonic stage,male,skin,CD45-,cell,P-MTAB-134061,P-MTAB-134062,P-MTAB-134063,FCAImmP7862095,RNA,PAIRED,unspecified,TRANSCRIPTOMIC SINGLE CELL,not applicable,RNA-Seq,read2,0,91,0,read1,16,5 prime tag,polyA RNA,10x 5' v1,oligo-dT,0,index1,8,10x technology,none,16,read1,10,P-MTAB-134064,Wellcome Sanger Institute,28746_8_TAACAAGG_S5_L008,group 1,sequencing assay,ERX10970987,28746_8_TAACAAGG_S5_L008_I1_001.fastq.gz,28746_8_TAACAAGG_S5_L008_I1_001.fastq.gz,ERR11566816,ftp://ftp.sra.ebi.ac.uk/vol1/run/ERR115/ERR11566816/28746_8_TAACAAGG_S5_L008_I1_001.fastq.gz,sample_barcode,index1,7,week,EFO,UO_0000034
FCAImmP7862095,ERS15604011,SAMEA113609831,Homo sapiens,F61,7,week,EFO,UO_0000034,late embryonic stage,male,skin,CD45-,cell,P-MTAB-134061,P-MTAB-134062,P-MTAB-134063,FCAImmP7862095,RNA,PAIRED,unspecified,TRANSCRIPTOMIC SINGLE CELL,not applicable,RNA-Seq,read2,0,91,0,read1,16,5 prime tag,polyA RNA,10x 5' v1,oligo-dT,0,index1,8,10x technology,none,16,read1,10,P-MTAB-134064,Wellcome Sanger Institute,28746_8_ATCATGCA_S7_L008,group 1,sequencing assay,ERX10970987,28746_8_ATCATGCA_S7_L008_R1_001.fastq.gz,28746_8_ATCATGCA_S7_L008_R1_001.fastq.gz,ERR11566814,ftp://ftp.sra.ebi.ac.uk/vol1/run/ERR115/ERR11566814/28746_8_ATCATGCA_S7_L008_R1_001.fastq.gz,"cell_barcode, umi_barcode",read1,7,week,EFO,UO_0000034
FCAImmP7862095,ERS15604011,SAMEA113609831,Homo sapiens,F61,7,week,EFO,UO_0000034,late embryonic stage,male,skin,CD45-,cell,P-MTAB-134061,P-MTAB-134062,P-MTAB-134063,FCAImmP7862095,RNA,PAIRED,unspecified,TRANSCRIPTOMIC SINGLE CELL,not applicable,RNA-Seq,read2,0,91,0,read1,16,5 prime tag,polyA RNA,10x 5' v1,oligo-dT,0,index1,8,10x technology,none,16,read1,10,P-MTAB-134064,Wellcome Sanger Institute,28746_8_CCGGGTAT_S8_L008,group 1,sequencing assay,ERX10970987,28746_8_CCGGGTAT_S8_L008_R2_001.fastq.gz,28746_8_CCGGGTAT_S8_L008_R2_001.fastq.gz,ERR11566813,ftp://ftp.sra.ebi.ac.uk/vol1/run/ERR115/ERR11566813/28746_8_CCGGGTAT_S8_L008_R2_001.fastq.gz,single,read2,7,week,EFO,UO_0000034
FCAImmP7862095,ERS15604011,SAMEA113609831,Homo sapiens,F61,7,week,EFO,UO_0000034,late embryonic stage,male,skin,CD45-,cell,P-MTAB-134061,P-MTAB-134062,P-MTAB-134063,FCAImmP7862095,RNA,PAIRED,unspecified,TRANSCRIPTOMIC SINGLE CELL,not applicable,RNA-Seq,read2,0,91,0,read1,16,5 prime tag,polyA RNA,10x 5' v1,oligo-dT,0,index1,8,10x technology,none,16,read1,10,P-MTAB-134064,Wellcome Sanger Institute,28746_8_GGTTCCTC_S6_L008,group 1,sequencing assay,ERX10970987,28746_8_GGTTCCTC_S6_L008_R2_001.fastq.gz,28746_8_GGTTCCTC_S6_L008_R2_001.fastq.gz,ERR11566815,ftp://ftp.sra.ebi.ac.uk/vol1/run/ERR115/ERR11566815/28746_8_GGTTCCTC_S6_L008_R2_001.fastq.gz,single,read2,7,week,EFO,UO_0000034
FCAImmP7862095,ERS15604011,SAMEA113609831,Homo sapiens,F61,7,week,EFO,UO_0000034,late embryonic stage,male,skin,CD45-,cell,P-MTAB-134061,P-MTAB-134062,P-MTAB-134063,FCAImmP7862095,RNA,PAIRED,unspecified,TRANSCRIPTOMIC SINGLE CELL,not applicable,RNA-Seq,read2,0,91,0,read1,16,5 prime tag,polyA RNA,10x 5' v1,oligo-dT,0,index1,8,10x technology,none,16,read1,10,P-MTAB-134064,Wellcome Sanger Institute,28746_8_CCGGGTAT_S8_L008,group 1,sequencing assay,ERX10970987,28746_8_CCGGGTAT_S8_L008_R1_001.fastq.gz,28746_8_CCGGGTAT_S8_L008_R1_001.fastq.gz,ERR11566813,ftp://ftp.sra.ebi.ac.uk/vol1/run/ERR115/ERR11566813/28746_8_CCGGGTAT_S8_L008_R1_001.fastq.gz,"cell_barcode, umi_barcode",read1,7,week,EFO,UO_0000034
FCAImmP7862095,ERS15604011,SAMEA113609831,Homo sapiens,F61,7,week,EFO,UO_0000034,late embryonic stage,male,skin,CD45-,cell,P-MTAB-134061,P-MTAB-134062,P-MTAB-134063,FCAImmP7862095,RNA,PAIRED,unspecified,TRANSCRIPTOMIC SINGLE CELL,not applicable,RNA-Seq,read2,0,91,0,read1,16,5 prime tag,polyA RNA,10x 5' v1,oligo-dT,0,index1,8,10x technology,none,16,read1,10,P-MTAB-134064,Wellcome Sanger Institute,28746_8_GGTTCCTC_S6_L008,group 1,sequencing assay,ERX10970987,28746_8_GGTTCCTC_S6_L008_R1_001.fastq.gz,28746_8_GGTTCCTC_S6_L008_R1_001.fastq.gz,ERR11566815,ftp://ftp.sra.ebi.ac.uk/vol1/run/ERR115/ERR11566815/28746_8_GGTTCCTC_S6_L008_R1_001.fastq.gz,"cell_barcode, umi_barcode",read1,7,week,EFO,UO_0000034
FCAImmP7862095,ERS15604011,SAMEA113609831,Homo sapiens,F61,7,week,EFO,UO_0000034,late embryonic stage,male,skin,CD45-,cell,P-MTAB-134061,P-MTAB-134062,P-MTAB-134063,FCAImmP7862095,RNA,PAIRED,unspecified,TRANSCRIPTOMIC SINGLE CELL,not applicable,RNA-Seq,read2,0,91,0,read1,16,5 prime tag,polyA RNA,10x 5' v1,oligo-dT,0,index1,8,10x technology,none,16,read1,10,P-MTAB-134064,Wellcome Sanger Institute,28746_8_TAACAAGG_S5_L008,group 1,sequencing assay,ERX10970987,28746_8_TAACAAGG_S5_L008_R2_001.fastq.gz,28746_8_TAACAAGG_S5_L008_R2_001.fastq.gz,ERR11566816,ftp://ftp.sra.ebi.ac.uk/vol1/run/ERR115/ERR11566816/28746_8_TAACAAGG_S5_L008_R2_001.fastq.gz,single,read2,7,week,EFO,UO_0000034
FCAImmP7862095,ERS15604011,SAMEA113609831,Homo sapiens,F61,7,week,EFO,UO_0000034,late embryonic stage,male,skin,CD45-,cell,P-MTAB-134061,P-MTAB-134062,P-MTAB-134063,FCAImmP7862095,RNA,PAIRED,unspecified,TRANSCRIPTOMIC SINGLE CELL,not applicable,RNA-Seq,read2,0,91,0,read1,16,5 prime tag,polyA RNA,10x 5' v1,oligo-dT,0,index1,8,10x technology,none,16,read1,10,P-MTAB-134064,Wellcome Sanger Institute,28746_8_TAACAAGG_S5_L008,group 1,sequencing assay,ERX10970987,28746_8_TAACAAGG_S5_L008_R1_001.fastq.gz,28746_8_TAACAAGG_S5_L008_R1_001.fastq.gz,ERR11566816,ftp://ftp.sra.ebi.ac.uk/vol1/run/ERR115/ERR11566816/28746_8_TAACAAGG_S5_L008_R1_001.fastq.gz,"cell_barcode, umi_barcode",read1,7,week,EFO,UO_0000034
HCA_rFSKI14449635,ERS19636918,SAMEA115579218,Homo sapiens,F220,17,week,EFO,UO_0000034,late embryonic stage,female,skin,CD45P,cell,P-MTAB-134061,P-MTAB-134062,P-MTAB-134063,HCA_rFSKI14449635,RNA,PAIRED,unspecified,TRANSCRIPTOMIC SINGLE CELL,not applicable,RNA-Seq,read2,0,91,0,read1,16,5 prime tag,polyA RNA,10x 5' v1,oligo-dT,0,index1,8,10x technology,none,16,read1,10,P-MTAB-134064,Wellcome Sanger Institute,48027_4_GTAACATGCG-AGGTAACACT_S1_L004,,sequencing assay,ERX12445721,48027_4_GTAACATGCG-AGGTAACACT_S1_L004_R1_001.fastq.gz,48027_4_GTAACATGCG-AGGTAACACT_S1_L004_R1_001.fastq.gz,ERR13074017,ftp://ftp.sra.ebi.ac.uk/vol1/run/ERR130/ERR13074017/48027_4_GTAACATGCG-AGGTAACACT_S1_L004_R1_001.fastq.gz,"cell_barcode, umi_barcode",read1,17,week,EFO,UO_0000034
HCA_rFSKI14449635,ERS19636918,SAMEA115579218,Homo sapiens,F220,17,week,EFO,UO_0000034,late embryonic stage,female,skin,CD45P,cell,P-MTAB-134061,P-MTAB-134062,P-MTAB-134063,HCA_rFSKI14449635,RNA,PAIRED,unspecified,TRANSCRIPTOMIC SINGLE CELL,not applicable,RNA-Seq,read2,0,91,0,read1,16,5 prime tag,polyA RNA,10x 5' v1,oligo-dT,0,index1,8,10x technology,none,16,read1,10,P-MTAB-134064,Wellcome Sanger Institute,48027_4_GTAACATGCG-AGGTAACACT_S1_L004,,sequencing assay,ERX12445721,48027_4_GTAACATGCG-AGGTAACACT_S1_L004_R2_001.fastq.gz,48027_4_GTAACATGCG-AGGTAACACT_S1_L004_R2_001.fastq.gz,ERR13074017,ftp://ftp.sra.ebi.ac.uk/vol1/run/ERR130/ERR13074017/48027_4_GTAACATGCG-AGGTAACACT_S1_L004_R2_001.fastq.gz,single,read2,17,week,EFO,UO_0000034
HCA_rFSKI14449636,ERS19636921,SAMEA115579219,Homo sapiens,F220,17,week,EFO,UO_0000034,late embryonic stage,female,skin,CD45NCD34N,cell,P-MTAB-134061,P-MTAB-134062,P-MTAB-134063,HCA_rFSKI14449636,RNA,PAIRED,unspecified,TRANSCRIPTOMIC SINGLE CELL,not applicable,RNA-Seq,read2,0,91,0,read1,16,5 prime tag,polyA RNA,10x 5' v1,oligo-dT,0,index1,8,10x technology,none,16,read1,10,P-MTAB-134064,Wellcome Sanger Institute,48027_4_ACAGTAACTA-AACGAACTGT_S2_L004,,sequencing assay,ERX12445722,48027_4_ACAGTAACTA-AACGAACTGT_S2_L004_R2_001.fastq.gz,48027_4_ACAGTAACTA-AACGAACTGT_S2_L004_R2_001.fastq.gz,ERR13074026,ftp://ftp.sra.ebi.ac.uk/vol1/run/ERR130/ERR13074026/48027_4_ACAGTAACTA-AACGAACTGT_S2_L004_R2_001.fastq.gz,single,read2,17,week,EFO,UO_0000034
HCA_rFSKI14449636,ERS19636921,SAMEA115579219,Homo sapiens,F220,17,week,EFO,UO_0000034,late embryonic stage,female,skin,CD45NCD34N,cell,P-MTAB-134061,P-MTAB-134062,P-MTAB-134063,HCA_rFSKI14449636,RNA,PAIRED,unspecified,TRANSCRIPTOMIC SINGLE CELL,not applicable,RNA-Seq,read2,0,91,0,read1,16,5 prime tag,polyA RNA,10x 5' v1,oligo-dT,0,index1,8,10x technology,none,16,read1,10,P-MTAB-134064,Wellcome Sanger Institute,48027_4_ACAGTAACTA-AACGAACTGT_S2_L004,,sequencing assay,ERX12445722,48027_4_ACAGTAACTA-AACGAACTGT_S2_L004_R1_001.fastq.gz,48027_4_ACAGTAACTA-AACGAACTGT_S2_L004_R1_001.fastq.gz,ERR13074026,ftp://ftp.sra.ebi.ac.uk/vol1/run/ERR130/ERR13074026/48027_4_ACAGTAACTA-AACGAACTGT_S2_L004_R1_001.fastq.gz,"cell_barcode, umi_barcode",read1,17,week,EFO,UO_0000034
HCA_rFSKI14449637,ERS19636923,SAMEA115579220,Homo sapiens,F220,17,week,EFO,UO_0000034,late embryonic stage,female,skin,CD45NCD34N,cell,P-MTAB-134061,P-MTAB-134062,P-MTAB-134063,HCA_rFSKI14449637,RNA,PAIRED,unspecified,TRANSCRIPTOMIC SINGLE CELL,not applicable,RNA-Seq,read2,0,91,0,read1,16,5 prime tag,polyA RNA,10x 5' v1,oligo-dT,0,index1,8,10x technology,none,16,read1,10,P-MTAB-134064,Wellcome Sanger Institute,48027_4_TGCGCGGTTT-TTTATCCTTG_S3_L004,,sequencing assay,ERX12445723,48027_4_TGCGCGGTTT-TTTATCCTTG_S3_L004_R1_001.fastq.gz,48027_4_TGCGCGGTTT-TTTATCCTTG_S3_L004_R1_001.fastq.gz,ERR13074011,ftp://ftp.sra.ebi.ac.uk/vol1/run/ERR130/ERR13074011/48027_4_TGCGCGGTTT-TTTATCCTTG_S3_L004_R1_001.fastq.gz,"cell_barcode, umi_barcode",read1,17,week,EFO,UO_0000034
HCA_rFSKI14449637,ERS19636923,SAMEA115579220,Homo sapiens,F220,17,week,EFO,UO_0000034,late embryonic stage,female,skin,CD45NCD34N,cell,P-MTAB-134061,P-MTAB-134062,P-MTAB-134063,HCA_rFSKI14449637,RNA,PAIRED,unspecified,TRANSCRIPTOMIC SINGLE CELL,not applicable,RNA-Seq,read2,0,91,0,read1,16,5 prime tag,polyA RNA,10x 5' v1,oligo-dT,0,index1,8,10x technology,none,16,read1,10,P-MTAB-134064,Wellcome Sanger Institute,48027_4_TGCGCGGTTT-TTTATCCTTG_S3_L004,,sequencing assay,ERX12445723,48027_4_TGCGCGGTTT-TTTATCCTTG_S3_L004_R2_001.fastq.gz,48027_4_TGCGCGGTTT-TTTATCCTTG_S3_L004_R2_001.fastq.gz,ERR13074011,ftp://ftp.sra.ebi.ac.uk/vol1/run/ERR130/ERR13074011/48027_4_TGCGCGGTTT-TTTATCCTTG_S3_L004_R2_001.fastq.gz,single,read2,17,week,EFO,UO_0000034
HCA_rFSKI14449638,ERS19636924,SAMEA115579221,Homo sapiens,F220,17,week,EFO,UO_0000034,late embryonic stage,female,skin,CD45NCD34P,cell,P-MTAB-134061,P-MTAB-134062,P-MTAB-134063,HCA_rFSKI14449638,RNA,PAIRED,unspecified,TRANSCRIPTOMIC SINGLE CELL,not applicable,RNA-Seq,read2,0,91,0,read1,16,5 prime tag,polyA RNA,10x 5' v1,oligo-dT,0,index1,8,10x technology,none,16,read1,10,P-MTAB-134064,Wellcome Sanger Institute,48027_4_TGCAATGTTC-TTCGACAAGC_S4_L004,,sequencing assay,ERX12445724,48027_4_TGCAATGTTC-TTCGACAAGC_S4_L004_R2_001.fastq.gz,48027_4_TGCAATGTTC-TTCGACAAGC_S4_L004_R2_001.fastq.gz,ERR13074042,ftp://ftp.sra.ebi.ac.uk/vol1/run/ERR130/ERR13074042/48027_4_TGCAATGTTC-TTCGACAAGC_S4_L004_R2_001.fastq.gz,single,read2,17,week,EFO,UO_0000034
HCA_rFSKI14449638,ERS19636924,SAMEA115579221,Homo sapiens,F220,17,week,EFO,UO_0000034,late embryonic stage,female,skin,CD45NCD34P,cell,P-MTAB-134061,P-MTAB-134062,P-MTAB-134063,HCA_rFSKI14449638,RNA,PAIRED,unspecified,TRANSCRIPTOMIC SINGLE CELL,not applicable,RNA-Seq,read2,0,91,0,read1,16,5 prime tag,polyA RNA,10x 5' v1,oligo-dT,0,index1,8,10x technology,none,16,read1,10,P-MTAB-134064,Wellcome Sanger Institute,48027_4_TGCAATGTTC-TTCGACAAGC_S4_L004,,sequencing assay,ERX12445724,48027_4_TGCAATGTTC-TTCGACAAGC_S4_L004_R1_001.fastq.gz,48027_4_TGCAATGTTC-TTCGACAAGC_S4_L004_R1_001.fastq.gz,ERR13074042,ftp://ftp.sra.ebi.ac.uk/vol1/run/ERR130/ERR13074042/48027_4_TGCAATGTTC-TTCGACAAGC_S4_L004_R1_001.fastq.gz,"cell_barcode, umi_barcode",read1,17,week,EFO,UO_0000034
HCA_rFSKI14449639,ERS19636925,SAMEA115579222,Homo sapiens,F220,17,week,EFO,UO_0000034,late embryonic stage,female,skin,CD45P,cell,P-MTAB-134061,P-MTAB-134062,P-MTAB-134063,HCA_rFSKI14449639,RNA,PAIRED,unspecified,TRANSCRIPTOMIC SINGLE CELL,not applicable,RNA-Seq,read2,0,91,0,read1,16,5 prime tag,polyA RNA,10x 5' v1,oligo-dT,0,index1,8,10x technology,none,16,read1,10,P-MTAB-134064,Wellcome Sanger Institute,48027_4_TTATTCGAGG-AGCAGGACAG_S5_L004,,sequencing assay,ERX12445725,48027_4_TTATTCGAGG-AGCAGGACAG_S5_L004_R2_001.fastq.gz,48027_4_TTATTCGAGG-AGCAGGACAG_S5_L004_R2_001.fastq.gz,ERR13074030,ftp://ftp.sra.ebi.ac.uk/vol1/run/ERR130/ERR13074030/48027_4_TTATTCGAGG-AGCAGGACAG_S5_L004_R2_001.fastq.gz,single,read2,17,week,EFO,UO_0000034
HCA_rFSKI14449639,ERS19636925,SAMEA115579222,Homo sapiens,F220,17,week,EFO,UO_0000034,late embryonic stage,female,skin,CD45P,cell,P-MTAB-134061,P-MTAB-134062,P-MTAB-134063,HCA_rFSKI14449639,RNA,PAIRED,unspecified,TRANSCRIPTOMIC SINGLE CELL,not applicable,RNA-Seq,read2,0,91,0,read1,16,5 prime tag,polyA RNA,10x 5' v1,oligo-dT,0,index1,8,10x technology,none,16,read1,10,P-MTAB-134064,Wellcome Sanger Institute,48027_4_TTATTCGAGG-AGCAGGACAG_S5_L004,,sequencing assay,ERX12445725,48027_4_TTATTCGAGG-AGCAGGACAG_S5_L004_R1_001.fastq.gz,48027_4_TTATTCGAGG-AGCAGGACAG_S5_L004_R1_001.fastq.gz,ERR13074030,ftp://ftp.sra.ebi.ac.uk/vol1/run/ERR130/ERR13074030/48027_4_TTATTCGAGG-AGCAGGACAG_S5_L004_R1_001.fastq.gz,"cell_barcode, umi_barcode",read1,17,week,EFO,UO_0000034
HCA_rFSKI14449640,ERS19636926,SAMEA115579223,Homo sapiens,F220,17,week,EFO,UO_0000034,late embryonic stage,female,skin,CD45NCD34N,cell,P-MTAB-134061,P-MTAB-134062,P-MTAB-134063,HCA_rFSKI14449640,RNA,PAIRED,unspecified,TRANSCRIPTOMIC SINGLE CELL,not applicable,RNA-Seq,read2,0,91,0,read1,16,5 prime tag,polyA RNA,10x 5' v1,oligo-dT,0,index1,8,10x technology,none,16,read1,10,P-MTAB-134064,Wellcome Sanger Institute,48027_4_AAGATTGGAT-AAATCCCGCT_S6_L004,,sequencing assay,ERX12445726,48027_4_AAGATTGGAT-AAATCCCGCT_S6_L004_R2_001.fastq.gz,48027_4_AAGATTGGAT-AAATCCCGCT_S6_L004_R2_001.fastq.gz,ERR13074041,ftp://ftp.sra.ebi.ac.uk/vol1/run/ERR130/ERR13074041/48027_4_AAGATTGGAT-AAATCCCGCT_S6_L004_R2_001.fastq.gz,single,read2,17,week,EFO,UO_0000034
HCA_rFSKI14449640,ERS19636926,SAMEA115579223,Homo sapiens,F220,17,week,EFO,UO_0000034,late embryonic stage,female,skin,CD45NCD34N,cell,P-MTAB-134061,P-MTAB-134062,P-MTAB-134063,HCA_rFSKI14449640,RNA,PAIRED,unspecified,TRANSCRIPTOMIC SINGLE CELL,not applicable,RNA-Seq,read2,0,91,0,read1,16,5 prime tag,polyA RNA,10x 5' v1,oligo-dT,0,index1,8,10x technology,none,16,read1,10,P-MTAB-134064,Wellcome Sanger Institute,48027_4_AAGATTGGAT-AAATCCCGCT_S6_L004,,sequencing assay,ERX12445726,48027_4_AAGATTGGAT-AAATCCCGCT_S6_L004_R1_001.fastq.gz,48027_4_AAGATTGGAT-AAATCCCGCT_S6_L004_R1_001.fastq.gz,ERR13074041,ftp://ftp.sra.ebi.ac.uk/vol1/run/ERR130/ERR13074041/48027_4_AAGATTGGAT-AAATCCCGCT_S6_L004_R1_001.fastq.gz,"cell_barcode, umi_barcode",read1,17,week,EFO,UO_0000034
HCA_rFSKI14449641,ERS19636927,SAMEA115579224,Homo sapiens,F220,17,week,EFO,UO_0000034,late embryonic stage,female,skin,CD45NCD34N,cell,P-MTAB-134061,P-MTAB-134062,P-MTAB-134063,HCA_rFSKI14449641,RNA,PAIRED,unspecified,TRANSCRIPTOMIC SINGLE CELL,not applicable,RNA-Seq,read2,0,91,0,read1,16,5 prime tag,polyA RNA,10x 5' v1,oligo-dT,0,index1,8,10x technology,none,16,read1,10,P-MTAB-134064,Wellcome Sanger Institute,48027_4_TGTAGTCATT-TACGATCAAG_S7_L004,,sequencing assay,ERX12445727,48027_4_TGTAGTCATT-TACGATCAAG_S7_L004_R1_001.fastq.gz,48027_4_TGTAGTCATT-TACGATCAAG_S7_L004_R1_001.fastq.gz,ERR13074039,ftp://ftp.sra.ebi.ac.uk/vol1/run/ERR130/ERR13074039/48027_4_TGTAGTCATT-TACGATCAAG_S7_L004_R1_001.fastq.gz,"cell_barcode, umi_barcode",read1,17,week,EFO,UO_0000034
HCA_rFSKI14449641,ERS19636927,SAMEA115579224,Homo sapiens,F220,17,week,EFO,UO_0000034,late embryonic stage,female,skin,CD45NCD34N,cell,P-MTAB-134061,P-MTAB-134062,P-MTAB-134063,HCA_rFSKI14449641,RNA,PAIRED,unspecified,TRANSCRIPTOMIC SINGLE CELL,not applicable,RNA-Seq,read2,0,91,0,read1,16,5 prime tag,polyA RNA,10x 5' v1,oligo-dT,0,index1,8,10x technology,none,16,read1,10,P-MTAB-134064,Wellcome Sanger Institute,48027_4_TGTAGTCATT-TACGATCAAG_S7_L004,,sequencing assay,ERX12445727,48027_4_TGTAGTCATT-TACGATCAAG_S7_L004_R2_001.fastq.gz,48027_4_TGTAGTCATT-TACGATCAAG_S7_L004_R2_001.fastq.gz,ERR13074039,ftp://ftp.sra.ebi.ac.uk/vol1/run/ERR130/ERR13074039/48027_4_TGTAGTCATT-TACGATCAAG_S7_L004_R2_001.fastq.gz,single,read2,17,week,EFO,UO_0000034
HCA_rFSKI14449642,ERS19636928,SAMEA115579225,Homo sapiens,F220,17,week,EFO,UO_0000034,late embryonic stage,female,skin,CD45NCD34P,cell,P-MTAB-134061,P-MTAB-134062,P-MTAB-134063,HCA_rFSKI14449642,RNA,PAIRED,unspecified,TRANSCRIPTOMIC SINGLE CELL,not applicable,RNA-Seq,read2,0,91,0,read1,16,5 prime tag,polyA RNA,10x 5' v1,oligo-dT,0,index1,8,10x technology,none,16,read1,10,P-MTAB-134064,Wellcome Sanger Institute,48027_4_ACAATGTGAA-TAACGGTACG_S8_L004,,sequencing assay,ERX12445728,48027_4_ACAATGTGAA-TAACGGTACG_S8_L004_R1_001.fastq.gz,48027_4_ACAATGTGAA-TAACGGTACG_S8_L004_R1_001.fastq.gz,ERR13074054,ftp://ftp.sra.ebi.ac.uk/vol1/run/ERR130/ERR13074054/48027_4_ACAATGTGAA-TAACGGTACG_S8_L004_R1_001.fastq.gz,"cell_barcode, umi_barcode",read1,17,week,EFO,UO_0000034
HCA_rFSKI14449642,ERS19636928,SAMEA115579225,Homo sapiens,F220,17,week,EFO,UO_0000034,late embryonic stage,female,skin,CD45NCD34P,cell,P-MTAB-134061,P-MTAB-134062,P-MTAB-134063,HCA_rFSKI14449642,RNA,PAIRED,unspecified,TRANSCRIPTOMIC SINGLE CELL,not applicable,RNA-Seq,read2,0,91,0,read1,16,5 prime tag,polyA RNA,10x 5' v1,oligo-dT,0,index1,8,10x technology,none,16,read1,10,P-MTAB-134064,Wellcome Sanger Institute,48027_4_ACAATGTGAA-TAACGGTACG_S8_L004,,sequencing assay,ERX12445728,48027_4_ACAATGTGAA-TAACGGTACG_S8_L004_R2_001.fastq.gz,48027_4_ACAATGTGAA-TAACGGTACG_S8_L004_R2_001.fastq.gz,ERR13074054,ftp://ftp.sra.ebi.ac.uk/vol1/run/ERR130/ERR13074054/48027_4_ACAATGTGAA-TAACGGTACG_S8_L004_R2_001.fastq.gz,single,read2,17,week,EFO,UO_0000034
HCA_rFSKI14539490,ERS19636929,SAMEA115579226,Homo sapiens,F221,14,week,EFO,UO_0000034,late embryonic stage,female,skin,CD45P,cell,P-MTAB-134061,P-MTAB-134062,P-MTAB-134063,HCA_rFSKI14539490,RNA,PAIRED,unspecified,TRANSCRIPTOMIC SINGLE CELL,not applicable,RNA-Seq,read2,0,91,0,read1,16,5 prime tag,polyA RNA,10x 5' v1,oligo-dT,0,index1,8,10x technology,none,16,read1,10,P-MTAB-134064,Wellcome Sanger Institute,48223_4_TCCGTTGGAT-GCGAGAACGT_S10_L004,group 2,sequencing assay,ERX12445729,48223_4_TCCGTTGGAT-GCGAGAACGT_S10_L004_R2_001.fastq.gz,48223_4_TCCGTTGGAT-GCGAGAACGT_S10_L004_R2_001.fastq.gz,ERR13074012,ftp://ftp.sra.ebi.ac.uk/vol1/run/ERR130/ERR13074012/48223_4_TCCGTTGGAT-GCGAGAACGT_S10_L004_R2_001.fastq.gz,single,read2,14,week,EFO,UO_0000034
HCA_rFSKI14539490,ERS19636929,SAMEA115579226,Homo sapiens,F221,14,week,EFO,UO_0000034,late embryonic stage,female,skin,CD45P,cell,P-MTAB-134061,P-MTAB-134062,P-MTAB-134063,HCA_rFSKI14539490,RNA,PAIRED,unspecified,TRANSCRIPTOMIC SINGLE CELL,not applicable,RNA-Seq,read2,0,91,0,read1,16,5 prime tag,polyA RNA,10x 5' v1,oligo-dT,0,index1,8,10x technology,none,16,read1,10,P-MTAB-134064,Wellcome Sanger Institute,48223_4_TCCGTTGGAT-GCGAGAACGT_S10_L004,group 2,sequencing assay,ERX12445729,48223_4_TCCGTTGGAT-GCGAGAACGT_S10_L004_R1_001.fastq.gz,48223_4_TCCGTTGGAT-GCGAGAACGT_S10_L004_R1_001.fastq.gz,ERR13074012,ftp://ftp.sra.ebi.ac.uk/vol1/run/ERR130/ERR13074012/48223_4_TCCGTTGGAT-GCGAGAACGT_S10_L004_R1_001.fastq.gz,"cell_barcode, umi_barcode",read1,14,week,EFO,UO_0000034
HCA_rFSKI14539490,ERS19636929,SAMEA115579226,Homo sapiens,F221,14,week,EFO,UO_0000034,late embryonic stage,female,skin,CD45P,cell,P-MTAB-134061,P-MTAB-134062,P-MTAB-134063,HCA_rFSKI14539490,RNA,PAIRED,unspecified,TRANSCRIPTOMIC SINGLE CELL,not applicable,RNA-Seq,read2,0,91,0,read1,16,5 prime tag,polyA RNA,10x 5' v1,oligo-dT,0,index1,8,10x technology,none,16,read1,10,P-MTAB-134064,Wellcome Sanger Institute,48223_3_TCCGTTGGAT-GCGAGAACGT_S10_L003,group 2,sequencing assay,ERX12445729,48223_3_TCCGTTGGAT-GCGAGAACGT_S10_L003_R1_001.fastq.gz,48223_3_TCCGTTGGAT-GCGAGAACGT_S10_L003_R1_001.fastq.gz,ERR13074020,ftp://ftp.sra.ebi.ac.uk/vol1/run/ERR130/ERR13074020/48223_3_TCCGTTGGAT-GCGAGAACGT_S10_L003_R1_001.fastq.gz,"cell_barcode, umi_barcode",read1,14,week,EFO,UO_0000034
HCA_rFSKI14539490,ERS19636929,SAMEA115579226,Homo sapiens,F221,14,week,EFO,UO_0000034,late embryonic stage,female,skin,CD45P,cell,P-MTAB-134061,P-MTAB-134062,P-MTAB-134063,HCA_rFSKI14539490,RNA,PAIRED,unspecified,TRANSCRIPTOMIC SINGLE CELL,not applicable,RNA-Seq,read2,0,91,0,read1,16,5 prime tag,polyA RNA,10x 5' v1,oligo-dT,0,index1,8,10x technology,none,16,read1,10,P-MTAB-134064,Wellcome Sanger Institute,48223_3_TCCGTTGGAT-GCGAGAACGT_S10_L003,group 2,sequencing assay,ERX12445729,48223_3_TCCGTTGGAT-GCGAGAACGT_S10_L003_R2_001.fastq.gz,48223_3_TCCGTTGGAT-GCGAGAACGT_S10_L003_R2_001.fastq.gz,ERR13074020,ftp://ftp.sra.ebi.ac.uk/vol1/run/ERR130/ERR13074020/48223_3_TCCGTTGGAT-GCGAGAACGT_S10_L003_R2_001.fastq.gz,single,read2,14,week,EFO,UO_0000034
HCA_rFSKI14539491,ERS19636930,SAMEA115579227,Homo sapiens,F221,14,week,EFO,UO_0000034,late embryonic stage,female,skin,CD45NCD34N,cell,P-MTAB-134061,P-MTAB-134062,P-MTAB-134063,HCA_rFSKI14539491,RNA,PAIRED,unspecified,TRANSCRIPTOMIC SINGLE CELL,not applicable,RNA-Seq,read2,0,91,0,read1,16,5 prime tag,polyA RNA,10x 5' v1,oligo-dT,0,index1,8,10x technology,none,16,read1,10,P-MTAB-134064,Wellcome Sanger Institute,48223_4_TGGTTCGGGT-CTCCTGCCAC_S11_L004,group 3,sequencing assay,ERX12445730,48223_4_TGGTTCGGGT-CTCCTGCCAC_S11_L004_R1_001.fastq.gz,48223_4_TGGTTCGGGT-CTCCTGCCAC_S11_L004_R1_001.fastq.gz,ERR13074047,ftp://ftp.sra.ebi.ac.uk/vol1/run/ERR130/ERR13074047/48223_4_TGGTTCGGGT-CTCCTGCCAC_S11_L004_R1_001.fastq.gz,"cell_barcode, umi_barcode",read1,14,week,EFO,UO_0000034
HCA_rFSKI14539491,ERS19636930,SAMEA115579227,Homo sapiens,F221,14,week,EFO,UO_0000034,late embryonic stage,female,skin,CD45NCD34N,cell,P-MTAB-134061,P-MTAB-134062,P-MTAB-134063,HCA_rFSKI14539491,RNA,PAIRED,unspecified,TRANSCRIPTOMIC SINGLE CELL,not applicable,RNA-Seq,read2,0,91,0,read1,16,5 prime tag,polyA RNA,10x 5' v1,oligo-dT,0,index1,8,10x technology,none,16,read1,10,P-MTAB-134064,Wellcome Sanger Institute,48223_4_TGGTTCGGGT-CTCCTGCCAC_S11_L004,group 3,sequencing assay,ERX12445730,48223_4_TGGTTCGGGT-CTCCTGCCAC_S11_L004_R2_001.fastq.gz,48223_4_TGGTTCGGGT-CTCCTGCCAC_S11_L004_R2_001.fastq.gz,ERR13074047,ftp://ftp.sra.ebi.ac.uk/vol1/run/ERR130/ERR13074047/48223_4_TGGTTCGGGT-CTCCTGCCAC_S11_L004_R2_001.fastq.gz,single,read2,14,week,EFO,UO_0000034
HCA_rFSKI14539491,ERS19636930,SAMEA115579227,Homo sapiens,F221,14,week,EFO,UO_0000034,late embryonic stage,female,skin,CD45NCD34N,cell,P-MTAB-134061,P-MTAB-134062,P-MTAB-134063,HCA_rFSKI14539491,RNA,PAIRED,unspecified,TRANSCRIPTOMIC SINGLE CELL,not applicable,RNA-Seq,read2,0,91,0,read1,16,5 prime tag,polyA RNA,10x 5' v1,oligo-dT,0,index1,8,10x technology,none,16,read1,10,P-MTAB-134064,Wellcome Sanger Institute,48223_3_TGGTTCGGGT-CTCCTGCCAC_S11_L003,group 3,sequencing assay,ERX12445730,48223_3_TGGTTCGGGT-CTCCTGCCAC_S11_L003_R1_001.fastq.gz,48223_3_TGGTTCGGGT-CTCCTGCCAC_S11_L003_R1_001.fastq.gz,ERR13074021,ftp://ftp.sra.ebi.ac.uk/vol1/run/ERR130/ERR13074021/48223_3_TGGTTCGGGT-CTCCTGCCAC_S11_L003_R1_001.fastq.gz,"cell_barcode, umi_barcode",read1,14,week,EFO,UO_0000034
HCA_rFSKI14539491,ERS19636930,SAMEA115579227,Homo sapiens,F221,14,week,EFO,UO_0000034,late embryonic stage,female,skin,CD45NCD34N,cell,P-MTAB-134061,P-MTAB-134062,P-MTAB-134063,HCA_rFSKI14539491,RNA,PAIRED,unspecified,TRANSCRIPTOMIC SINGLE CELL,not applicable,RNA-Seq,read2,0,91,0,read1,16,5 prime tag,polyA RNA,10x 5' v1,oligo-dT,0,index1,8,10x technology,none,16,read1,10,P-MTAB-134064,Wellcome Sanger Institute,48223_3_TGGTTCGGGT-CTCCTGCCAC_S11_L003,group 3,sequencing assay,ERX12445730,48223_3_TGGTTCGGGT-CTCCTGCCAC_S11_L003_R2_001.fastq.gz,48223_3_TGGTTCGGGT-CTCCTGCCAC_S11_L003_R2_001.fastq.gz,ERR13074021,ftp://ftp.sra.ebi.ac.uk/vol1/run/ERR130/ERR13074021/48223_3_TGGTTCGGGT-CTCCTGCCAC_S11_L003_R2_001.fastq.gz,single,read2,14,week,EFO,UO_0000034
HCA_rFSKI14539492,ERS19636931,SAMEA115579228,Homo sapiens,F221,14,week,EFO,UO_0000034,late embryonic stage,female,skin,CD45NCD34N,cell,P-MTAB-134061,P-MTAB-134062,P-MTAB-134063,HCA_rFSKI14539492,RNA,PAIRED,unspecified,TRANSCRIPTOMIC SINGLE CELL,not applicable,RNA-Seq,read2,0,91,0,read1,16,5 prime tag,polyA RNA,10x 5' v1,oligo-dT,0,index1,8,10x technology,none,16,read1,10,P-MTAB-134064,Wellcome Sanger Institute,48223_3_CGCGGTAGGT-CAACATCCTG_S12_L003,group 4,sequencing assay,ERX12445731,48223_3_CGCGGTAGGT-CAACATCCTG_S12_L003_R2_001.fastq.gz,48223_3_CGCGGTAGGT-CAACATCCTG_S12_L003_R2_001.fastq.gz,ERR13074016,ftp://ftp.sra.ebi.ac.uk/vol1/run/ERR130/ERR13074016/48223_3_CGCGGTAGGT-CAACATCCTG_S12_L003_R2_001.fastq.gz,single,read2,14,week,EFO,UO_0000034
HCA_rFSKI14539492,ERS19636931,SAMEA115579228,Homo sapiens,F221,14,week,EFO,UO_0000034,late embryonic stage,female,skin,CD45NCD34N,cell,P-MTAB-134061,P-MTAB-134062,P-MTAB-134063,HCA_rFSKI14539492,RNA,PAIRED,unspecified,TRANSCRIPTOMIC SINGLE CELL,not applicable,RNA-Seq,read2,0,91,0,read1,16,5 prime tag,polyA RNA,10x 5' v1,oligo-dT,0,index1,8,10x technology,none,16,read1,10,P-MTAB-134064,Wellcome Sanger Institute,48223_4_CGCGGTAGGT-CAACATCCTG_S12_L004,group 4,sequencing assay,ERX12445731,48223_4_CGCGGTAGGT-CAACATCCTG_S12_L004_R1_001.fastq.gz,48223_4_CGCGGTAGGT-CAACATCCTG_S12_L004_R1_001.fastq.gz,ERR13074045,ftp://ftp.sra.ebi.ac.uk/vol1/run/ERR130/ERR13074045/48223_4_CGCGGTAGGT-CAACATCCTG_S12_L004_R1_001.fastq.gz,"cell_barcode, umi_barcode",read1,14,week,EFO,UO_0000034
HCA_rFSKI14539492,ERS19636931,SAMEA115579228,Homo sapiens,F221,14,week,EFO,UO_0000034,late embryonic stage,female,skin,CD45NCD34N,cell,P-MTAB-134061,P-MTAB-134062,P-MTAB-134063,HCA_rFSKI14539492,RNA,PAIRED,unspecified,TRANSCRIPTOMIC SINGLE CELL,not applicable,RNA-Seq,read2,0,91,0,read1,16,5 prime tag,polyA RNA,10x 5' v1,oligo-dT,0,index1,8,10x technology,none,16,read1,10,P-MTAB-134064,Wellcome Sanger Institute,48223_4_CGCGGTAGGT-CAACATCCTG_S12_L004,group 4,sequencing assay,ERX12445731,48223_4_CGCGGTAGGT-CAACATCCTG_S12_L004_R2_001.fastq.gz,48223_4_CGCGGTAGGT-CAACATCCTG_S12_L004_R2_001.fastq.gz,ERR13074045,ftp://ftp.sra.ebi.ac.uk/vol1/run/ERR130/ERR13074045/48223_4_CGCGGTAGGT-CAACATCCTG_S12_L004_R2_001.fastq.gz,single,read2,14,week,EFO,UO_0000034
HCA_rFSKI14539492,ERS19636931,SAMEA115579228,Homo sapiens,F221,14,week,EFO,UO_0000034,late embryonic stage,female,skin,CD45NCD34N,cell,P-MTAB-134061,P-MTAB-134062,P-MTAB-134063,HCA_rFSKI14539492,RNA,PAIRED,unspecified,TRANSCRIPTOMIC SINGLE CELL,not applicable,RNA-Seq,read2,0,91,0,read1,16,5 prime tag,polyA RNA,10x 5' v1,oligo-dT,0,index1,8,10x technology,none,16,read1,10,P-MTAB-134064,Wellcome Sanger Institute,48223_3_CGCGGTAGGT-CAACATCCTG_S12_L003,group 4,sequencing assay,ERX12445731,48223_3_CGCGGTAGGT-CAACATCCTG_S12_L003_R1_001.fastq.gz,48223_3_CGCGGTAGGT-CAACATCCTG_S12_L003_R1_001.fastq.gz,ERR13074016,ftp://ftp.sra.ebi.ac.uk/vol1/run/ERR130/ERR13074016/48223_3_CGCGGTAGGT-CAACATCCTG_S12_L003_R1_001.fastq.gz,"cell_barcode, umi_barcode",read1,14,week,EFO,UO_0000034
HCA_rFSKI14539493,ERS19636932,SAMEA115579229,Homo sapiens,F221,14,week,EFO,UO_0000034,late embryonic stage,female,skin,CD45NCD34P,cell,P-MTAB-134061,P-MTAB-134062,P-MTAB-134063,HCA_rFSKI14539493,RNA,PAIRED,unspecified,TRANSCRIPTOMIC SINGLE CELL,not applicable,RNA-Seq,read2,0,91,0,read1,16,5 prime tag,polyA RNA,10x 5' v1,oligo-dT,0,index1,8,10x technology,none,16,read1,10,P-MTAB-134064,Wellcome Sanger Institute,48223_4_CGGCTGGATG-GTGCTTATCA_S13_L004,group 5,sequencing assay,ERX12445732,48223_4_CGGCTGGATG-GTGCTTATCA_S13_L004_R1_001.fastq.gz,48223_4_CGGCTGGATG-GTGCTTATCA_S13_L004_R1_001.fastq.gz,ERR13074043,ftp://ftp.sra.ebi.ac.uk/vol1/run/ERR130/ERR13074043/48223_4_CGGCTGGATG-GTGCTTATCA_S13_L004_R1_001.fastq.gz,"cell_barcode, umi_barcode",read1,14,week,EFO,UO_0000034
HCA_rFSKI14539493,ERS19636932,SAMEA115579229,Homo sapiens,F221,14,week,EFO,UO_0000034,late embryonic stage,female,skin,CD45NCD34P,cell,P-MTAB-134061,P-MTAB-134062,P-MTAB-134063,HCA_rFSKI14539493,RNA,PAIRED,unspecified,TRANSCRIPTOMIC SINGLE CELL,not applicable,RNA-Seq,read2,0,91,0,read1,16,5 prime tag,polyA RNA,10x 5' v1,oligo-dT,0,index1,8,10x technology,none,16,read1,10,P-MTAB-134064,Wellcome Sanger Institute,48223_4_CGGCTGGATG-GTGCTTATCA_S13_L004,group 5,sequencing assay,ERX12445732,48223_4_CGGCTGGATG-GTGCTTATCA_S13_L004_R2_001.fastq.gz,48223_4_CGGCTGGATG-GTGCTTATCA_S13_L004_R2_001.fastq.gz,ERR13074043,ftp://ftp.sra.ebi.ac.uk/vol1/run/ERR130/ERR13074043/48223_4_CGGCTGGATG-GTGCTTATCA_S13_L004_R2_001.fastq.gz,single,read2,14,week,EFO,UO_0000034
HCA_rFSKI14539493,ERS19636932,SAMEA115579229,Homo sapiens,F221,14,week,EFO,UO_0000034,late embryonic stage,female,skin,CD45NCD34P,cell,P-MTAB-134061,P-MTAB-134062,P-MTAB-134063,HCA_rFSKI14539493,RNA,PAIRED,unspecified,TRANSCRIPTOMIC SINGLE CELL,not applicable,RNA-Seq,read2,0,91,0,read1,16,5 prime tag,polyA RNA,10x 5' v1,oligo-dT,0,index1,8,10x technology,none,16,read1,10,P-MTAB-134064,Wellcome Sanger Institute,48223_3_CGGCTGGATG-GTGCTTATCA_S13_L003,group 5,sequencing assay,ERX12445732,48223_3_CGGCTGGATG-GTGCTTATCA_S13_L003_R1_001.fastq.gz,48223_3_CGGCTGGATG-GTGCTTATCA_S13_L003_R1_001.fastq.gz,ERR13074055,ftp://ftp.sra.ebi.ac.uk/vol1/run/ERR130/ERR13074055/48223_3_CGGCTGGATG-GTGCTTATCA_S13_L003_R1_001.fastq.gz,"cell_barcode, umi_barcode",read1,14,week,EFO,UO_0000034
HCA_rFSKI14539493,ERS19636932,SAMEA115579229,Homo sapiens,F221,14,week,EFO,UO_0000034,late embryonic stage,female,skin,CD45NCD34P,cell,P-MTAB-134061,P-MTAB-134062,P-MTAB-134063,HCA_rFSKI14539493,RNA,PAIRED,unspecified,TRANSCRIPTOMIC SINGLE CELL,not applicable,RNA-Seq,read2,0,91,0,read1,16,5 prime tag,polyA RNA,10x 5' v1,oligo-dT,0,index1,8,10x technology,none,16,read1,10,P-MTAB-134064,Wellcome Sanger Institute,48223_3_CGGCTGGATG-GTGCTTATCA_S13_L003,group 5,sequencing assay,ERX12445732,48223_3_CGGCTGGATG-GTGCTTATCA_S13_L003_R2_001.fastq.gz,48223_3_CGGCTGGATG-GTGCTTATCA_S13_L003_R2_001.fastq.gz,ERR13074055,ftp://ftp.sra.ebi.ac.uk/vol1/run/ERR130/ERR13074055/48223_3_CGGCTGGATG-GTGCTTATCA_S13_L003_R2_001.fastq.gz,single,read2,14,week,EFO,UO_0000034
HCA_rFSKI14539494,ERS19636933,SAMEA115579230,Homo sapiens,F221,14,week,EFO,UO_0000034,late embryonic stage,female,skin,CD45P,cell,P-MTAB-134061,P-MTAB-134062,P-MTAB-134063,HCA_rFSKI14539494,RNA,PAIRED,unspecified,TRANSCRIPTOMIC SINGLE CELL,not applicable,RNA-Seq,read2,0,91,0,read1,16,5 prime tag,polyA RNA,10x 5' v1,oligo-dT,0,index1,8,10x technology,none,16,read1,10,P-MTAB-134064,Wellcome Sanger Institute,48223_3_ATAGGGCGAG-ACTCGATGCA_S14_L003,group 6,sequencing assay,ERX12445733,48223_3_ATAGGGCGAG-ACTCGATGCA_S14_L003_R2_001.fastq.gz,48223_3_ATAGGGCGAG-ACTCGATGCA_S14_L003_R2_001.fastq.gz,ERR13074056,ftp://ftp.sra.ebi.ac.uk/vol1/run/ERR130/ERR13074056/48223_3_ATAGGGCGAG-ACTCGATGCA_S14_L003_R2_001.fastq.gz,single,read2,14,week,EFO,UO_0000034
HCA_rFSKI14539494,ERS19636933,SAMEA115579230,Homo sapiens,F221,14,week,EFO,UO_0000034,late embryonic stage,female,skin,CD45P,cell,P-MTAB-134061,P-MTAB-134062,P-MTAB-134063,HCA_rFSKI14539494,RNA,PAIRED,unspecified,TRANSCRIPTOMIC SINGLE CELL,not applicable,RNA-Seq,read2,0,91,0,read1,16,5 prime tag,polyA RNA,10x 5' v1,oligo-dT,0,index1,8,10x technology,none,16,read1,10,P-MTAB-134064,Wellcome Sanger Institute,48223_4_ATAGGGCGAG-ACTCGATGCA_S14_L004,group 6,sequencing assay,ERX12445733,48223_4_ATAGGGCGAG-ACTCGATGCA_S14_L004_R1_001.fastq.gz,48223_4_ATAGGGCGAG-ACTCGATGCA_S14_L004_R1_001.fastq.gz,ERR13074048,ftp://ftp.sra.ebi.ac.uk/vol1/run/ERR130/ERR13074048/48223_4_ATAGGGCGAG-ACTCGATGCA_S14_L004_R1_001.fastq.gz,"cell_barcode, umi_barcode",read1,14,week,EFO,UO_0000034
HCA_rFSKI14539494,ERS19636933,SAMEA115579230,Homo sapiens,F221,14,week,EFO,UO_0000034,late embryonic stage,female,skin,CD45P,cell,P-MTAB-134061,P-MTAB-134062,P-MTAB-134063,HCA_rFSKI14539494,RNA,PAIRED,unspecified,TRANSCRIPTOMIC SINGLE CELL,not applicable,RNA-Seq,read2,0,91,0,read1,16,5 prime tag,polyA RNA,10x 5' v1,oligo-dT,0,index1,8,10x technology,none,16,read1,10,P-MTAB-134064,Wellcome Sanger Institute,48223_4_ATAGGGCGAG-ACTCGATGCA_S14_L004,group 6,sequencing assay,ERX12445733,48223_4_ATAGGGCGAG-ACTCGATGCA_S14_L004_R2_001.fastq.gz,48223_4_ATAGGGCGAG-ACTCGATGCA_S14_L004_R2_001.fastq.gz,ERR13074048,ftp://ftp.sra.ebi.ac.uk/vol1/run/ERR130/ERR13074048/48223_4_ATAGGGCGAG-ACTCGATGCA_S14_L004_R2_001.fastq.gz,single,read2,14,week,EFO,UO_0000034
HCA_rFSKI14539494,ERS19636933,SAMEA115579230,Homo sapiens,F221,14,week,EFO,UO_0000034,late embryonic stage,female,skin,CD45P,cell,P-MTAB-134061,P-MTAB-134062,P-MTAB-134063,HCA_rFSKI14539494,RNA,PAIRED,unspecified,TRANSCRIPTOMIC SINGLE CELL,not applicable,RNA-Seq,read2,0,91,0,read1,16,5 prime tag,polyA RNA,10x 5' v1,oligo-dT,0,index1,8,10x technology,none,16,read1,10,P-MTAB-134064,Wellcome Sanger Institute,48223_3_ATAGGGCGAG-ACTCGATGCA_S14_L003,group 6,sequencing assay,ERX12445733,48223_3_ATAGGGCGAG-ACTCGATGCA_S14_L003_R1_001.fastq.gz,48223_3_ATAGGGCGAG-ACTCGATGCA_S14_L003_R1_001.fastq.gz,ERR13074056,ftp://ftp.sra.ebi.ac.uk/vol1/run/ERR130/ERR13074056/48223_3_ATAGGGCGAG-ACTCGATGCA_S14_L003_R1_001.fastq.gz,"cell_barcode, umi_barcode",read1,14,week,EFO,UO_0000034
HCA_rFSKI14539495,ERS19636934,SAMEA115579231,Homo sapiens,F221,14,week,EFO,UO_0000034,late embryonic stage,female,skin,CD45NCD34N,cell,P-MTAB-134061,P-MTAB-134062,P-MTAB-134063,HCA_rFSKI14539495,RNA,PAIRED,unspecified,TRANSCRIPTOMIC SINGLE CELL,not applicable,RNA-Seq,read2,0,91,0,read1,16,5 prime tag,polyA RNA,10x 5' v1,oligo-dT,0,index1,8,10x technology,none,16,read1,10,P-MTAB-134064,Wellcome Sanger Institute,48223_3_AGCAAGAAGC-AGAAACACAA_S15_L003,group 7,sequencing assay,ERX12445734,48223_3_AGCAAGAAGC-AGAAACACAA_S15_L003_R1_001.fastq.gz,48223_3_AGCAAGAAGC-AGAAACACAA_S15_L003_R1_001.fastq.gz,ERR13074049,ftp://ftp.sra.ebi.ac.uk/vol1/run/ERR130/ERR13074049/48223_3_AGCAAGAAGC-AGAAACACAA_S15_L003_R1_001.fastq.gz,"cell_barcode, umi_barcode",read1,14,week,EFO,UO_0000034
HCA_rFSKI14539495,ERS19636934,SAMEA115579231,Homo sapiens,F221,14,week,EFO,UO_0000034,late embryonic stage,female,skin,CD45NCD34N,cell,P-MTAB-134061,P-MTAB-134062,P-MTAB-134063,HCA_rFSKI14539495,RNA,PAIRED,unspecified,TRANSCRIPTOMIC SINGLE CELL,not applicable,RNA-Seq,read2,0,91,0,read1,16,5 prime tag,polyA RNA,10x 5' v1,oligo-dT,0,index1,8,10x technology,none,16,read1,10,P-MTAB-134064,Wellcome Sanger Institute,48223_3_AGCAAGAAGC-AGAAACACAA_S15_L003,group 7,sequencing assay,ERX12445734,48223_3_AGCAAGAAGC-AGAAACACAA_S15_L003_R2_001.fastq.gz,48223_3_AGCAAGAAGC-AGAAACACAA_S15_L003_R2_001.fastq.gz,ERR13074049,ftp://ftp.sra.ebi.ac.uk/vol1/run/ERR130/ERR13074049/48223_3_AGCAAGAAGC-AGAAACACAA_S15_L003_R2_001.fastq.gz,single,read2,14,week,EFO,UO_0000034
HCA_rFSKI14539495,ERS19636934,SAMEA115579231,Homo sapiens,F221,14,week,EFO,UO_0000034,late embryonic stage,female,skin,CD45NCD34N,cell,P-MTAB-134061,P-MTAB-134062,P-MTAB-134063,HCA_rFSKI14539495,RNA,PAIRED,unspecified,TRANSCRIPTOMIC SINGLE CELL,not applicable,RNA-Seq,read2,0,91,0,read1,16,5 prime tag,polyA RNA,10x 5' v1,oligo-dT,0,index1,8,10x technology,none,16,read1,10,P-MTAB-134064,Wellcome Sanger Institute,48223_4_AGCAAGAAGC-AGAAACACAA_S15_L004,group 7,sequencing assay,ERX12445734,48223_4_AGCAAGAAGC-AGAAACACAA_S15_L004_R1_001.fastq.gz,48223_4_AGCAAGAAGC-AGAAACACAA_S15_L004_R1_001.fastq.gz,ERR13074050,ftp://ftp.sra.ebi.ac.uk/vol1/run/ERR130/ERR13074050/48223_4_AGCAAGAAGC-AGAAACACAA_S15_L004_R1_001.fastq.gz,"cell_barcode, umi_barcode",read1,14,week,EFO,UO_0000034
HCA_rFSKI14539495,ERS19636934,SAMEA115579231,Homo sapiens,F221,14,week,EFO,UO_0000034,late embryonic stage,female,skin,CD45NCD34N,cell,P-MTAB-134061,P-MTAB-134062,P-MTAB-134063,HCA_rFSKI14539495,RNA,PAIRED,unspecified,TRANSCRIPTOMIC SINGLE CELL,not applicable,RNA-Seq,read2,0,91,0,read1,16,5 prime tag,polyA RNA,10x 5' v1,oligo-dT,0,index1,8,10x technology,none,16,read1,10,P-MTAB-134064,Wellcome Sanger Institute,48223_4_AGCAAGAAGC-AGAAACACAA_S15_L004,group 7,sequencing assay,ERX12445734,48223_4_AGCAAGAAGC-AGAAACACAA_S15_L004_R2_001.fastq.gz,48223_4_AGCAAGAAGC-AGAAACACAA_S15_L004_R2_001.fastq.gz,ERR13074050,ftp://ftp.sra.ebi.ac.uk/vol1/run/ERR130/ERR13074050/48223_4_AGCAAGAAGC-AGAAACACAA_S15_L004_R2_001.fastq.gz,single,read2,14,week,EFO,UO_0000034
HCA_rFSKI14539496,ERS19636935,SAMEA115579232,Homo sapiens,F221,14,week,EFO,UO_0000034,late embryonic stage,female,skin,CD45NCD34N,cell,P-MTAB-134061,P-MTAB-134062,P-MTAB-134063,HCA_rFSKI14539496,RNA,PAIRED,unspecified,TRANSCRIPTOMIC SINGLE CELL,not applicable,RNA-Seq,read2,0,91,0,read1,16,5 prime tag,polyA RNA,10x 5' v1,oligo-dT,0,index1,8,10x technology,none,16,read1,10,P-MTAB-134064,Wellcome Sanger Institute,48223_3_ACGACTACCA-TTAGGGTCGT_S1_L003,group 8,sequencing assay,ERX12445735,48223_3_ACGACTACCA-TTAGGGTCGT_S1_L003_R2_001.fastq.gz,48223_3_ACGACTACCA-TTAGGGTCGT_S1_L003_R2_001.fastq.gz,ERR13074032,ftp://ftp.sra.ebi.ac.uk/vol1/run/ERR130/ERR13074032/48223_3_ACGACTACCA-TTAGGGTCGT_S1_L003_R2_001.fastq.gz,single,read2,14,week,EFO,UO_0000034
HCA_rFSKI14539496,ERS19636935,SAMEA115579232,Homo sapiens,F221,14,week,EFO,UO_0000034,late embryonic stage,female,skin,CD45NCD34N,cell,P-MTAB-134061,P-MTAB-134062,P-MTAB-134063,HCA_rFSKI14539496,RNA,PAIRED,unspecified,TRANSCRIPTOMIC SINGLE CELL,not applicable,RNA-Seq,read2,0,91,0,read1,16,5 prime tag,polyA RNA,10x 5' v1,oligo-dT,0,index1,8,10x technology,none,16,read1,10,P-MTAB-134064,Wellcome Sanger Institute,48223_4_ACGACTACCA-TTAGGGTCGT_S1_L004,group 8,sequencing assay,ERX12445735,48223_4_ACGACTACCA-TTAGGGTCGT_S1_L004_R1_001.fastq.gz,48223_4_ACGACTACCA-TTAGGGTCGT_S1_L004_R1_001.fastq.gz,ERR13074025,ftp://ftp.sra.ebi.ac.uk/vol1/run/ERR130/ERR13074025/48223_4_ACGACTACCA-TTAGGGTCGT_S1_L004_R1_001.fastq.gz,"cell_barcode, umi_barcode",read1,14,week,EFO,UO_0000034
HCA_rFSKI14539496,ERS19636935,SAMEA115579232,Homo sapiens,F221,14,week,EFO,UO_0000034,late embryonic stage,female,skin,CD45NCD34N,cell,P-MTAB-134061,P-MTAB-134062,P-MTAB-134063,HCA_rFSKI14539496,RNA,PAIRED,unspecified,TRANSCRIPTOMIC SINGLE CELL,not applicable,RNA-Seq,read2,0,91,0,read1,16,5 prime tag,polyA RNA,10x 5' v1,oligo-dT,0,index1,8,10x technology,none,16,read1,10,P-MTAB-134064,Wellcome Sanger Institute,48223_4_ACGACTACCA-TTAGGGTCGT_S1_L004,group 8,sequencing assay,ERX12445735,48223_4_ACGACTACCA-TTAGGGTCGT_S1_L004_R2_001.fastq.gz,48223_4_ACGACTACCA-TTAGGGTCGT_S1_L004_R2_001.fastq.gz,ERR13074025,ftp://ftp.sra.ebi.ac.uk/vol1/run/ERR130/ERR13074025/48223_4_ACGACTACCA-TTAGGGTCGT_S1_L004_R2_001.fastq.gz,single,read2,14,week,EFO,UO_0000034
HCA_rFSKI14539496,ERS19636935,SAMEA115579232,Homo sapiens,F221,14,week,EFO,UO_0000034,late embryonic stage,female,skin,CD45NCD34N,cell,P-MTAB-134061,P-MTAB-134062,P-MTAB-134063,HCA_rFSKI14539496,RNA,PAIRED,unspecified,TRANSCRIPTOMIC SINGLE CELL,not applicable,RNA-Seq,read2,0,91,0,read1,16,5 prime tag,polyA RNA,10x 5' v1,oligo-dT,0,index1,8,10x technology,none,16,read1,10,P-MTAB-134064,Wellcome Sanger Institute,48223_3_ACGACTACCA-TTAGGGTCGT_S1_L003,group 8,sequencing assay,ERX12445735,48223_3_ACGACTACCA-TTAGGGTCGT_S1_L003_R1_001.fastq.gz,48223_3_ACGACTACCA-TTAGGGTCGT_S1_L003_R1_001.fastq.gz,ERR13074032,ftp://ftp.sra.ebi.ac.uk/vol1/run/ERR130/ERR13074032/48223_3_ACGACTACCA-TTAGGGTCGT_S1_L003_R1_001.fastq.gz,"cell_barcode, umi_barcode",read1,14,week,EFO,UO_0000034
HCA_rFSKI14539497,ERS19636936,SAMEA115579233,Homo sapiens,F221,14,week,EFO,UO_0000034,late embryonic stage,female,skin,CD45NCD34P,cell,P-MTAB-134061,P-MTAB-134062,P-MTAB-134063,HCA_rFSKI14539497,RNA,PAIRED,unspecified,TRANSCRIPTOMIC SINGLE CELL,not applicable,RNA-Seq,read2,0,91,0,read1,16,5 prime tag,polyA RNA,10x 5' v1,oligo-dT,0,index1,8,10x technology,none,16,read1,10,P-MTAB-134064,Wellcome Sanger Institute,48223_4_CCCAGCTTCT-GTTTGGTGTC_S2_L004,group 9,sequencing assay,ERX12445736,48223_4_CCCAGCTTCT-GTTTGGTGTC_S2_L004_R2_001.fastq.gz,48223_4_CCCAGCTTCT-GTTTGGTGTC_S2_L004_R2_001.fastq.gz,ERR13074038,ftp://ftp.sra.ebi.ac.uk/vol1/run/ERR130/ERR13074038/48223_4_CCCAGCTTCT-GTTTGGTGTC_S2_L004_R2_001.fastq.gz,single,read2,14,week,EFO,UO_0000034
HCA_rFSKI14539497,ERS19636936,SAMEA115579233,Homo sapiens,F221,14,week,EFO,UO_0000034,late embryonic stage,female,skin,CD45NCD34P,cell,P-MTAB-134061,P-MTAB-134062,P-MTAB-134063,HCA_rFSKI14539497,RNA,PAIRED,unspecified,TRANSCRIPTOMIC SINGLE CELL,not applicable,RNA-Seq,read2,0,91,0,read1,16,5 prime tag,polyA RNA,10x 5' v1,oligo-dT,0,index1,8,10x technology,none,16,read1,10,P-MTAB-134064,Wellcome Sanger Institute,48223_3_CCCAGCTTCT-GTTTGGTGTC_S2_L003,group 9,sequencing assay,ERX12445736,48223_3_CCCAGCTTCT-GTTTGGTGTC_S2_L003_R1_001.fastq.gz,48223_3_CCCAGCTTCT-GTTTGGTGTC_S2_L003_R1_001.fastq.gz,ERR13074023,ftp://ftp.sra.ebi.ac.uk/vol1/run/ERR130/ERR13074023/48223_3_CCCAGCTTCT-GTTTGGTGTC_S2_L003_R1_001.fastq.gz,"cell_barcode, umi_barcode",read1,14,week,EFO,UO_0000034
HCA_rFSKI14539497,ERS19636936,SAMEA115579233,Homo sapiens,F221,14,week,EFO,UO_0000034,late embryonic stage,female,skin,CD45NCD34P,cell,P-MTAB-134061,P-MTAB-134062,P-MTAB-134063,HCA_rFSKI14539497,RNA,PAIRED,unspecified,TRANSCRIPTOMIC SINGLE CELL,not applicable,RNA-Seq,read2,0,91,0,read1,16,5 prime tag,polyA RNA,10x 5' v1,oligo-dT,0,index1,8,10x technology,none,16,read1,10,P-MTAB-134064,Wellcome Sanger Institute,48223_3_CCCAGCTTCT-GTTTGGTGTC_S2_L003,group 9,sequencing assay,ERX12445736,48223_3_CCCAGCTTCT-GTTTGGTGTC_S2_L003_R2_001.fastq.gz,48223_3_CCCAGCTTCT-GTTTGGTGTC_S2_L003_R2_001.fastq.gz,ERR13074023,ftp://ftp.sra.ebi.ac.uk/vol1/run/ERR130/ERR13074023/48223_3_CCCAGCTTCT-GTTTGGTGTC_S2_L003_R2_001.fastq.gz,single,read2,14,week,EFO,UO_0000034
HCA_rFSKI14539497,ERS19636936,SAMEA115579233,Homo sapiens,F221,14,week,EFO,UO_0000034,late embryonic stage,female,skin,CD45NCD34P,cell,P-MTAB-134061,P-MTAB-134062,P-MTAB-134063,HCA_rFSKI14539497,RNA,PAIRED,unspecified,TRANSCRIPTOMIC SINGLE CELL,not applicable,RNA-Seq,read2,0,91,0,read1,16,5 prime tag,polyA RNA,10x 5' v1,oligo-dT,0,index1,8,10x technology,none,16,read1,10,P-MTAB-134064,Wellcome Sanger Institute,48223_4_CCCAGCTTCT-GTTTGGTGTC_S2_L004,group 9,sequencing assay,ERX12445736,48223_4_CCCAGCTTCT-GTTTGGTGTC_S2_L004_R1_001.fastq.gz,48223_4_CCCAGCTTCT-GTTTGGTGTC_S2_L004_R1_001.fastq.gz,ERR13074038,ftp://ftp.sra.ebi.ac.uk/vol1/run/ERR130/ERR13074038/48223_4_CCCAGCTTCT-GTTTGGTGTC_S2_L004_R1_001.fastq.gz,"cell_barcode, umi_barcode",read1,14,week,EFO,UO_0000034
HCA_rFSKI14539498,ERS19636938,SAMEA115579234,Homo sapiens,F221,14,week,EFO,UO_0000034,late embryonic stage,female,skin,CD45P,cell,P-MTAB-134061,P-MTAB-134062,P-MTAB-134063,HCA_rFSKI14539498,RNA,PAIRED,unspecified,TRANSCRIPTOMIC SINGLE CELL,not applicable,RNA-Seq,read2,0,91,0,read1,16,5 prime tag,polyA RNA,10x 5' v1,oligo-dT,0,index1,8,10x technology,none,16,read1,10,P-MTAB-134064,Wellcome Sanger Institute,48223_3_TTGAGAGTCA-CTACCAGGTT_S3_L003,group 10,sequencing assay,ERX12445737,48223_3_TTGAGAGTCA-CTACCAGGTT_S3_L003_R2_001.fastq.gz,48223_3_TTGAGAGTCA-CTACCAGGTT_S3_L003_R2_001.fastq.gz,ERR13074019,ftp://ftp.sra.ebi.ac.uk/vol1/run/ERR130/ERR13074019/48223_3_TTGAGAGTCA-CTACCAGGTT_S3_L003_R2_001.fastq.gz,single,read2,14,week,EFO,UO_0000034
HCA_rFSKI14539498,ERS19636938,SAMEA115579234,Homo sapiens,F221,14,week,EFO,UO_0000034,late embryonic stage,female,skin,CD45P,cell,P-MTAB-134061,P-MTAB-134062,P-MTAB-134063,HCA_rFSKI14539498,RNA,PAIRED,unspecified,TRANSCRIPTOMIC SINGLE CELL,not applicable,RNA-Seq,read2,0,91,0,read1,16,5 prime tag,polyA RNA,10x 5' v1,oligo-dT,0,index1,8,10x technology,none,16,read1,10,P-MTAB-134064,Wellcome Sanger Institute,48223_3_TTGAGAGTCA-CTACCAGGTT_S3_L003,group 10,sequencing assay,ERX12445737,48223_3_TTGAGAGTCA-CTACCAGGTT_S3_L003_R1_001.fastq.gz,48223_3_TTGAGAGTCA-CTACCAGGTT_S3_L003_R1_001.fastq.gz,ERR13074019,ftp://ftp.sra.ebi.ac.uk/vol1/run/ERR130/ERR13074019/48223_3_TTGAGAGTCA-CTACCAGGTT_S3_L003_R1_001.fastq.gz,"cell_barcode, umi_barcode",read1,14,week,EFO,UO_0000034
HCA_rFSKI14539498,ERS19636938,SAMEA115579234,Homo sapiens,F221,14,week,EFO,UO_0000034,late embryonic stage,female,skin,CD45P,cell,P-MTAB-134061,P-MTAB-134062,P-MTAB-134063,HCA_rFSKI14539498,RNA,PAIRED,unspecified,TRANSCRIPTOMIC SINGLE CELL,not applicable,RNA-Seq,read2,0,91,0,read1,16,5 prime tag,polyA RNA,10x 5' v1,oligo-dT,0,index1,8,10x technology,none,16,read1,10,P-MTAB-134064,Wellcome Sanger Institute,48223_4_TTGAGAGTCA-CTACCAGGTT_S3_L004,group 10,sequencing assay,ERX12445737,48223_4_TTGAGAGTCA-CTACCAGGTT_S3_L004_R1_001.fastq.gz,48223_4_TTGAGAGTCA-CTACCAGGTT_S3_L004_R1_001.fastq.gz,ERR13074027,ftp://ftp.sra.ebi.ac.uk/vol1/run/ERR130/ERR13074027/48223_4_TTGAGAGTCA-CTACCAGGTT_S3_L004_R1_001.fastq.gz,"cell_barcode, umi_barcode",read1,14,week,EFO,UO_0000034
HCA_rFSKI14539498,ERS19636938,SAMEA115579234,Homo sapiens,F221,14,week,EFO,UO_0000034,late embryonic stage,female,skin,CD45P,cell,P-MTAB-134061,P-MTAB-134062,P-MTAB-134063,HCA_rFSKI14539498,RNA,PAIRED,unspecified,TRANSCRIPTOMIC SINGLE CELL,not applicable,RNA-Seq,read2,0,91,0,read1,16,5 prime tag,polyA RNA,10x 5' v1,oligo-dT,0,index1,8,10x technology,none,16,read1,10,P-MTAB-134064,Wellcome Sanger Institute,48223_4_TTGAGAGTCA-CTACCAGGTT_S3_L004,group 10,sequencing assay,ERX12445737,48223_4_TTGAGAGTCA-CTACCAGGTT_S3_L004_R2_001.fastq.gz,48223_4_TTGAGAGTCA-CTACCAGGTT_S3_L004_R2_001.fastq.gz,ERR13074027,ftp://ftp.sra.ebi.ac.uk/vol1/run/ERR130/ERR13074027/48223_4_TTGAGAGTCA-CTACCAGGTT_S3_L004_R2_001.fastq.gz,single,read2,14,week,EFO,UO_0000034
HCA_rFSKI14539499,ERS19636939,SAMEA115579235,Homo sapiens,F221,14,week,EFO,UO_0000034,late embryonic stage,female,skin,CD45NCD34N,cell,P-MTAB-134061,P-MTAB-134062,P-MTAB-134063,HCA_rFSKI14539499,RNA,PAIRED,unspecified,TRANSCRIPTOMIC SINGLE CELL,not applicable,RNA-Seq,read2,0,91,0,read1,16,5 prime tag,polyA RNA,10x 5' v1,oligo-dT,0,index1,8,10x technology,none,16,read1,10,P-MTAB-134064,Wellcome Sanger Institute,48223_3_TTGCCCGTGC-AATCTCACGC_S4_L003,group 11,sequencing assay,ERX12445738,48223_3_TTGCCCGTGC-AATCTCACGC_S4_L003_R1_001.fastq.gz,48223_3_TTGCCCGTGC-AATCTCACGC_S4_L003_R1_001.fastq.gz,ERR13074036,ftp://ftp.sra.ebi.ac.uk/vol1/run/ERR130/ERR13074036/48223_3_TTGCCCGTGC-AATCTCACGC_S4_L003_R1_001.fastq.gz,"cell_barcode, umi_barcode",read1,14,week,EFO,UO_0000034
HCA_rFSKI14539499,ERS19636939,SAMEA115579235,Homo sapiens,F221,14,week,EFO,UO_0000034,late embryonic stage,female,skin,CD45NCD34N,cell,P-MTAB-134061,P-MTAB-134062,P-MTAB-134063,HCA_rFSKI14539499,RNA,PAIRED,unspecified,TRANSCRIPTOMIC SINGLE CELL,not applicable,RNA-Seq,read2,0,91,0,read1,16,5 prime tag,polyA RNA,10x 5' v1,oligo-dT,0,index1,8,10x technology,none,16,read1,10,P-MTAB-134064,Wellcome Sanger Institute,48223_4_TTGCCCGTGC-AATCTCACGC_S4_L004,group 11,sequencing assay,ERX12445738,48223_4_TTGCCCGTGC-AATCTCACGC_S4_L004_R2_001.fastq.gz,48223_4_TTGCCCGTGC-AATCTCACGC_S4_L004_R2_001.fastq.gz,ERR13074053,ftp://ftp.sra.ebi.ac.uk/vol1/run/ERR130/ERR13074053/48223_4_TTGCCCGTGC-AATCTCACGC_S4_L004_R2_001.fastq.gz,single,read2,14,week,EFO,UO_0000034
HCA_rFSKI14539499,ERS19636939,SAMEA115579235,Homo sapiens,F221,14,week,EFO,UO_0000034,late embryonic stage,female,skin,CD45NCD34N,cell,P-MTAB-134061,P-MTAB-134062,P-MTAB-134063,HCA_rFSKI14539499,RNA,PAIRED,unspecified,TRANSCRIPTOMIC SINGLE CELL,not applicable,RNA-Seq,read2,0,91,0,read1,16,5 prime tag,polyA RNA,10x 5' v1,oligo-dT,0,index1,8,10x technology,none,16,read1,10,P-MTAB-134064,Wellcome Sanger Institute,48223_3_TTGCCCGTGC-AATCTCACGC_S4_L003,group 11,sequencing assay,ERX12445738,48223_3_TTGCCCGTGC-AATCTCACGC_S4_L003_R2_001.fastq.gz,48223_3_TTGCCCGTGC-AATCTCACGC_S4_L003_R2_001.fastq.gz,ERR13074036,ftp://ftp.sra.ebi.ac.uk/vol1/run/ERR130/ERR13074036/48223_3_TTGCCCGTGC-AATCTCACGC_S4_L003_R2_001.fastq.gz,single,read2,14,week,EFO,UO_0000034
HCA_rFSKI14539499,ERS19636939,SAMEA115579235,Homo sapiens,F221,14,week,EFO,UO_0000034,late embryonic stage,female,skin,CD45NCD34N,cell,P-MTAB-134061,P-MTAB-134062,P-MTAB-134063,HCA_rFSKI14539499,RNA,PAIRED,unspecified,TRANSCRIPTOMIC SINGLE CELL,not applicable,RNA-Seq,read2,0,91,0,read1,16,5 prime tag,polyA RNA,10x 5' v1,oligo-dT,0,index1,8,10x technology,none,16,read1,10,P-MTAB-134064,Wellcome Sanger Institute,48223_4_TTGCCCGTGC-AATCTCACGC_S4_L004,group 11,sequencing assay,ERX12445738,48223_4_TTGCCCGTGC-AATCTCACGC_S4_L004_R1_001.fastq.gz,48223_4_TTGCCCGTGC-AATCTCACGC_S4_L004_R1_001.fastq.gz,ERR13074053,ftp://ftp.sra.ebi.ac.uk/vol1/run/ERR130/ERR13074053/48223_4_TTGCCCGTGC-AATCTCACGC_S4_L004_R1_001.fastq.gz,"cell_barcode, umi_barcode",read1,14,week,EFO,UO_0000034
HCA_rFSKI14539500,ERS19636940,SAMEA115579236,Homo sapiens,F221,14,week,EFO,UO_0000034,late embryonic stage,female,skin,CD45NCD34N,cell,P-MTAB-134061,P-MTAB-134062,P-MTAB-134063,HCA_rFSKI14539500,RNA,PAIRED,unspecified,TRANSCRIPTOMIC SINGLE CELL,not applicable,RNA-Seq,read2,0,91,0,read1,16,5 prime tag,polyA RNA,10x 5' v1,oligo-dT,0,index1,8,10x technology,none,16,read1,10,P-MTAB-134064,Wellcome Sanger Institute,48223_4_GCGGGTAAGT-CTTAGTGCTA_S5_L004,group 12,sequencing assay,ERX12445739,48223_4_GCGGGTAAGT-CTTAGTGCTA_S5_L004_R1_001.fastq.gz,48223_4_GCGGGTAAGT-CTTAGTGCTA_S5_L004_R1_001.fastq.gz,ERR13074044,ftp://ftp.sra.ebi.ac.uk/vol1/run/ERR130/ERR13074044/48223_4_GCGGGTAAGT-CTTAGTGCTA_S5_L004_R1_001.fastq.gz,"cell_barcode, umi_barcode",read1,14,week,EFO,UO_0000034
HCA_rFSKI14539500,ERS19636940,SAMEA115579236,Homo sapiens,F221,14,week,EFO,UO_0000034,late embryonic stage,female,skin,CD45NCD34N,cell,P-MTAB-134061,P-MTAB-134062,P-MTAB-134063,HCA_rFSKI14539500,RNA,PAIRED,unspecified,TRANSCRIPTOMIC SINGLE CELL,not applicable,RNA-Seq,read2,0,91,0,read1,16,5 prime tag,polyA RNA,10x 5' v1,oligo-dT,0,index1,8,10x technology,none,16,read1,10,P-MTAB-134064,Wellcome Sanger Institute,48223_3_GCGGGTAAGT-CTTAGTGCTA_S5_L003,group 12,sequencing assay,ERX12445739,48223_3_GCGGGTAAGT-CTTAGTGCTA_S5_L003_R1_001.fastq.gz,48223_3_GCGGGTAAGT-CTTAGTGCTA_S5_L003_R1_001.fastq.gz,ERR13074035,ftp://ftp.sra.ebi.ac.uk/vol1/run/ERR130/ERR13074035/48223_3_GCGGGTAAGT-CTTAGTGCTA_S5_L003_R1_001.fastq.gz,"cell_barcode, umi_barcode",read1,14,week,EFO,UO_0000034
HCA_rFSKI14539500,ERS19636940,SAMEA115579236,Homo sapiens,F221,14,week,EFO,UO_0000034,late embryonic stage,female,skin,CD45NCD34N,cell,P-MTAB-134061,P-MTAB-134062,P-MTAB-134063,HCA_rFSKI14539500,RNA,PAIRED,unspecified,TRANSCRIPTOMIC SINGLE CELL,not applicable,RNA-Seq,read2,0,91,0,read1,16,5 prime tag,polyA RNA,10x 5' v1,oligo-dT,0,index1,8,10x technology,none,16,read1,10,P-MTAB-134064,Wellcome Sanger Institute,48223_3_GCGGGTAAGT-CTTAGTGCTA_S5_L003,group 12,sequencing assay,ERX12445739,48223_3_GCGGGTAAGT-CTTAGTGCTA_S5_L003_R2_001.fastq.gz,48223_3_GCGGGTAAGT-CTTAGTGCTA_S5_L003_R2_001.fastq.gz,ERR13074035,ftp://ftp.sra.ebi.ac.uk/vol1/run/ERR130/ERR13074035/48223_3_GCGGGTAAGT-CTTAGTGCTA_S5_L003_R2_001.fastq.gz,single,read2,14,week,EFO,UO_0000034
HCA_rFSKI14539500,ERS19636940,SAMEA115579236,Homo sapiens,F221,14,week,EFO,UO_0000034,late embryonic stage,female,skin,CD45NCD34N,cell,P-MTAB-134061,P-MTAB-134062,P-MTAB-134063,HCA_rFSKI14539500,RNA,PAIRED,unspecified,TRANSCRIPTOMIC SINGLE CELL,not applicable,RNA-Seq,read2,0,91,0,read1,16,5 prime tag,polyA RNA,10x 5' v1,oligo-dT,0,index1,8,10x technology,none,16,read1,10,P-MTAB-134064,Wellcome Sanger Institute,48223_4_GCGGGTAAGT-CTTAGTGCTA_S5_L004,group 12,sequencing assay,ERX12445739,48223_4_GCGGGTAAGT-CTTAGTGCTA_S5_L004_R2_001.fastq.gz,48223_4_GCGGGTAAGT-CTTAGTGCTA_S5_L004_R2_001.fastq.gz,ERR13074044,ftp://ftp.sra.ebi.ac.uk/vol1/run/ERR130/ERR13074044/48223_4_GCGGGTAAGT-CTTAGTGCTA_S5_L004_R2_001.fastq.gz,single,read2,14,week,EFO,UO_0000034
HCA_rFSKI14539501,ERS19636941,SAMEA115579237,Homo sapiens,F221,14,week,EFO,UO_0000034,late embryonic stage,female,skin,CD45NCD34P,cell,P-MTAB-134061,P-MTAB-134062,P-MTAB-134063,HCA_rFSKI14539501,RNA,PAIRED,unspecified,TRANSCRIPTOMIC SINGLE CELL,not applicable,RNA-Seq,read2,0,91,0,read1,16,5 prime tag,polyA RNA,10x 5' v1,oligo-dT,0,index1,8,10x technology,none,16,read1,10,P-MTAB-134064,Wellcome Sanger Institute,48223_4_CCTATCCTCG-GTTAGTATTC_S6_L004,group 13,sequencing assay,ERX12445740,48223_4_CCTATCCTCG-GTTAGTATTC_S6_L004_R2_001.fastq.gz,48223_4_CCTATCCTCG-GTTAGTATTC_S6_L004_R2_001.fastq.gz,ERR13074040,ftp://ftp.sra.ebi.ac.uk/vol1/run/ERR130/ERR13074040/48223_4_CCTATCCTCG-GTTAGTATTC_S6_L004_R2_001.fastq.gz,single,read2,14,week,EFO,UO_0000034
HCA_rFSKI14539501,ERS19636941,SAMEA115579237,Homo sapiens,F221,14,week,EFO,UO_0000034,late embryonic stage,female,skin,CD45NCD34P,cell,P-MTAB-134061,P-MTAB-134062,P-MTAB-134063,HCA_rFSKI14539501,RNA,PAIRED,unspecified,TRANSCRIPTOMIC SINGLE CELL,not applicable,RNA-Seq,read2,0,91,0,read1,16,5 prime tag,polyA RNA,10x 5' v1,oligo-dT,0,index1,8,10x technology,none,16,read1,10,P-MTAB-134064,Wellcome Sanger Institute,48223_3_CCTATCCTCG-GTTAGTATTC_S6_L003,group 13,sequencing assay,ERX12445740,48223_3_CCTATCCTCG-GTTAGTATTC_S6_L003_R1_001.fastq.gz,48223_3_CCTATCCTCG-GTTAGTATTC_S6_L003_R1_001.fastq.gz,ERR13074057,ftp://ftp.sra.ebi.ac.uk/vol1/run/ERR130/ERR13074057/48223_3_CCTATCCTCG-GTTAGTATTC_S6_L003_R1_001.fastq.gz,"cell_barcode, umi_barcode",read1,14,week,EFO,UO_0000034
HCA_rFSKI14539501,ERS19636941,SAMEA115579237,Homo sapiens,F221,14,week,EFO,UO_0000034,late embryonic stage,female,skin,CD45NCD34P,cell,P-MTAB-134061,P-MTAB-134062,P-MTAB-134063,HCA_rFSKI14539501,RNA,PAIRED,unspecified,TRANSCRIPTOMIC SINGLE CELL,not applicable,RNA-Seq,read2,0,91,0,read1,16,5 prime tag,polyA RNA,10x 5' v1,oligo-dT,0,index1,8,10x technology,none,16,read1,10,P-MTAB-134064,Wellcome Sanger Institute,48223_3_CCTATCCTCG-GTTAGTATTC_S6_L003,group 13,sequencing assay,ERX12445740,48223_3_CCTATCCTCG-GTTAGTATTC_S6_L003_R2_001.fastq.gz,48223_3_CCTATCCTCG-GTTAGTATTC_S6_L003_R2_001.fastq.gz,ERR13074057,ftp://ftp.sra.ebi.ac.uk/vol1/run/ERR130/ERR13074057/48223_3_CCTATCCTCG-GTTAGTATTC_S6_L003_R2_001.fastq.gz,single,read2,14,week,EFO,UO_0000034
HCA_rFSKI14539501,ERS19636941,SAMEA115579237,Homo sapiens,F221,14,week,EFO,UO_0000034,late embryonic stage,female,skin,CD45NCD34P,cell,P-MTAB-134061,P-MTAB-134062,P-MTAB-134063,HCA_rFSKI14539501,RNA,PAIRED,unspecified,TRANSCRIPTOMIC SINGLE CELL,not applicable,RNA-Seq,read2,0,91,0,read1,16,5 prime tag,polyA RNA,10x 5' v1,oligo-dT,0,index1,8,10x technology,none,16,read1,10,P-MTAB-134064,Wellcome Sanger Institute,48223_4_CCTATCCTCG-GTTAGTATTC_S6_L004,group 13,sequencing assay,ERX12445740,48223_4_CCTATCCTCG-GTTAGTATTC_S6_L004_R1_001.fastq.gz,48223_4_CCTATCCTCG-GTTAGTATTC_S6_L004_R1_001.fastq.gz,ERR13074040,ftp://ftp.sra.ebi.ac.uk/vol1/run/ERR130/ERR13074040/48223_4_CCTATCCTCG-GTTAGTATTC_S6_L004_R1_001.fastq.gz,"cell_barcode, umi_barcode",read1,14,week,EFO,UO_0000034
WS_wEMB13942138,ERS19636942,SAMEA115579238,Homo sapiens,F217,17,week,EFO,UO_0000034,late embryonic stage,female,skin,Total,cell,P-MTAB-134061,P-MTAB-134062,P-MTAB-134063,WS_wEMB13942138,RNA,PAIRED,unspecified,TRANSCRIPTOMIC SINGLE CELL,not applicable,RNA-Seq,read2,0,91,0,read1,16,5 prime tag,polyA RNA,10x 5' v1,oligo-dT,0,index1,8,10x technology,none,16,read1,10,P-MTAB-134064,Wellcome Sanger Institute,48046_1__S1_L001,,sequencing assay,ERX12445741,48046_1__S1_L001_R1_001.fastq.gz,48046_1__S1_L001_R1_001.fastq.gz,ERR13074022,ftp://ftp.sra.ebi.ac.uk/vol1/run/ERR130/ERR13074022/48046_1__S1_L001_R1_001.fastq.gz,"cell_barcode, umi_barcode",read1,17,week,EFO,UO_0000034
WS_wEMB13942138,ERS19636942,SAMEA115579238,Homo sapiens,F217,17,week,EFO,UO_0000034,late embryonic stage,female,skin,Total,cell,P-MTAB-134061,P-MTAB-134062,P-MTAB-134063,WS_wEMB13942138,RNA,PAIRED,unspecified,TRANSCRIPTOMIC SINGLE CELL,not applicable,RNA-Seq,read2,0,91,0,read1,16,5 prime tag,polyA RNA,10x 5' v1,oligo-dT,0,index1,8,10x technology,none,16,read1,10,P-MTAB-134064,Wellcome Sanger Institute,48046_1__S1_L001,,sequencing assay,ERX12445741,48046_1__S1_L001_R2_001.fastq.gz,48046_1__S1_L001_R2_001.fastq.gz,ERR13074022,ftp://ftp.sra.ebi.ac.uk/vol1/run/ERR130/ERR13074022/48046_1__S1_L001_R2_001.fastq.gz,single,read2,17,week,EFO,UO_0000034
WS_wEMB13942139,ERS19636943,SAMEA115579239,Homo sapiens,F217,17,week,EFO,UO_0000034,late embryonic stage,female,skin,Total,cell,P-MTAB-134061,P-MTAB-134062,P-MTAB-134063,WS_wEMB13942139,RNA,PAIRED,unspecified,TRANSCRIPTOMIC SINGLE CELL,not applicable,RNA-Seq,read2,0,91,0,read1,16,5 prime tag,polyA RNA,10x 5' v1,oligo-dT,0,index1,8,10x technology,none,16,read1,10,P-MTAB-134064,Wellcome Sanger Institute,48046_1__S2_L001,,sequencing assay,ERX12445742,48046_1__S2_L001_R1_001.fastq.gz,48046_1__S2_L001_R1_001.fastq.gz,ERR13074024,ftp://ftp.sra.ebi.ac.uk/vol1/run/ERR130/ERR13074024/48046_1__S2_L001_R1_001.fastq.gz,"cell_barcode, umi_barcode",read1,17,week,EFO,UO_0000034
WS_wEMB13942139,ERS19636943,SAMEA115579239,Homo sapiens,F217,17,week,EFO,UO_0000034,late embryonic stage,female,skin,Total,cell,P-MTAB-134061,P-MTAB-134062,P-MTAB-134063,WS_wEMB13942139,RNA,PAIRED,unspecified,TRANSCRIPTOMIC SINGLE CELL,not applicable,RNA-Seq,read2,0,91,0,read1,16,5 prime tag,polyA RNA,10x 5' v1,oligo-dT,0,index1,8,10x technology,none,16,read1,10,P-MTAB-134064,Wellcome Sanger Institute,48046_1__S2_L001,,sequencing assay,ERX12445742,48046_1__S2_L001_R2_001.fastq.gz,48046_1__S2_L001_R2_001.fastq.gz,ERR13074024,ftp://ftp.sra.ebi.ac.uk/vol1/run/ERR130/ERR13074024/48046_1__S2_L001_R2_001.fastq.gz,single,read2,17,week,EFO,UO_0000034
WS_wEMB13942141,ERS19636944,SAMEA115579240,Homo sapiens,F217,17,week,EFO,UO_0000034,late embryonic stage,female,skin,Total,cell,P-MTAB-134061,P-MTAB-134062,P-MTAB-134063,WS_wEMB13942141,RNA,PAIRED,unspecified,TRANSCRIPTOMIC SINGLE CELL,not applicable,RNA-Seq,read2,0,91,0,read1,16,5 prime tag,polyA RNA,10x 5' v1,oligo-dT,0,index1,8,10x technology,none,16,read1,10,P-MTAB-134064,Wellcome Sanger Institute,48046_1_CGAATATTCG-TTGCTTCCAG_S4_L001,,sequencing assay,ERX12445743,48046_1_CGAATATTCG-TTGCTTCCAG_S4_L001_R1_001.fastq.gz,48046_1_CGAATATTCG-TTGCTTCCAG_S4_L001_R1_001.fastq.gz,ERR13074034,ftp://ftp.sra.ebi.ac.uk/vol1/run/ERR130/ERR13074034/48046_1_CGAATATTCG-TTGCTTCCAG_S4_L001_R1_001.fastq.gz,"cell_barcode, umi_barcode",read1,17,week,EFO,UO_0000034
WS_wEMB13942141,ERS19636944,SAMEA115579240,Homo sapiens,F217,17,week,EFO,UO_0000034,late embryonic stage,female,skin,Total,cell,P-MTAB-134061,P-MTAB-134062,P-MTAB-134063,WS_wEMB13942141,RNA,PAIRED,unspecified,TRANSCRIPTOMIC SINGLE CELL,not applicable,RNA-Seq,read2,0,91,0,read1,16,5 prime tag,polyA RNA,10x 5' v1,oligo-dT,0,index1,8,10x technology,none,16,read1,10,P-MTAB-134064,Wellcome Sanger Institute,48046_1_CGAATATTCG-TTGCTTCCAG_S4_L001,,sequencing assay,ERX12445743,48046_1_CGAATATTCG-TTGCTTCCAG_S4_L001_R2_001.fastq.gz,48046_1_CGAATATTCG-TTGCTTCCAG_S4_L001_R2_001.fastq.gz,ERR13074034,ftp://ftp.sra.ebi.ac.uk/vol1/run/ERR130/ERR13074034/48046_1_CGAATATTCG-TTGCTTCCAG_S4_L001_R2_001.fastq.gz,single,read2,17,week,EFO,UO_0000034
WS_wEMB13942142,ERS19636945,SAMEA115579241,Homo sapiens,F217,17,week,EFO,UO_0000034,late embryonic stage,female,skin,Total,cell,P-MTAB-134061,P-MTAB-134062,P-MTAB-134063,WS_wEMB13942142,RNA,PAIRED,unspecified,TRANSCRIPTOMIC SINGLE CELL,not applicable,RNA-Seq,read2,0,91,0,read1,16,5 prime tag,polyA RNA,10x 5' v1,oligo-dT,0,index1,8,10x technology,none,16,read1,10,P-MTAB-134064,Wellcome Sanger Institute,48046_1__S5_L001,,sequencing assay,ERX12445744,48046_1__S5_L001_R2_001.fastq.gz,48046_1__S5_L001_R2_001.fastq.gz,ERR13074013,ftp://ftp.sra.ebi.ac.uk/vol1/run/ERR130/ERR13074013/48046_1__S5_L001_R2_001.fastq.gz,single,read2,17,week,EFO,UO_0000034
WS_wEMB13942142,ERS19636945,SAMEA115579241,Homo sapiens,F217,17,week,EFO,UO_0000034,late embryonic stage,female,skin,Total,cell,P-MTAB-134061,P-MTAB-134062,P-MTAB-134063,WS_wEMB13942142,RNA,PAIRED,unspecified,TRANSCRIPTOMIC SINGLE CELL,not applicable,RNA-Seq,read2,0,91,0,read1,16,5 prime tag,polyA RNA,10x 5' v1,oligo-dT,0,index1,8,10x technology,none,16,read1,10,P-MTAB-134064,Wellcome Sanger Institute,48046_1__S5_L001,,sequencing assay,ERX12445744,48046_1__S5_L001_R1_001.fastq.gz,48046_1__S5_L001_R1_001.fastq.gz,ERR13074013,ftp://ftp.sra.ebi.ac.uk/vol1/run/ERR130/ERR13074013/48046_1__S5_L001_R1_001.fastq.gz,"cell_barcode, umi_barcode",read1,17,week,EFO,UO_0000034
WS_wEMB13942143,ERS19636946,SAMEA115579242,Homo sapiens,F217,17,week,EFO,UO_0000034,late embryonic stage,female,skin,Total,cell,P-MTAB-134061,P-MTAB-134062,P-MTAB-134063,WS_wEMB13942143,RNA,PAIRED,unspecified,TRANSCRIPTOMIC SINGLE CELL,not applicable,RNA-Seq,read2,0,91,0,read1,16,5 prime tag,polyA RNA,10x 5' v1,oligo-dT,0,index1,8,10x technology,none,16,read1,10,P-MTAB-134064,Wellcome Sanger Institute,48046_1__S6_L001,,sequencing assay,ERX12445745,48046_1__S6_L001_R1_001.fastq.gz,48046_1__S6_L001_R1_001.fastq.gz,ERR13074037,ftp://ftp.sra.ebi.ac.uk/vol1/run/ERR130/ERR13074037/48046_1__S6_L001_R1_001.fastq.gz,"cell_barcode, umi_barcode",read1,17,week,EFO,UO_0000034
WS_wEMB13942143,ERS19636946,SAMEA115579242,Homo sapiens,F217,17,week,EFO,UO_0000034,late embryonic stage,female,skin,Total,cell,P-MTAB-134061,P-MTAB-134062,P-MTAB-134063,WS_wEMB13942143,RNA,PAIRED,unspecified,TRANSCRIPTOMIC SINGLE CELL,not applicable,RNA-Seq,read2,0,91,0,read1,16,5 prime tag,polyA RNA,10x 5' v1,oligo-dT,0,index1,8,10x technology,none,16,read1,10,P-MTAB-134064,Wellcome Sanger Institute,48046_1__S6_L001,,sequencing assay,ERX12445745,48046_1__S6_L001_R2_001.fastq.gz,48046_1__S6_L001_R2_001.fastq.gz,ERR13074037,ftp://ftp.sra.ebi.ac.uk/vol1/run/ERR130/ERR13074037/48046_1__S6_L001_R2_001.fastq.gz,single,read2,17,week,EFO,UO_0000034
WS_wEMB13942144,ERS19636947,SAMEA115579243,Homo sapiens,F217,17,week,EFO,UO_0000034,late embryonic stage,female,skin,Total,cell,P-MTAB-134061,P-MTAB-134062,P-MTAB-134063,WS_wEMB13942144,RNA,PAIRED,unspecified,TRANSCRIPTOMIC SINGLE CELL,not applicable,RNA-Seq,read2,0,91,0,read1,16,5 prime tag,polyA RNA,10x 5' v1,oligo-dT,0,index1,8,10x technology,none,16,read1,10,P-MTAB-134064,Wellcome Sanger Institute,48046_1__S7_L001,,sequencing assay,ERX12445746,48046_1__S7_L001_R1_001.fastq.gz,48046_1__S7_L001_R1_001.fastq.gz,ERR13074028,ftp://ftp.sra.ebi.ac.uk/vol1/run/ERR130/ERR13074028/48046_1__S7_L001_R1_001.fastq.gz,"cell_barcode, umi_barcode",read1,17,week,EFO,UO_0000034
WS_wEMB13942144,ERS19636947,SAMEA115579243,Homo sapiens,F217,17,week,EFO,UO_0000034,late embryonic stage,female,skin,Total,cell,P-MTAB-134061,P-MTAB-134062,P-MTAB-134063,WS_wEMB13942144,RNA,PAIRED,unspecified,TRANSCRIPTOMIC SINGLE CELL,not applicable,RNA-Seq,read2,0,91,0,read1,16,5 prime tag,polyA RNA,10x 5' v1,oligo-dT,0,index1,8,10x technology,none,16,read1,10,P-MTAB-134064,Wellcome Sanger Institute,48046_1__S7_L001,,sequencing assay,ERX12445746,48046_1__S7_L001_R2_001.fastq.gz,48046_1__S7_L001_R2_001.fastq.gz,ERR13074028,ftp://ftp.sra.ebi.ac.uk/vol1/run/ERR130/ERR13074028/48046_1__S7_L001_R2_001.fastq.gz,single,read2,17,week,EFO,UO_0000034
WS_wEMB13942145,ERS19636949,SAMEA115579244,Homo sapiens,F217,17,week,EFO,UO_0000034,late embryonic stage,female,skin,Total,cell,P-MTAB-134061,P-MTAB-134062,P-MTAB-134063,WS_wEMB13942145,RNA,PAIRED,unspecified,TRANSCRIPTOMIC SINGLE CELL,not applicable,RNA-Seq,read2,0,91,0,read1,16,5 prime tag,polyA RNA,10x 5' v1,oligo-dT,0,index1,8,10x technology,none,16,read1,10,P-MTAB-134064,Wellcome Sanger Institute,48046_1__S8_L001,,sequencing assay,ERX12445747,48046_1__S8_L001_R2_001.fastq.gz,48046_1__S8_L001_R2_001.fastq.gz,ERR13074033,ftp://ftp.sra.ebi.ac.uk/vol1/run/ERR130/ERR13074033/48046_1__S8_L001_R2_001.fastq.gz,single,read2,17,week,EFO,UO_0000034
WS_wEMB13942145,ERS19636949,SAMEA115579244,Homo sapiens,F217,17,week,EFO,UO_0000034,late embryonic stage,female,skin,Total,cell,P-MTAB-134061,P-MTAB-134062,P-MTAB-134063,WS_wEMB13942145,RNA,PAIRED,unspecified,TRANSCRIPTOMIC SINGLE CELL,not applicable,RNA-Seq,read2,0,91,0,read1,16,5 prime tag,polyA RNA,10x 5' v1,oligo-dT,0,index1,8,10x technology,none,16,read1,10,P-MTAB-134064,Wellcome Sanger Institute,48046_1__S8_L001,,sequencing assay,ERX12445747,48046_1__S8_L001_R1_001.fastq.gz,48046_1__S8_L001_R1_001.fastq.gz,ERR13074033,ftp://ftp.sra.ebi.ac.uk/vol1/run/ERR130/ERR13074033/48046_1__S8_L001_R1_001.fastq.gz,"cell_barcode, umi_barcode",read1,17,week,EFO,UO_0000034
WS_wEMB13942146,ERS19636950,SAMEA115579245,Homo sapiens,F217,17,week,EFO,UO_0000034,late embryonic stage,female,skin,Total,cell,P-MTAB-134061,P-MTAB-134062,P-MTAB-134063,WS_wEMB13942146,RNA,PAIRED,unspecified,TRANSCRIPTOMIC SINGLE CELL,not applicable,RNA-Seq,read2,0,91,0,read1,16,5 prime tag,polyA RNA,10x 5' v1,oligo-dT,0,index1,8,10x technology,none,16,read1,10,P-MTAB-134064,Wellcome Sanger Institute,48046_2__S1_L002,,sequencing assay,ERX12445748,48046_2__S1_L002_R1_001.fastq.gz,48046_2__S1_L002_R1_001.fastq.gz,ERR13074052,ftp://ftp.sra.ebi.ac.uk/vol1/run/ERR130/ERR13074052/48046_2__S1_L002_R1_001.fastq.gz,"cell_barcode, umi_barcode",read1,17,week,EFO,UO_0000034
WS_wEMB13942146,ERS19636950,SAMEA115579245,Homo sapiens,F217,17,week,EFO,UO_0000034,late embryonic stage,female,skin,Total,cell,P-MTAB-134061,P-MTAB-134062,P-MTAB-134063,WS_wEMB13942146,RNA,PAIRED,unspecified,TRANSCRIPTOMIC SINGLE CELL,not applicable,RNA-Seq,read2,0,91,0,read1,16,5 prime tag,polyA RNA,10x 5' v1,oligo-dT,0,index1,8,10x technology,none,16,read1,10,P-MTAB-134064,Wellcome Sanger Institute,48046_2__S1_L002,,sequencing assay,ERX12445748,48046_2__S1_L002_R2_001.fastq.gz,48046_2__S1_L002_R2_001.fastq.gz,ERR13074052,ftp://ftp.sra.ebi.ac.uk/vol1/run/ERR130/ERR13074052/48046_2__S1_L002_R2_001.fastq.gz,single,read2,17,week,EFO,UO_0000034
WS_wEMB13942147,ERS19636951,SAMEA115579246,Homo sapiens,F217,17,week,EFO,UO_0000034,late embryonic stage,female,skin,Total,cell,P-MTAB-134061,P-MTAB-134062,P-MTAB-134063,WS_wEMB13942147,RNA,PAIRED,unspecified,TRANSCRIPTOMIC SINGLE CELL,not applicable,RNA-Seq,read2,0,91,0,read1,16,5 prime tag,polyA RNA,10x 5' v1,oligo-dT,0,index1,8,10x technology,none,16,read1,10,P-MTAB-134064,Wellcome Sanger Institute,48046_2__S2_L002,,sequencing assay,ERX12445749,48046_2__S2_L002_R1_001.fastq.gz,48046_2__S2_L002_R1_001.fastq.gz,ERR13074031,ftp://ftp.sra.ebi.ac.uk/vol1/run/ERR130/ERR13074031/48046_2__S2_L002_R1_001.fastq.gz,"cell_barcode, umi_barcode",read1,17,week,EFO,UO_0000034
WS_wEMB13942147,ERS19636951,SAMEA115579246,Homo sapiens,F217,17,week,EFO,UO_0000034,late embryonic stage,female,skin,Total,cell,P-MTAB-134061,P-MTAB-134062,P-MTAB-134063,WS_wEMB13942147,RNA,PAIRED,unspecified,TRANSCRIPTOMIC SINGLE CELL,not applicable,RNA-Seq,read2,0,91,0,read1,16,5 prime tag,polyA RNA,10x 5' v1,oligo-dT,0,index1,8,10x technology,none,16,read1,10,P-MTAB-134064,Wellcome Sanger Institute,48046_2__S2_L002,,sequencing assay,ERX12445749,48046_2__S2_L002_R2_001.fastq.gz,48046_2__S2_L002_R2_001.fastq.gz,ERR13074031,ftp://ftp.sra.ebi.ac.uk/vol1/run/ERR130/ERR13074031/48046_2__S2_L002_R2_001.fastq.gz,single,read2,17,week,EFO,UO_0000034
WS_wEMB13942148,ERS19636952,SAMEA115579247,Homo sapiens,F217,17,week,EFO,UO_0000034,late embryonic stage,female,skin,Total,cell,P-MTAB-134061,P-MTAB-134062,P-MTAB-134063,WS_wEMB13942148,RNA,PAIRED,unspecified,TRANSCRIPTOMIC SINGLE CELL,not applicable,RNA-Seq,read2,0,91,0,read1,16,5 prime tag,polyA RNA,10x 5' v1,oligo-dT,0,index1,8,10x technology,none,16,read1,10,P-MTAB-134064,Wellcome Sanger Institute,48046_2__S3_L002,,sequencing assay,ERX12445750,48046_2__S3_L002_R1_001.fastq.gz,48046_2__S3_L002_R1_001.fastq.gz,ERR13074018,ftp://ftp.sra.ebi.ac.uk/vol1/run/ERR130/ERR13074018/48046_2__S3_L002_R1_001.fastq.gz,"cell_barcode, umi_barcode",read1,17,week,EFO,UO_0000034
WS_wEMB13942148,ERS19636952,SAMEA115579247,Homo sapiens,F217,17,week,EFO,UO_0000034,late embryonic stage,female,skin,Total,cell,P-MTAB-134061,P-MTAB-134062,P-MTAB-134063,WS_wEMB13942148,RNA,PAIRED,unspecified,TRANSCRIPTOMIC SINGLE CELL,not applicable,RNA-Seq,read2,0,91,0,read1,16,5 prime tag,polyA RNA,10x 5' v1,oligo-dT,0,index1,8,10x technology,none,16,read1,10,P-MTAB-134064,Wellcome Sanger Institute,48046_2__S3_L002,,sequencing assay,ERX12445750,48046_2__S3_L002_R2_001.fastq.gz,48046_2__S3_L002_R2_001.fastq.gz,ERR13074018,ftp://ftp.sra.ebi.ac.uk/vol1/run/ERR130/ERR13074018/48046_2__S3_L002_R2_001.fastq.gz,single,read2,17,week,EFO,UO_0000034
WS_wEMB13942149,ERS19636953,SAMEA115579248,Homo sapiens,F217,17,week,EFO,UO_0000034,late embryonic stage,female,skin,Total,cell,P-MTAB-134061,P-MTAB-134062,P-MTAB-134063,WS_wEMB13942149,RNA,PAIRED,unspecified,TRANSCRIPTOMIC SINGLE CELL,not applicable,RNA-Seq,read2,0,91,0,read1,16,5 prime tag,polyA RNA,10x 5' v1,oligo-dT,0,index1,8,10x technology,none,16,read1,10,P-MTAB-134064,Wellcome Sanger Institute,48046_2__S4_L002,,sequencing assay,ERX12445751,48046_2__S4_L002_R2_001.fastq.gz,48046_2__S4_L002_R2_001.fastq.gz,ERR13074051,ftp://ftp.sra.ebi.ac.uk/vol1/run/ERR130/ERR13074051/48046_2__S4_L002_R2_001.fastq.gz,single,read2,17,week,EFO,UO_0000034
WS_wEMB13942149,ERS19636953,SAMEA115579248,Homo sapiens,F217,17,week,EFO,UO_0000034,late embryonic stage,female,skin,Total,cell,P-MTAB-134061,P-MTAB-134062,P-MTAB-134063,WS_wEMB13942149,RNA,PAIRED,unspecified,TRANSCRIPTOMIC SINGLE CELL,not applicable,RNA-Seq,read2,0,91,0,read1,16,5 prime tag,polyA RNA,10x 5' v1,oligo-dT,0,index1,8,10x technology,none,16,read1,10,P-MTAB-134064,Wellcome Sanger Institute,48046_2__S4_L002,,sequencing assay,ERX12445751,48046_2__S4_L002_R1_001.fastq.gz,48046_2__S4_L002_R1_001.fastq.gz,ERR13074051,ftp://ftp.sra.ebi.ac.uk/vol1/run/ERR130/ERR13074051/48046_2__S4_L002_R1_001.fastq.gz,"cell_barcode, umi_barcode",read1,17,week,EFO,UO_0000034
WS_wEMB13942150,ERS19636954,SAMEA115579249,Homo sapiens,F217,17,week,EFO,UO_0000034,late embryonic stage,female,skin,Total,cell,P-MTAB-134061,P-MTAB-134062,P-MTAB-134063,WS_wEMB13942150,RNA,PAIRED,unspecified,TRANSCRIPTOMIC SINGLE CELL,not applicable,RNA-Seq,read2,0,91,0,read1,16,5 prime tag,polyA RNA,10x 5' v1,oligo-dT,0,index1,8,10x technology,none,16,read1,10,P-MTAB-134064,Wellcome Sanger Institute,48046_2__S8_L002,,sequencing assay,ERX12445752,48046_2__S8_L002_R1_001.fastq.gz,48046_2__S8_L002_R1_001.fastq.gz,ERR13074015,ftp://ftp.sra.ebi.ac.uk/vol1/run/ERR130/ERR13074015/48046_2__S8_L002_R1_001.fastq.gz,"cell_barcode, umi_barcode",read1,17,week,EFO,UO_0000034
WS_wEMB13942150,ERS19636954,SAMEA115579249,Homo sapiens,F217,17,week,EFO,UO_0000034,late embryonic stage,female,skin,Total,cell,P-MTAB-134061,P-MTAB-134062,P-MTAB-134063,WS_wEMB13942150,RNA,PAIRED,unspecified,TRANSCRIPTOMIC SINGLE CELL,not applicable,RNA-Seq,read2,0,91,0,read1,16,5 prime tag,polyA RNA,10x 5' v1,oligo-dT,0,index1,8,10x technology,none,16,read1,10,P-MTAB-134064,Wellcome Sanger Institute,48046_2__S8_L002,,sequencing assay,ERX12445752,48046_2__S8_L002_R2_001.fastq.gz,48046_2__S8_L002_R2_001.fastq.gz,ERR13074015,ftp://ftp.sra.ebi.ac.uk/vol1/run/ERR130/ERR13074015/48046_2__S8_L002_R2_001.fastq.gz,single,read2,17,week,EFO,UO_0000034
WS_wEMB13942151,ERS19636955,SAMEA115579250,Homo sapiens,F217,17,week,EFO,UO_0000034,late embryonic stage,female,skin,Total,cell,P-MTAB-134061,P-MTAB-134062,P-MTAB-134063,WS_wEMB13942151,RNA,PAIRED,unspecified,TRANSCRIPTOMIC SINGLE CELL,not applicable,RNA-Seq,read2,0,91,0,read1,16,5 prime tag,polyA RNA,10x 5' v1,oligo-dT,0,index1,8,10x technology,none,16,read1,10,P-MTAB-134064,Wellcome Sanger Institute,48046_2__S5_L002,,sequencing assay,ERX12445753,48046_2__S5_L002_R1_001.fastq.gz,48046_2__S5_L002_R1_001.fastq.gz,ERR13074029,ftp://ftp.sra.ebi.ac.uk/vol1/run/ERR130/ERR13074029/48046_2__S5_L002_R1_001.fastq.gz,"cell_barcode, umi_barcode",read1,17,week,EFO,UO_0000034
WS_wEMB13942151,ERS19636955,SAMEA115579250,Homo sapiens,F217,17,week,EFO,UO_0000034,late embryonic stage,female,skin,Total,cell,P-MTAB-134061,P-MTAB-134062,P-MTAB-134063,WS_wEMB13942151,RNA,PAIRED,unspecified,TRANSCRIPTOMIC SINGLE CELL,not applicable,RNA-Seq,read2,0,91,0,read1,16,5 prime tag,polyA RNA,10x 5' v1,oligo-dT,0,index1,8,10x technology,none,16,read1,10,P-MTAB-134064,Wellcome Sanger Institute,48046_2__S5_L002,,sequencing assay,ERX12445753,48046_2__S5_L002_R2_001.fastq.gz,48046_2__S5_L002_R2_001.fastq.gz,ERR13074029,ftp://ftp.sra.ebi.ac.uk/vol1/run/ERR130/ERR13074029/48046_2__S5_L002_R2_001.fastq.gz,single,read2,17,week,EFO,UO_0000034
WS_wEMB13942152,ERS19636956,SAMEA115579251,Homo sapiens,F217,17,week,EFO,UO_0000034,late embryonic stage,female,skin,Total,cell,P-MTAB-134061,P-MTAB-134062,P-MTAB-134063,WS_wEMB13942152,RNA,PAIRED,unspecified,TRANSCRIPTOMIC SINGLE CELL,not applicable,RNA-Seq,read2,0,91,0,read1,16,5 prime tag,polyA RNA,10x 5' v1,oligo-dT,0,index1,8,10x technology,none,16,read1,10,P-MTAB-134064,Wellcome Sanger Institute,48046_2__S6_L002,,sequencing assay,ERX12445754,48046_2__S6_L002_R2_001.fastq.gz,48046_2__S6_L002_R2_001.fastq.gz,ERR13074046,ftp://ftp.sra.ebi.ac.uk/vol1/run/ERR130/ERR13074046/48046_2__S6_L002_R2_001.fastq.gz,single,read2,17,week,EFO,UO_0000034
WS_wEMB13942152,ERS19636956,SAMEA115579251,Homo sapiens,F217,17,week,EFO,UO_0000034,late embryonic stage,female,skin,Total,cell,P-MTAB-134061,P-MTAB-134062,P-MTAB-134063,WS_wEMB13942152,RNA,PAIRED,unspecified,TRANSCRIPTOMIC SINGLE CELL,not applicable,RNA-Seq,read2,0,91,0,read1,16,5 prime tag,polyA RNA,10x 5' v1,oligo-dT,0,index1,8,10x technology,none,16,read1,10,P-MTAB-134064,Wellcome Sanger Institute,48046_2__S6_L002,,sequencing assay,ERX12445754,48046_2__S6_L002_R1_001.fastq.gz,48046_2__S6_L002_R1_001.fastq.gz,ERR13074046,ftp://ftp.sra.ebi.ac.uk/vol1/run/ERR130/ERR13074046/48046_2__S6_L002_R1_001.fastq.gz,"cell_barcode, umi_barcode",read1,17,week,EFO,UO_0000034
WS_wEMB13942153,ERS19636957,SAMEA115579252,Homo sapiens,F217,17,week,EFO,UO_0000034,late embryonic stage,female,skin,Total,cell,P-MTAB-134061,P-MTAB-134062,P-MTAB-134063,WS_wEMB13942153,RNA,PAIRED,unspecified,TRANSCRIPTOMIC SINGLE CELL,not applicable,RNA-Seq,read2,0,91,0,read1,16,5 prime tag,polyA RNA,10x 5' v1,oligo-dT,0,index1,8,10x technology,none,16,read1,10,P-MTAB-134064,Wellcome Sanger Institute,48046_2__S7_L002,,sequencing assay,ERX12445755,48046_2__S7_L002_R1_001.fastq.gz,48046_2__S7_L002_R1_001.fastq.gz,ERR13074014,ftp://ftp.sra.ebi.ac.uk/vol1/run/ERR130/ERR13074014/48046_2__S7_L002_R1_001.fastq.gz,"cell_barcode, umi_barcode",read1,17,week,EFO,UO_0000034
WS_wEMB13942153,ERS19636957,SAMEA115579252,Homo sapiens,F217,17,week,EFO,UO_0000034,late embryonic stage,female,skin,Total,cell,P-MTAB-134061,P-MTAB-134062,P-MTAB-134063,WS_wEMB13942153,RNA,PAIRED,unspecified,TRANSCRIPTOMIC SINGLE CELL,not applicable,RNA-Seq,read2,0,91,0,read1,16,5 prime tag,polyA RNA,10x 5' v1,oligo-dT,0,index1,8,10x technology,none,16,read1,10,P-MTAB-134064,Wellcome Sanger Institute,48046_2__S7_L002,,sequencing assay,ERX12445755,48046_2__S7_L002_R2_001.fastq.gz,48046_2__S7_L002_R2_001.fastq.gz,ERR13074014,ftp://ftp.sra.ebi.ac.uk/vol1/run/ERR130/ERR13074014/48046_2__S7_L002_R2_001.fastq.gz,single,read2,17,week,EFO,UO_0000034
