Source Name,Comment[original source name],Comment[ENA_SAMPLE],Comment[BioSD_SAMPLE],Characteristics[organism],Characteristics[developmental stage],Characteristics[age],Unit[time unit],Term Source REF,Term Accession Number,Characteristics[sex],Characteristics[individual],Characteristics[organism part],Characteristics[fraction],Characteristics[protocol],Material Type,Protocol REF,Protocol REF.1,Protocol REF.2,Extract Name,Comment[LIBRARY_LAYOUT],Comment[LIBRARY_SELECTION],Comment[LIBRARY_SOURCE],Comment[LIBRARY_STRATEGY],Comment[NOMINAL_LENGTH],Comment[NOMINAL_SDEV],Comment[single cell isolation],Comment[library construction],Comment[end bias],Comment[input molecule],Comment[primer],Comment[spike in],Comment[cdna read],Comment[cdna read offset],Comment[cdna read size],Comment[cell barcode offset],Comment[cell barcode read],Comment[cell barcode size],Comment[umi barcode offset],Comment[umi barcode read],Comment[umi barcode size],Protocol REF.3,Performer,Assay Name,Technology Type,Comment[ENA_EXPERIMENT],Scan Name,Comment[SUBMITTED_FILE_NAME],Comment[ENA_RUN],Comment[BAM_URI],Comment[read1 file],Comment[FASTQ_URI],Comment[read2 file],Comment[FASTQ_URI].1,Factor Value[developmental stage],Factor Value[age],Unit[time unit].1,Factor Value[phenotype],Factor Value[protocol]
F83_TH_EPCAM_5GEX,F83_TH_EPCAM,ERS4228624,SAMEA6463119,Homo sapiens,late embryo,17,week,  ,  ,female,F83,thymus,EPCAM-positive,gene expression,organism part,P-MTAB-92512,P-MTAB-92513,P-MTAB-92514,F83_TH_EPCAM,PAIRED,Oligo-dT,TRANSCRIPTOMIC SINGLE CELL,RNA-Seq,150,0,10x,10xV2,5 prime tag,polyA RNA,oligo-dT,none,read 2,0,41,0,read 1,16,16,read 1,10,P-MTAB-92515,Wellcome Sanger Institute,F83_TH_EPCAM,sequencing assay,ERX3806109,F83_TH_EPCAM.bam,F83_TH_EPCAM.bam,ERR3804219,ftp://ftp.sra.ebi.ac.uk/vol1/run/ERR380/ERR3804219/F83_TH_EPCAM.bam,F83_TH_EPCAM_R1.fastq.gz,ftp://ftp.ebi.ac.uk/pub/databases/microarray/data/experiment/MTAB/E-MTAB-8581/F83_TH_EPCAM_R1.fastq.gz,F83_TH_EPCAM_R2.fastq.gz,ftp://ftp.ebi.ac.uk/pub/databases/microarray/data/experiment/MTAB/E-MTAB-8581/F83_TH_EPCAM_R2.fastq.gz,prenatal,17,week,EPCAM-positive,gene expression
F21_TH_45P,FCAImmP7179369,ERS4228612,SAMEA6463107,Homo sapiens,late embryo,16,week,  ,  ,male,F21,thymus,CD45-positive,gene expression,organism part,P-MTAB-92512,P-MTAB-92513,P-MTAB-92514,FCAImmP7179369,PAIRED,Oligo-dT,TRANSCRIPTOMIC SINGLE CELL,RNA-Seq,150,0,10x,10xV2,3 prime tag,polyA RNA,oligo-dT,none,read 2,0,98,0,read 1,16,16,read 1,10,P-MTAB-92515,Wellcome Sanger Institute,FCAImmP7179369,sequencing assay,ERX3806097,FCAImmP7179369.bam,FCAImmP7179369.bam,ERR3804207,ftp://ftp.sra.ebi.ac.uk/vol1/run/ERR380/ERR3804207/FCAImmP7179369.bam,FCAImmP7179369_R1.fastq.gz,ftp://ftp.ebi.ac.uk/pub/databases/microarray/data/experiment/MTAB/E-MTAB-8581/FCAImmP7179369_R1.fastq.gz,FCAImmP7179369_R2.fastq.gz,ftp://ftp.ebi.ac.uk/pub/databases/microarray/data/experiment/MTAB/E-MTAB-8581/FCAImmP7179369_R2.fastq.gz,prenatal,16,week,CD45-positive,gene expression
F21_TH_45N,FCAImmP7179370,ERS4228597,SAMEA6463092,Homo sapiens,late embryo,16,week,  ,  ,male,F21,thymus,CD45-negative,gene expression,organism part,P-MTAB-92512,P-MTAB-92513,P-MTAB-92514,FCAImmP7179370,PAIRED,Oligo-dT,TRANSCRIPTOMIC SINGLE CELL,RNA-Seq,150,0,10x,10xV2,3 prime tag,polyA RNA,oligo-dT,none,read 2,0,98,0,read 1,16,16,read 1,10,P-MTAB-92515,Wellcome Sanger Institute,FCAImmP7179370,sequencing assay,ERX3806082,FCAImmP7179370.bam,FCAImmP7179370.bam,ERR3804192,ftp://ftp.sra.ebi.ac.uk/vol1/run/ERR380/ERR3804192/FCAImmP7179370.bam,FCAImmP7179370_R1.fastq.gz,ftp://ftp.ebi.ac.uk/pub/databases/microarray/data/experiment/MTAB/E-MTAB-8581/FCAImmP7179370_R1.fastq.gz,FCAImmP7179370_R2.fastq.gz,ftp://ftp.ebi.ac.uk/pub/databases/microarray/data/experiment/MTAB/E-MTAB-8581/FCAImmP7179370_R2.fastq.gz,prenatal,16,week,CD45-negative,gene expression
F23_TH_45P,FCAImmP7198634,ERS4228605,SAMEA6463100,Homo sapiens,late embryo,11,week,  ,  ,male,F23,thymus,CD45-positive,gene expression,organism part,P-MTAB-92512,P-MTAB-92513,P-MTAB-92514,FCAImmP7198634,PAIRED,Oligo-dT,TRANSCRIPTOMIC SINGLE CELL,RNA-Seq,150,0,10x,10xV2,3 prime tag,polyA RNA,oligo-dT,none,read 2,0,98,0,read 1,16,16,read 1,10,P-MTAB-92515,Wellcome Sanger Institute,FCAImmP7198634,sequencing assay,ERX3806090,FCAImmP7198634.bam,FCAImmP7198634.bam,ERR3804200,ftp://ftp.sra.ebi.ac.uk/vol1/run/ERR380/ERR3804200/FCAImmP7198634.bam,FCAImmP7198634_R1.fastq.gz,ftp://ftp.ebi.ac.uk/pub/databases/microarray/data/experiment/MTAB/E-MTAB-8581/FCAImmP7198634_R1.fastq.gz,FCAImmP7198634_R2.fastq.gz,ftp://ftp.ebi.ac.uk/pub/databases/microarray/data/experiment/MTAB/E-MTAB-8581/FCAImmP7198634_R2.fastq.gz,prenatal,11,week,CD45-positive,gene expression
F23_TH_45N,FCAImmP7198635,ERS4228591,SAMEA6463086,Homo sapiens,late embryo,11,week,  ,  ,male,F23,thymus,CD45-negative,gene expression,organism part,P-MTAB-92512,P-MTAB-92513,P-MTAB-92514,FCAImmP7198635,PAIRED,Oligo-dT,TRANSCRIPTOMIC SINGLE CELL,RNA-Seq,150,0,10x,10xV2,3 prime tag,polyA RNA,oligo-dT,none,read 2,0,98,0,read 1,16,16,read 1,10,P-MTAB-92515,Wellcome Sanger Institute,FCAImmP7198635,sequencing assay,ERX3806076,FCAImmP7198635.bam,FCAImmP7198635.bam,ERR3804186,ftp://ftp.sra.ebi.ac.uk/vol1/run/ERR380/ERR3804186/FCAImmP7198635.bam,FCAImmP7198635_R1.fastq.gz,ftp://ftp.ebi.ac.uk/pub/databases/microarray/data/experiment/MTAB/E-MTAB-8581/FCAImmP7198635_R1.fastq.gz,FCAImmP7198635_R2.fastq.gz,ftp://ftp.ebi.ac.uk/pub/databases/microarray/data/experiment/MTAB/E-MTAB-8581/FCAImmP7198635_R2.fastq.gz,prenatal,11,week,CD45-negative,gene expression
F29_TH_45P,FCAImmP7277556,ERS4228615,SAMEA6463110,Homo sapiens,late embryo,17,week,  ,  ,female,F29,thymus,CD45-positive,gene expression,organism part,P-MTAB-92512,P-MTAB-92513,P-MTAB-92514,FCAImmP7277556,PAIRED,Oligo-dT,TRANSCRIPTOMIC SINGLE CELL,RNA-Seq,150,0,10x,10xV2,3 prime tag,polyA RNA,oligo-dT,none,read 2,0,98,0,read 1,16,16,read 1,10,P-MTAB-92515,Wellcome Sanger Institute,FCAImmP7277556,sequencing assay,ERX3806100,FCAImmP7277556.bam,FCAImmP7277556.bam,ERR3804210,ftp://ftp.sra.ebi.ac.uk/vol1/run/ERR380/ERR3804210/FCAImmP7277556.bam,FCAImmP7277556_R1.fastq.gz,ftp://ftp.ebi.ac.uk/pub/databases/microarray/data/experiment/MTAB/E-MTAB-8581/FCAImmP7277556_R1.fastq.gz,FCAImmP7277556_R2.fastq.gz,ftp://ftp.ebi.ac.uk/pub/databases/microarray/data/experiment/MTAB/E-MTAB-8581/FCAImmP7277556_R2.fastq.gz,prenatal,17,week,CD45-positive,gene expression
F29_TH_45N,FCAImmP7277557,ERS4228600,SAMEA6463095,Homo sapiens,late embryo,17,week,  ,  ,female,F29,thymus,CD45-negative,gene expression,organism part,P-MTAB-92512,P-MTAB-92513,P-MTAB-92514,FCAImmP7277557,PAIRED,Oligo-dT,TRANSCRIPTOMIC SINGLE CELL,RNA-Seq,150,0,10x,10xV2,3 prime tag,polyA RNA,oligo-dT,none,read 2,0,98,0,read 1,16,16,read 1,10,P-MTAB-92515,Wellcome Sanger Institute,FCAImmP7277557,sequencing assay,ERX3806085,FCAImmP7277557.bam,FCAImmP7277557.bam,ERR3804195,ftp://ftp.sra.ebi.ac.uk/vol1/run/ERR380/ERR3804195/FCAImmP7277557.bam,FCAImmP7277557_R1.fastq.gz,ftp://ftp.ebi.ac.uk/pub/databases/microarray/data/experiment/MTAB/E-MTAB-8581/FCAImmP7277557_R1.fastq.gz,FCAImmP7277557_R2.fastq.gz,ftp://ftp.ebi.ac.uk/pub/databases/microarray/data/experiment/MTAB/E-MTAB-8581/FCAImmP7277557_R2.fastq.gz,prenatal,17,week,CD45-negative,gene expression
F30_TH_45P,FCAImmP7277564,ERS4228610,SAMEA6463105,Homo sapiens,late embryo,14,week,  ,  ,male,F30,thymus,CD45-positive,gene expression,organism part,P-MTAB-92512,P-MTAB-92513,P-MTAB-92514,FCAImmP7277564,PAIRED,Oligo-dT,TRANSCRIPTOMIC SINGLE CELL,RNA-Seq,150,0,10x,10xV2,3 prime tag,polyA RNA,oligo-dT,none,read 2,0,98,0,read 1,16,16,read 1,10,P-MTAB-92515,Wellcome Sanger Institute,FCAImmP7277564,sequencing assay,ERX3806095,FCAImmP7277564.bam,FCAImmP7277564.bam,ERR3804205,ftp://ftp.sra.ebi.ac.uk/vol1/run/ERR380/ERR3804205/FCAImmP7277564.bam,FCAImmP7277564_R1.fastq.gz,ftp://ftp.ebi.ac.uk/pub/databases/microarray/data/experiment/MTAB/E-MTAB-8581/FCAImmP7277564_R1.fastq.gz,FCAImmP7277564_R2.fastq.gz,ftp://ftp.ebi.ac.uk/pub/databases/microarray/data/experiment/MTAB/E-MTAB-8581/FCAImmP7277564_R2.fastq.gz,prenatal,14,week,CD45-positive,gene expression
F30_TH_45N,FCAImmP7277565,ERS4228596,SAMEA6463091,Homo sapiens,late embryo,14,week,  ,  ,male,F30,thymus,CD45-negative,gene expression,organism part,P-MTAB-92512,P-MTAB-92513,P-MTAB-92514,FCAImmP7277565,PAIRED,Oligo-dT,TRANSCRIPTOMIC SINGLE CELL,RNA-Seq,150,0,10x,10xV2,3 prime tag,polyA RNA,oligo-dT,none,read 2,0,98,0,read 1,16,16,read 1,10,P-MTAB-92515,Wellcome Sanger Institute,FCAImmP7277565,sequencing assay,ERX3806081,FCAImmP7277565.bam,FCAImmP7277565.bam,ERR3804191,ftp://ftp.sra.ebi.ac.uk/vol1/run/ERR380/ERR3804191/FCAImmP7277565.bam,FCAImmP7277565_R1.fastq.gz,ftp://ftp.ebi.ac.uk/pub/databases/microarray/data/experiment/MTAB/E-MTAB-8581/FCAImmP7277565_R1.fastq.gz,FCAImmP7277565_R2.fastq.gz,ftp://ftp.ebi.ac.uk/pub/databases/microarray/data/experiment/MTAB/E-MTAB-8581/FCAImmP7277565_R2.fastq.gz,prenatal,14,week,CD45-negative,gene expression
F29_TH_45P_5GEX,FCAImmP7292030,ERS4228616,SAMEA6463111,Homo sapiens,late embryo,17,week,  ,  ,female,F29,thymus,CD45-positive,gene expression,organism part,P-MTAB-92512,P-MTAB-92513,P-MTAB-92514,FCAImmP7292030,PAIRED,Oligo-dT,TRANSCRIPTOMIC SINGLE CELL,RNA-Seq,150,0,10x,10xV2,5 prime tag,polyA RNA,oligo-dT,none,read 2,0,98,0,read 1,16,16,read 1,10,P-MTAB-92515,Wellcome Sanger Institute,FCAImmP7292030,sequencing assay,ERX3806101,FCAImmP7292030.bam,FCAImmP7292030.bam,ERR3804211,ftp://ftp.sra.ebi.ac.uk/vol1/run/ERR380/ERR3804211/FCAImmP7292030.bam,FCAImmP7292030_R1.fastq.gz,ftp://ftp.ebi.ac.uk/pub/databases/microarray/data/experiment/MTAB/E-MTAB-8581/FCAImmP7292030_R1.fastq.gz,FCAImmP7292030_R2.fastq.gz,ftp://ftp.ebi.ac.uk/pub/databases/microarray/data/experiment/MTAB/E-MTAB-8581/FCAImmP7292030_R2.fastq.gz,prenatal,17,week,CD45-positive,gene expression
F30_TH_45P_5GEX,FCAImmP7292034,ERS4228611,SAMEA6463106,Homo sapiens,late embryo,14,week,  ,  ,male,F30,thymus,CD45-positive,gene expression,organism part,P-MTAB-92512,P-MTAB-92513,P-MTAB-92514,FCAImmP7292034,PAIRED,Oligo-dT,TRANSCRIPTOMIC SINGLE CELL,RNA-Seq,150,0,10x,10xV2,5 prime tag,polyA RNA,oligo-dT,none,read 2,0,98,0,read 1,16,16,read 1,10,P-MTAB-92515,Wellcome Sanger Institute,FCAImmP7292034,sequencing assay,ERX3806096,FCAImmP7292034.bam,FCAImmP7292034.bam,ERR3804206,ftp://ftp.sra.ebi.ac.uk/vol1/run/ERR380/ERR3804206/FCAImmP7292034.bam,FCAImmP7292034_R1.fastq.gz,ftp://ftp.ebi.ac.uk/pub/databases/microarray/data/experiment/MTAB/E-MTAB-8581/FCAImmP7292034_R1.fastq.gz,FCAImmP7292034_R2.fastq.gz,ftp://ftp.ebi.ac.uk/pub/databases/microarray/data/experiment/MTAB/E-MTAB-8581/FCAImmP7292034_R2.fastq.gz,prenatal,14,week,CD45-positive,gene expression
F29_TH_45P_5GEX,FCAImmP7292943,ERS4228621,SAMEA6463116,Homo sapiens,late embryo,17,week,  ,  ,female,F29,thymus,CD45-positive,VDJ-T enrichment,organism part,P-MTAB-92512,P-MTAB-92513,P-MTAB-92514,FCAImmP7292943,PAIRED,Oligo-dT,TRANSCRIPTOMIC SINGLE CELL,RNA-Seq,150,0,10x,10xV2,5 prime tag,polyA RNA,oligo-dT,none,read 2,0,150,0,read 1,16,16,read 1,10,P-MTAB-92515,Wellcome Sanger Institute,FCAImmP7292943,sequencing assay,ERX3806106,FCAImmP7292943.bam,FCAImmP7292943.bam,ERR3804216,ftp://ftp.sra.ebi.ac.uk/vol1/run/ERR380/ERR3804216/FCAImmP7292943.bam,FCAImmP7292943_R1.fastq.gz,ftp://ftp.ebi.ac.uk/pub/databases/microarray/data/experiment/MTAB/E-MTAB-8581/FCAImmP7292943_R1.fastq.gz,FCAImmP7292943_R2.fastq.gz,ftp://ftp.ebi.ac.uk/pub/databases/microarray/data/experiment/MTAB/E-MTAB-8581/FCAImmP7292943_R2.fastq.gz,prenatal,17,week,CD45-positive,VDJ-T enrichment
F30_TH_45P_5GEX,FCAImmP7292946,ERS4228619,SAMEA6463114,Homo sapiens,late embryo,14,week,  ,  ,male,F30,thymus,CD45-positive,VDJ-T enrichment,organism part,P-MTAB-92512,P-MTAB-92513,P-MTAB-92514,FCAImmP7292946,PAIRED,Oligo-dT,TRANSCRIPTOMIC SINGLE CELL,RNA-Seq,150,0,10x,10xV2,5 prime tag,polyA RNA,oligo-dT,none,read 2,0,150,0,read 1,16,16,read 1,10,P-MTAB-92515,Wellcome Sanger Institute,FCAImmP7292946,sequencing assay,ERX3806104,FCAImmP7292946.bam,FCAImmP7292946.bam,ERR3804214,ftp://ftp.sra.ebi.ac.uk/vol1/run/ERR380/ERR3804214/FCAImmP7292946.bam,FCAImmP7292946_R1.fastq.gz,ftp://ftp.ebi.ac.uk/pub/databases/microarray/data/experiment/MTAB/E-MTAB-8581/FCAImmP7292946_R1.fastq.gz,FCAImmP7292946_R2.fastq.gz,ftp://ftp.ebi.ac.uk/pub/databases/microarray/data/experiment/MTAB/E-MTAB-8581/FCAImmP7292946_R2.fastq.gz,prenatal,14,week,CD45-positive,VDJ-T enrichment
F38_TH_45P,FCAImmP7528283,ERS4228608,SAMEA6463103,Homo sapiens,late embryo,13,week,  ,  ,male,F38,thymus,CD45-positive,gene expression,organism part,P-MTAB-92512,P-MTAB-92513,P-MTAB-92514,FCAImmP7528283,PAIRED,Oligo-dT,TRANSCRIPTOMIC SINGLE CELL,RNA-Seq,150,0,10x,10xV2,3 prime tag,polyA RNA,oligo-dT,none,read 2,0,98,0,read 1,16,16,read 1,10,P-MTAB-92515,Wellcome Sanger Institute,FCAImmP7528283,sequencing assay,ERX3806093,FCAImmP7528283.bam,FCAImmP7528283.bam,ERR3804203,ftp://ftp.sra.ebi.ac.uk/vol1/run/ERR380/ERR3804203/FCAImmP7528283.bam,FCAImmP7528283_R1.fastq.gz,ftp://ftp.ebi.ac.uk/pub/databases/microarray/data/experiment/MTAB/E-MTAB-8581/FCAImmP7528283_R1.fastq.gz,FCAImmP7528283_R2.fastq.gz,ftp://ftp.ebi.ac.uk/pub/databases/microarray/data/experiment/MTAB/E-MTAB-8581/FCAImmP7528283_R2.fastq.gz,prenatal,13,week,CD45-positive,gene expression
F38_TH_45N_1,FCAImmP7528284,ERS4228594,SAMEA6463089,Homo sapiens,late embryo,13,week,  ,  ,male,F38,thymus,CD45-negative,gene expression,organism part,P-MTAB-92512,P-MTAB-92513,P-MTAB-92514,FCAImmP7528284,PAIRED,Oligo-dT,TRANSCRIPTOMIC SINGLE CELL,RNA-Seq,150,0,10x,10xV2,3 prime tag,polyA RNA,oligo-dT,none,read 2,0,98,0,read 1,16,16,read 1,10,P-MTAB-92515,Wellcome Sanger Institute,FCAImmP7528284,sequencing assay,ERX3806079,FCAImmP7528284.bam,FCAImmP7528284.bam,ERR3804189,ftp://ftp.sra.ebi.ac.uk/vol1/run/ERR380/ERR3804189/FCAImmP7528284.bam,FCAImmP7528284_R1.fastq.gz,ftp://ftp.ebi.ac.uk/pub/databases/microarray/data/experiment/MTAB/E-MTAB-8581/FCAImmP7528284_R1.fastq.gz,FCAImmP7528284_R2.fastq.gz,ftp://ftp.ebi.ac.uk/pub/databases/microarray/data/experiment/MTAB/E-MTAB-8581/FCAImmP7528284_R2.fastq.gz,prenatal,13,week,CD45-negative,gene expression
F38_TH_45N_2,FCAImmP7528285,ERS4228595,SAMEA6463090,Homo sapiens,late embryo,13,week,  ,  ,male,F38,thymus,CD45-negative,gene expression,organism part,P-MTAB-92512,P-MTAB-92513,P-MTAB-92514,FCAImmP7528285,PAIRED,Oligo-dT,TRANSCRIPTOMIC SINGLE CELL,RNA-Seq,150,0,10x,10xV2,3 prime tag,polyA RNA,oligo-dT,none,read 2,0,98,0,read 1,16,16,read 1,10,P-MTAB-92515,Wellcome Sanger Institute,FCAImmP7528285,sequencing assay,ERX3806080,FCAImmP7528285.bam,FCAImmP7528285.bam,ERR3804190,ftp://ftp.sra.ebi.ac.uk/vol1/run/ERR380/ERR3804190/FCAImmP7528285.bam,FCAImmP7528285_R1.fastq.gz,ftp://ftp.ebi.ac.uk/pub/databases/microarray/data/experiment/MTAB/E-MTAB-8581/FCAImmP7528285_R1.fastq.gz,FCAImmP7528285_R2.fastq.gz,ftp://ftp.ebi.ac.uk/pub/databases/microarray/data/experiment/MTAB/E-MTAB-8581/FCAImmP7528285_R2.fastq.gz,prenatal,13,week,CD45-negative,gene expression
F38_TH_45P_5GEX,FCAImmP7528294,ERS4228609,SAMEA6463104,Homo sapiens,late embryo,13,week,  ,  ,male,F38,thymus,CD45-positive,gene expression,organism part,P-MTAB-92512,P-MTAB-92513,P-MTAB-92514,FCAImmP7528294,PAIRED,Oligo-dT,TRANSCRIPTOMIC SINGLE CELL,RNA-Seq,150,0,10x,10xV2,5 prime tag,polyA RNA,oligo-dT,none,read 2,0,98,0,read 1,16,16,read 1,10,P-MTAB-92515,Wellcome Sanger Institute,FCAImmP7528294,sequencing assay,ERX3806094,FCAImmP7528294.bam,FCAImmP7528294.bam,ERR3804204,ftp://ftp.sra.ebi.ac.uk/vol1/run/ERR380/ERR3804204/FCAImmP7528294.bam,FCAImmP7528294_R1.fastq.gz,ftp://ftp.ebi.ac.uk/pub/databases/microarray/data/experiment/MTAB/E-MTAB-8581/FCAImmP7528294_R1.fastq.gz,FCAImmP7528294_R2.fastq.gz,ftp://ftp.ebi.ac.uk/pub/databases/microarray/data/experiment/MTAB/E-MTAB-8581/FCAImmP7528294_R2.fastq.gz,prenatal,13,week,CD45-positive,gene expression
F41_TH_45P,FCAImmP7555851,ERS4228613,SAMEA6463108,Homo sapiens,late embryo,16,week,  ,  ,female,F41,thymus,CD45-positive,gene expression,organism part,P-MTAB-92512,P-MTAB-92513,P-MTAB-92514,FCAImmP7555851,PAIRED,Oligo-dT,TRANSCRIPTOMIC SINGLE CELL,RNA-Seq,150,0,10x,10xV2,3 prime tag,polyA RNA,oligo-dT,none,read 2,0,98,0,read 1,16,16,read 1,10,P-MTAB-92515,Wellcome Sanger Institute,FCAImmP7555851,sequencing assay,ERX3806098,FCAImmP7555851.bam,FCAImmP7555851.bam,ERR3804208,ftp://ftp.sra.ebi.ac.uk/vol1/run/ERR380/ERR3804208/FCAImmP7555851.bam,FCAImmP7555851_R1.fastq.gz,ftp://ftp.ebi.ac.uk/pub/databases/microarray/data/experiment/MTAB/E-MTAB-8581/FCAImmP7555851_R1.fastq.gz,FCAImmP7555851_R2.fastq.gz,ftp://ftp.ebi.ac.uk/pub/databases/microarray/data/experiment/MTAB/E-MTAB-8581/FCAImmP7555851_R2.fastq.gz,prenatal,16,week,CD45-positive,gene expression
F41_TH_45N,FCAImmP7555852,ERS4228598,SAMEA6463093,Homo sapiens,late embryo,16,week,  ,  ,female,F41,thymus,CD45-negative,gene expression,organism part,P-MTAB-92512,P-MTAB-92513,P-MTAB-92514,FCAImmP7555852,PAIRED,Oligo-dT,TRANSCRIPTOMIC SINGLE CELL,RNA-Seq,150,0,10x,10xV2,3 prime tag,polyA RNA,oligo-dT,none,read 2,0,98,0,read 1,16,16,read 1,10,P-MTAB-92515,Wellcome Sanger Institute,FCAImmP7555852,sequencing assay,ERX3806083,FCAImmP7555852.bam,FCAImmP7555852.bam,ERR3804193,ftp://ftp.sra.ebi.ac.uk/vol1/run/ERR380/ERR3804193/FCAImmP7555852.bam,FCAImmP7555852_R1.fastq.gz,ftp://ftp.ebi.ac.uk/pub/databases/microarray/data/experiment/MTAB/E-MTAB-8581/FCAImmP7555852_R1.fastq.gz,FCAImmP7555852_R2.fastq.gz,ftp://ftp.ebi.ac.uk/pub/databases/microarray/data/experiment/MTAB/E-MTAB-8581/FCAImmP7555852_R2.fastq.gz,prenatal,16,week,CD45-negative,gene expression
F41_TH_45P_5GEX,FCAImmP7555860,ERS4228614,SAMEA6463109,Homo sapiens,late embryo,16,week,  ,  ,female,F41,thymus,CD45-positive,gene expression,organism part,P-MTAB-92512,P-MTAB-92513,P-MTAB-92514,FCAImmP7555860,PAIRED,Oligo-dT,TRANSCRIPTOMIC SINGLE CELL,RNA-Seq,150,0,10x,10xV2,5 prime tag,polyA RNA,oligo-dT,none,read 2,0,98,0,read 1,16,16,read 1,10,P-MTAB-92515,Wellcome Sanger Institute,FCAImmP7555860,sequencing assay,ERX3806099,FCAImmP7555860.bam,FCAImmP7555860.bam,ERR3804209,ftp://ftp.sra.ebi.ac.uk/vol1/run/ERR380/ERR3804209/FCAImmP7555860.bam,FCAImmP7555860_R1.fastq.gz,ftp://ftp.ebi.ac.uk/pub/databases/microarray/data/experiment/MTAB/E-MTAB-8581/FCAImmP7555860_R1.fastq.gz,FCAImmP7555860_R2.fastq.gz,ftp://ftp.ebi.ac.uk/pub/databases/microarray/data/experiment/MTAB/E-MTAB-8581/FCAImmP7555860_R2.fastq.gz,prenatal,16,week,CD45-positive,gene expression
F41_TH_45N_5GEX,FCAImmP7555861,ERS4228599,SAMEA6463094,Homo sapiens,late embryo,16,week,  ,  ,female,F41,thymus,CD45-negative,gene expression,organism part,P-MTAB-92512,P-MTAB-92513,P-MTAB-92514,FCAImmP7555861,PAIRED,Oligo-dT,TRANSCRIPTOMIC SINGLE CELL,RNA-Seq,150,0,10x,10xV2,5 prime tag,polyA RNA,oligo-dT,none,read 2,0,98,0,read 1,16,16,read 1,10,P-MTAB-92515,Wellcome Sanger Institute,FCAImmP7555861,sequencing assay,ERX3806084,FCAImmP7555861.bam,FCAImmP7555861.bam,ERR3804194,ftp://ftp.sra.ebi.ac.uk/vol1/run/ERR380/ERR3804194/FCAImmP7555861.bam,FCAImmP7555861_R1.fastq.gz,ftp://ftp.ebi.ac.uk/pub/databases/microarray/data/experiment/MTAB/E-MTAB-8581/FCAImmP7555861_R1.fastq.gz,FCAImmP7555861_R2.fastq.gz,ftp://ftp.ebi.ac.uk/pub/databases/microarray/data/experiment/MTAB/E-MTAB-8581/FCAImmP7555861_R2.fastq.gz,prenatal,16,week,CD45-negative,gene expression
F45_TH_45P,FCAImmP7579218,ERS4228606,SAMEA6463101,Homo sapiens,late embryo,12,week,  ,  ,female,F45,thymus,CD45-positive,gene expression,organism part,P-MTAB-92512,P-MTAB-92513,P-MTAB-92514,FCAImmP7579218,PAIRED,Oligo-dT,TRANSCRIPTOMIC SINGLE CELL,RNA-Seq,150,0,10x,10xV2,3 prime tag,polyA RNA,oligo-dT,none,read 2,0,98,0,read 1,16,16,read 1,10,P-MTAB-92515,Wellcome Sanger Institute,FCAImmP7579218,sequencing assay,ERX3806091,FCAImmP7579218.bam,FCAImmP7579218.bam,ERR3804201,ftp://ftp.sra.ebi.ac.uk/vol1/run/ERR380/ERR3804201/FCAImmP7579218.bam,FCAImmP7579218_R1.fastq.gz,ftp://ftp.ebi.ac.uk/pub/databases/microarray/data/experiment/MTAB/E-MTAB-8581/FCAImmP7579218_R1.fastq.gz,FCAImmP7579218_R2.fastq.gz,ftp://ftp.ebi.ac.uk/pub/databases/microarray/data/experiment/MTAB/E-MTAB-8581/FCAImmP7579218_R2.fastq.gz,prenatal,12,week,CD45-positive,gene expression
F45_TH_45N,FCAImmP7579219,ERS4228592,SAMEA6463087,Homo sapiens,late embryo,12,week,  ,  ,female,F45,thymus,CD45-negative,gene expression,organism part,P-MTAB-92512,P-MTAB-92513,P-MTAB-92514,FCAImmP7579219,PAIRED,Oligo-dT,TRANSCRIPTOMIC SINGLE CELL,RNA-Seq,150,0,10x,10xV2,3 prime tag,polyA RNA,oligo-dT,none,read 2,0,98,0,read 1,16,16,read 1,10,P-MTAB-92515,Wellcome Sanger Institute,FCAImmP7579219,sequencing assay,ERX3806077,FCAImmP7579219.bam,FCAImmP7579219.bam,ERR3804187,ftp://ftp.sra.ebi.ac.uk/vol1/run/ERR380/ERR3804187/FCAImmP7579219.bam,FCAImmP7579219_R1.fastq.gz,ftp://ftp.ebi.ac.uk/pub/databases/microarray/data/experiment/MTAB/E-MTAB-8581/FCAImmP7579219_R1.fastq.gz,FCAImmP7579219_R2.fastq.gz,ftp://ftp.ebi.ac.uk/pub/databases/microarray/data/experiment/MTAB/E-MTAB-8581/FCAImmP7579219_R2.fastq.gz,prenatal,12,week,CD45-negative,gene expression
F45_TH_45P_5GEX,FCAImmP7579230,ERS4228607,SAMEA6463102,Homo sapiens,late embryo,12,week,  ,  ,female,F45,thymus,CD45-positive,gene expression,organism part,P-MTAB-92512,P-MTAB-92513,P-MTAB-92514,FCAImmP7579230,PAIRED,Oligo-dT,TRANSCRIPTOMIC SINGLE CELL,RNA-Seq,150,0,10x,10xV2,5 prime tag,polyA RNA,oligo-dT,none,read 2,0,98,0,read 1,16,16,read 1,10,P-MTAB-92515,Wellcome Sanger Institute,FCAImmP7579230,sequencing assay,ERX3806092,FCAImmP7579230.bam,FCAImmP7579230.bam,ERR3804202,ftp://ftp.sra.ebi.ac.uk/vol1/run/ERR380/ERR3804202/FCAImmP7579230.bam,FCAImmP7579230_R1.fastq.gz,ftp://ftp.ebi.ac.uk/pub/databases/microarray/data/experiment/MTAB/E-MTAB-8581/FCAImmP7579230_R1.fastq.gz,FCAImmP7579230_R2.fastq.gz,ftp://ftp.ebi.ac.uk/pub/databases/microarray/data/experiment/MTAB/E-MTAB-8581/FCAImmP7579230_R2.fastq.gz,prenatal,12,week,CD45-positive,gene expression
F45_TH_45N_5GEX,FCAImmP7579231,ERS4228593,SAMEA6463088,Homo sapiens,late embryo,12,week,  ,  ,female,F45,thymus,CD45-negative,gene expression,organism part,P-MTAB-92512,P-MTAB-92513,P-MTAB-92514,FCAImmP7579231,PAIRED,Oligo-dT,TRANSCRIPTOMIC SINGLE CELL,RNA-Seq,150,0,10x,10xV2,5 prime tag,polyA RNA,oligo-dT,none,read 2,0,98,0,read 1,16,16,read 1,10,P-MTAB-92515,Wellcome Sanger Institute,FCAImmP7579231,sequencing assay,ERX3806078,FCAImmP7579231.bam,FCAImmP7579231.bam,ERR3804188,ftp://ftp.sra.ebi.ac.uk/vol1/run/ERR380/ERR3804188/FCAImmP7579231.bam,FCAImmP7579231_R1.fastq.gz,ftp://ftp.ebi.ac.uk/pub/databases/microarray/data/experiment/MTAB/E-MTAB-8581/FCAImmP7579231_R1.fastq.gz,FCAImmP7579231_R2.fastq.gz,ftp://ftp.ebi.ac.uk/pub/databases/microarray/data/experiment/MTAB/E-MTAB-8581/FCAImmP7579231_R2.fastq.gz,prenatal,12,week,CD45-negative,gene expression
F38_TH_45P_5GEX,FCAImmP7607591,ERS4228618,SAMEA6463113,Homo sapiens,late embryo,13,week,  ,  ,male,F38,thymus,CD45-positive,VDJ-T enrichment,organism part,P-MTAB-92512,P-MTAB-92513,P-MTAB-92514,FCAImmP7607591,PAIRED,Oligo-dT,TRANSCRIPTOMIC SINGLE CELL,RNA-Seq,150,0,10x,10xV2,5 prime tag,polyA RNA,oligo-dT,none,read 2,0,150,0,read 1,16,16,read 1,10,P-MTAB-92515,Wellcome Sanger Institute,FCAImmP7607591,sequencing assay,ERX3806103,FCAImmP7607591.bam,FCAImmP7607591.bam,ERR3804213,ftp://ftp.sra.ebi.ac.uk/vol1/run/ERR380/ERR3804213/FCAImmP7607591.bam,FCAImmP7607591_R1.fastq.gz,ftp://ftp.ebi.ac.uk/pub/databases/microarray/data/experiment/MTAB/E-MTAB-8581/FCAImmP7607591_R1.fastq.gz,FCAImmP7607591_R2.fastq.gz,ftp://ftp.ebi.ac.uk/pub/databases/microarray/data/experiment/MTAB/E-MTAB-8581/FCAImmP7607591_R2.fastq.gz,prenatal,13,week,CD45-positive,VDJ-T enrichment
F41_TH_45P_5GEX,FCAImmP7607599,ERS4228620,SAMEA6463115,Homo sapiens,late embryo,16,week,  ,  ,female,F41,thymus,CD45-positive,VDJ-T enrichment,organism part,P-MTAB-92512,P-MTAB-92513,P-MTAB-92514,FCAImmP7607599,PAIRED,Oligo-dT,TRANSCRIPTOMIC SINGLE CELL,RNA-Seq,150,0,10x,10xV2,5 prime tag,polyA RNA,oligo-dT,none,read 2,0,150,0,read 1,16,16,read 1,10,P-MTAB-92515,Wellcome Sanger Institute,FCAImmP7607599,sequencing assay,ERX3806105,FCAImmP7607599.bam,FCAImmP7607599.bam,ERR3804215,ftp://ftp.sra.ebi.ac.uk/vol1/run/ERR380/ERR3804215/FCAImmP7607599.bam,FCAImmP7607599_R1.fastq.gz,ftp://ftp.ebi.ac.uk/pub/databases/microarray/data/experiment/MTAB/E-MTAB-8581/FCAImmP7607599_R1.fastq.gz,FCAImmP7607599_R2.fastq.gz,ftp://ftp.ebi.ac.uk/pub/databases/microarray/data/experiment/MTAB/E-MTAB-8581/FCAImmP7607599_R2.fastq.gz,prenatal,16,week,CD45-positive,VDJ-T enrichment
F41_TH_45N_5GEX,FCAImmP7607600,ERS4228602,SAMEA6463097,Homo sapiens,late embryo,16,week,  ,  ,female,F41,thymus,CD45-negative,VDJ-T enrichment,organism part,P-MTAB-92512,P-MTAB-92513,P-MTAB-92514,FCAImmP7607600,PAIRED,Oligo-dT,TRANSCRIPTOMIC SINGLE CELL,RNA-Seq,150,0,10x,10xV2,5 prime tag,polyA RNA,oligo-dT,none,read 2,0,150,0,read 1,16,16,read 1,10,P-MTAB-92515,Wellcome Sanger Institute,FCAImmP7607600,sequencing assay,ERX3806087,FCAImmP7607600.bam,FCAImmP7607600.bam,ERR3804197,ftp://ftp.sra.ebi.ac.uk/vol1/run/ERR380/ERR3804197/FCAImmP7607600.bam,FCAImmP7607600_R1.fastq.gz,ftp://ftp.ebi.ac.uk/pub/databases/microarray/data/experiment/MTAB/E-MTAB-8581/FCAImmP7607600_R1.fastq.gz,FCAImmP7607600_R2.fastq.gz,ftp://ftp.ebi.ac.uk/pub/databases/microarray/data/experiment/MTAB/E-MTAB-8581/FCAImmP7607600_R2.fastq.gz,prenatal,16,week,CD45-negative,VDJ-T enrichment
F45_TH_45P_5GEX,FCAImmP7607608,ERS4228617,SAMEA6463112,Homo sapiens,late embryo,12,week,  ,  ,female,F45,thymus,CD45-positive,VDJ-T enrichment,organism part,P-MTAB-92512,P-MTAB-92513,P-MTAB-92514,FCAImmP7607608,PAIRED,Oligo-dT,TRANSCRIPTOMIC SINGLE CELL,RNA-Seq,150,0,10x,10xV2,5 prime tag,polyA RNA,oligo-dT,none,read 2,0,150,0,read 1,16,16,read 1,10,P-MTAB-92515,Wellcome Sanger Institute,FCAImmP7607608,sequencing assay,ERX3806102,FCAImmP7607608.bam,FCAImmP7607608.bam,ERR3804212,ftp://ftp.sra.ebi.ac.uk/vol1/run/ERR380/ERR3804212/FCAImmP7607608.bam,FCAImmP7607608_R1.fastq.gz,ftp://ftp.ebi.ac.uk/pub/databases/microarray/data/experiment/MTAB/E-MTAB-8581/FCAImmP7607608_R1.fastq.gz,FCAImmP7607608_R2.fastq.gz,ftp://ftp.ebi.ac.uk/pub/databases/microarray/data/experiment/MTAB/E-MTAB-8581/FCAImmP7607608_R2.fastq.gz,prenatal,12,week,CD45-positive,VDJ-T enrichment
F45_TH_45N_5GEX,FCAImmP7607609,ERS4228601,SAMEA6463096,Homo sapiens,late embryo,12,week,  ,  ,female,F45,thymus,CD45-negative,VDJ-T enrichment,organism part,P-MTAB-92512,P-MTAB-92513,P-MTAB-92514,FCAImmP7607609,PAIRED,Oligo-dT,TRANSCRIPTOMIC SINGLE CELL,RNA-Seq,150,0,10x,10xV2,5 prime tag,polyA RNA,oligo-dT,none,read 2,0,150,0,read 1,16,16,read 1,10,P-MTAB-92515,Wellcome Sanger Institute,FCAImmP7607609,sequencing assay,ERX3806086,FCAImmP7607609.bam,FCAImmP7607609.bam,ERR3804196,ftp://ftp.sra.ebi.ac.uk/vol1/run/ERR380/ERR3804196/FCAImmP7607609.bam,FCAImmP7607609_R1.fastq.gz,ftp://ftp.ebi.ac.uk/pub/databases/microarray/data/experiment/MTAB/E-MTAB-8581/FCAImmP7607609_R1.fastq.gz,FCAImmP7607609_R2.fastq.gz,ftp://ftp.ebi.ac.uk/pub/databases/microarray/data/experiment/MTAB/E-MTAB-8581/FCAImmP7607609_R2.fastq.gz,prenatal,12,week,CD45-negative,VDJ-T enrichment
F64_TH_TOT_5GEX_1,FCAImmP7851882,ERS4228668,SAMEA6463163,Homo sapiens,late embryo,11,week,  ,  ,male,F64,thymus,total cells,VDJ-T enrichment,organism part,P-MTAB-92512,P-MTAB-92513,P-MTAB-92514,FCAImmP7851882,PAIRED,Oligo-dT,TRANSCRIPTOMIC SINGLE CELL,RNA-Seq,150,0,10x,10xV2,5 prime tag,polyA RNA,oligo-dT,none,read 2,0,150,0,read 1,16,16,read 1,10,P-MTAB-92515,Wellcome Sanger Institute,FCAImmP7851882,sequencing assay,ERX3806153,FCAImmP7851882.bam,FCAImmP7851882.bam,ERR3804263,ftp://ftp.sra.ebi.ac.uk/vol1/run/ERR380/ERR3804263/FCAImmP7851882.bam,FCAImmP7851882_R1.fastq.gz,ftp://ftp.ebi.ac.uk/pub/databases/microarray/data/experiment/MTAB/E-MTAB-8581/FCAImmP7851882_R1.fastq.gz,FCAImmP7851882_R2.fastq.gz,ftp://ftp.ebi.ac.uk/pub/databases/microarray/data/experiment/MTAB/E-MTAB-8581/FCAImmP7851882_R2.fastq.gz,prenatal,11,week,total cells,VDJ-T enrichment
F64_TH_TOT_5GEX_2,FCAImmP7851883,ERS4228669,SAMEA6463164,Homo sapiens,late embryo,11,week,  ,  ,male,F64,thymus,total cells,VDJ-T enrichment,organism part,P-MTAB-92512,P-MTAB-92513,P-MTAB-92514,FCAImmP7851883,PAIRED,Oligo-dT,TRANSCRIPTOMIC SINGLE CELL,RNA-Seq,150,0,10x,10xV2,5 prime tag,polyA RNA,oligo-dT,none,read 2,0,150,0,read 1,16,16,read 1,10,P-MTAB-92515,Wellcome Sanger Institute,FCAImmP7851883,sequencing assay,ERX3806154,FCAImmP7851883.bam,FCAImmP7851883.bam,ERR3804264,ftp://ftp.sra.ebi.ac.uk/vol1/run/ERR380/ERR3804264/FCAImmP7851883.bam,FCAImmP7851883_R1.fastq.gz,ftp://ftp.ebi.ac.uk/pub/databases/microarray/data/experiment/MTAB/E-MTAB-8581/FCAImmP7851883_R1.fastq.gz,FCAImmP7851883_R2.fastq.gz,ftp://ftp.ebi.ac.uk/pub/databases/microarray/data/experiment/MTAB/E-MTAB-8581/FCAImmP7851883_R2.fastq.gz,prenatal,11,week,total cells,VDJ-T enrichment
F67_TH_TOT_5GEX_1,FCAImmP7851884,ERS4228670,SAMEA6463165,Homo sapiens,late embryo,12,week,  ,  ,female,F67,thymus,total cells,VDJ-T enrichment,organism part,P-MTAB-92512,P-MTAB-92513,P-MTAB-92514,FCAImmP7851884,PAIRED,Oligo-dT,TRANSCRIPTOMIC SINGLE CELL,RNA-Seq,150,0,10x,10xV2,5 prime tag,polyA RNA,oligo-dT,none,read 2,0,150,0,read 1,16,16,read 1,10,P-MTAB-92515,Wellcome Sanger Institute,FCAImmP7851884,sequencing assay,ERX3806155,FCAImmP7851884.bam,FCAImmP7851884.bam,ERR3804265,ftp://ftp.sra.ebi.ac.uk/vol1/run/ERR380/ERR3804265/FCAImmP7851884.bam,FCAImmP7851884_R1.fastq.gz,ftp://ftp.ebi.ac.uk/pub/databases/microarray/data/experiment/MTAB/E-MTAB-8581/FCAImmP7851884_R1.fastq.gz,FCAImmP7851884_R2.fastq.gz,ftp://ftp.ebi.ac.uk/pub/databases/microarray/data/experiment/MTAB/E-MTAB-8581/FCAImmP7851884_R2.fastq.gz,prenatal,12,week,total cells,VDJ-T enrichment
F67_TH_TOT_5GEX_2,FCAImmP7851885,ERS4228671,SAMEA6463166,Homo sapiens,late embryo,12,week,  ,  ,female,F67,thymus,total cells,VDJ-T enrichment,organism part,P-MTAB-92512,P-MTAB-92513,P-MTAB-92514,FCAImmP7851885,PAIRED,Oligo-dT,TRANSCRIPTOMIC SINGLE CELL,RNA-Seq,150,0,10x,10xV2,5 prime tag,polyA RNA,oligo-dT,none,read 2,0,150,0,read 1,16,16,read 1,10,P-MTAB-92515,Wellcome Sanger Institute,FCAImmP7851885,sequencing assay,ERX3806156,FCAImmP7851885.bam,FCAImmP7851885.bam,ERR3804266,ftp://ftp.sra.ebi.ac.uk/vol1/run/ERR380/ERR3804266/FCAImmP7851885.bam,FCAImmP7851885_R1.fastq.gz,ftp://ftp.ebi.ac.uk/pub/databases/microarray/data/experiment/MTAB/E-MTAB-8581/FCAImmP7851885_R1.fastq.gz,FCAImmP7851885_R2.fastq.gz,ftp://ftp.ebi.ac.uk/pub/databases/microarray/data/experiment/MTAB/E-MTAB-8581/FCAImmP7851885_R2.fastq.gz,prenatal,12,week,total cells,VDJ-T enrichment
F67_TH_TOT_5GEX_3,FCAImmP7851886,ERS4228672,SAMEA6463167,Homo sapiens,late embryo,12,week,  ,  ,female,F67,thymus,total cells,VDJ-T enrichment,organism part,P-MTAB-92512,P-MTAB-92513,P-MTAB-92514,FCAImmP7851886,PAIRED,Oligo-dT,TRANSCRIPTOMIC SINGLE CELL,RNA-Seq,150,0,10x,10xV2,5 prime tag,polyA RNA,oligo-dT,none,read 2,0,150,0,read 1,16,16,read 1,10,P-MTAB-92515,Wellcome Sanger Institute,FCAImmP7851886,sequencing assay,ERX3806157,FCAImmP7851886.bam,FCAImmP7851886.bam,ERR3804267,ftp://ftp.sra.ebi.ac.uk/vol1/run/ERR380/ERR3804267/FCAImmP7851886.bam,FCAImmP7851886_R1.fastq.gz,ftp://ftp.ebi.ac.uk/pub/databases/microarray/data/experiment/MTAB/E-MTAB-8581/FCAImmP7851886_R1.fastq.gz,FCAImmP7851886_R2.fastq.gz,ftp://ftp.ebi.ac.uk/pub/databases/microarray/data/experiment/MTAB/E-MTAB-8581/FCAImmP7851886_R2.fastq.gz,prenatal,12,week,total cells,VDJ-T enrichment
F67_TH_TOT_5GEX_4,FCAImmP7851887,ERS4228673,SAMEA6463169,Homo sapiens,late embryo,12,week,  ,  ,female,F67,thymus,total cells,VDJ-T enrichment,organism part,P-MTAB-92512,P-MTAB-92513,P-MTAB-92514,FCAImmP7851887,PAIRED,Oligo-dT,TRANSCRIPTOMIC SINGLE CELL,RNA-Seq,150,0,10x,10xV2,5 prime tag,polyA RNA,oligo-dT,none,read 2,0,150,0,read 1,16,16,read 1,10,P-MTAB-92515,Wellcome Sanger Institute,FCAImmP7851887,sequencing assay,ERX3806158,FCAImmP7851887.bam,FCAImmP7851887.bam,ERR3804268,ftp://ftp.sra.ebi.ac.uk/vol1/run/ERR380/ERR3804268/FCAImmP7851887.bam,FCAImmP7851887_R1.fastq.gz,ftp://ftp.ebi.ac.uk/pub/databases/microarray/data/experiment/MTAB/E-MTAB-8581/FCAImmP7851887_R1.fastq.gz,FCAImmP7851887_R2.fastq.gz,ftp://ftp.ebi.ac.uk/pub/databases/microarray/data/experiment/MTAB/E-MTAB-8581/FCAImmP7851887_R2.fastq.gz,prenatal,12,week,total cells,VDJ-T enrichment
F64_TH_TOT_5GEX_1,FCAImmP7851890,ERS4228634,SAMEA6463129,Homo sapiens,late embryo,11,week,  ,  ,male,F64,thymus,total cells,gene expression,organism part,P-MTAB-92512,P-MTAB-92513,P-MTAB-92514,FCAImmP7851890,PAIRED,Oligo-dT,TRANSCRIPTOMIC SINGLE CELL,RNA-Seq,150,0,10x,10xV2,5 prime tag,polyA RNA,oligo-dT,none,read 2,0,150,0,read 1,16,16,read 1,10,P-MTAB-92515,Wellcome Sanger Institute,FCAImmP7851890,sequencing assay,ERX3806119,FCAImmP7851890.bam,FCAImmP7851890.bam,ERR3804229,ftp://ftp.sra.ebi.ac.uk/vol1/run/ERR380/ERR3804229/FCAImmP7851890.bam,FCAImmP7851890_R1.fastq.gz,ftp://ftp.ebi.ac.uk/pub/databases/microarray/data/experiment/MTAB/E-MTAB-8581/FCAImmP7851890_R1.fastq.gz,FCAImmP7851890_R2.fastq.gz,ftp://ftp.ebi.ac.uk/pub/databases/microarray/data/experiment/MTAB/E-MTAB-8581/FCAImmP7851890_R2.fastq.gz,prenatal,11,week,total cells,gene expression
F64_TH_TOT_5GEX_2,FCAImmP7851891,ERS4228635,SAMEA6463130,Homo sapiens,late embryo,11,week,  ,  ,male,F64,thymus,total cells,gene expression,organism part,P-MTAB-92512,P-MTAB-92513,P-MTAB-92514,FCAImmP7851891,PAIRED,Oligo-dT,TRANSCRIPTOMIC SINGLE CELL,RNA-Seq,150,0,10x,10xV2,5 prime tag,polyA RNA,oligo-dT,none,read 2,0,150,0,read 1,16,16,read 1,10,P-MTAB-92515,Wellcome Sanger Institute,FCAImmP7851891,sequencing assay,ERX3806120,FCAImmP7851891.bam,FCAImmP7851891.bam,ERR3804230,ftp://ftp.sra.ebi.ac.uk/vol1/run/ERR380/ERR3804230/FCAImmP7851891.bam,FCAImmP7851891_R1.fastq.gz,ftp://ftp.ebi.ac.uk/pub/databases/microarray/data/experiment/MTAB/E-MTAB-8581/FCAImmP7851891_R1.fastq.gz,FCAImmP7851891_R2.fastq.gz,ftp://ftp.ebi.ac.uk/pub/databases/microarray/data/experiment/MTAB/E-MTAB-8581/FCAImmP7851891_R2.fastq.gz,prenatal,11,week,total cells,gene expression
F67_TH_TOT_5GEX_1,FCAImmP7851892,ERS4228636,SAMEA6463131,Homo sapiens,late embryo,12,week,  ,  ,female,F67,thymus,total cells,gene expression,organism part,P-MTAB-92512,P-MTAB-92513,P-MTAB-92514,FCAImmP7851892,PAIRED,Oligo-dT,TRANSCRIPTOMIC SINGLE CELL,RNA-Seq,150,0,10x,10xV2,5 prime tag,polyA RNA,oligo-dT,none,read 2,0,150,0,read 1,16,16,read 1,10,P-MTAB-92515,Wellcome Sanger Institute,FCAImmP7851892,sequencing assay,ERX3806121,FCAImmP7851892.bam,FCAImmP7851892.bam,ERR3804231,ftp://ftp.sra.ebi.ac.uk/vol1/run/ERR380/ERR3804231/FCAImmP7851892.bam,FCAImmP7851892_R1.fastq.gz,ftp://ftp.ebi.ac.uk/pub/databases/microarray/data/experiment/MTAB/E-MTAB-8581/FCAImmP7851892_R1.fastq.gz,FCAImmP7851892_R2.fastq.gz,ftp://ftp.ebi.ac.uk/pub/databases/microarray/data/experiment/MTAB/E-MTAB-8581/FCAImmP7851892_R2.fastq.gz,prenatal,12,week,total cells,gene expression
F67_TH_TOT_5GEX_2,FCAImmP7851893,ERS4228637,SAMEA6463132,Homo sapiens,late embryo,12,week,  ,  ,female,F67,thymus,total cells,gene expression,organism part,P-MTAB-92512,P-MTAB-92513,P-MTAB-92514,FCAImmP7851893,PAIRED,Oligo-dT,TRANSCRIPTOMIC SINGLE CELL,RNA-Seq,150,0,10x,10xV2,5 prime tag,polyA RNA,oligo-dT,none,read 2,0,150,0,read 1,16,16,read 1,10,P-MTAB-92515,Wellcome Sanger Institute,FCAImmP7851893,sequencing assay,ERX3806122,FCAImmP7851893.bam,FCAImmP7851893.bam,ERR3804232,ftp://ftp.sra.ebi.ac.uk/vol1/run/ERR380/ERR3804232/FCAImmP7851893.bam,FCAImmP7851893_R1.fastq.gz,ftp://ftp.ebi.ac.uk/pub/databases/microarray/data/experiment/MTAB/E-MTAB-8581/FCAImmP7851893_R1.fastq.gz,FCAImmP7851893_R2.fastq.gz,ftp://ftp.ebi.ac.uk/pub/databases/microarray/data/experiment/MTAB/E-MTAB-8581/FCAImmP7851893_R2.fastq.gz,prenatal,12,week,total cells,gene expression
F67_TH_TOT_5GEX_3,FCAImmP7851894,ERS4228638,SAMEA6463133,Homo sapiens,late embryo,12,week,  ,  ,female,F67,thymus,total cells,gene expression,organism part,P-MTAB-92512,P-MTAB-92513,P-MTAB-92514,FCAImmP7851894,PAIRED,Oligo-dT,TRANSCRIPTOMIC SINGLE CELL,RNA-Seq,150,0,10x,10xV2,5 prime tag,polyA RNA,oligo-dT,none,read 2,0,150,0,read 1,16,16,read 1,10,P-MTAB-92515,Wellcome Sanger Institute,FCAImmP7851894,sequencing assay,ERX3806123,FCAImmP7851894.bam,FCAImmP7851894.bam,ERR3804233,ftp://ftp.sra.ebi.ac.uk/vol1/run/ERR380/ERR3804233/FCAImmP7851894.bam,FCAImmP7851894_R1.fastq.gz,ftp://ftp.ebi.ac.uk/pub/databases/microarray/data/experiment/MTAB/E-MTAB-8581/FCAImmP7851894_R1.fastq.gz,FCAImmP7851894_R2.fastq.gz,ftp://ftp.ebi.ac.uk/pub/databases/microarray/data/experiment/MTAB/E-MTAB-8581/FCAImmP7851894_R2.fastq.gz,prenatal,12,week,total cells,gene expression
F67_TH_TOT_5GEX_4,FCAImmP7851895,ERS4228639,SAMEA6463134,Homo sapiens,late embryo,12,week,  ,  ,female,F67,thymus,total cells,gene expression,organism part,P-MTAB-92512,P-MTAB-92513,P-MTAB-92514,FCAImmP7851895,PAIRED,Oligo-dT,TRANSCRIPTOMIC SINGLE CELL,RNA-Seq,150,0,10x,10xV2,5 prime tag,polyA RNA,oligo-dT,none,read 2,0,150,0,read 1,16,16,read 1,10,P-MTAB-92515,Wellcome Sanger Institute,FCAImmP7851895,sequencing assay,ERX3806124,FCAImmP7851895.bam,FCAImmP7851895.bam,ERR3804234,ftp://ftp.sra.ebi.ac.uk/vol1/run/ERR380/ERR3804234/FCAImmP7851895.bam,FCAImmP7851895_R1.fastq.gz,ftp://ftp.ebi.ac.uk/pub/databases/microarray/data/experiment/MTAB/E-MTAB-8581/FCAImmP7851895_R1.fastq.gz,FCAImmP7851895_R2.fastq.gz,ftp://ftp.ebi.ac.uk/pub/databases/microarray/data/experiment/MTAB/E-MTAB-8581/FCAImmP7851895_R2.fastq.gz,prenatal,12,week,total cells,gene expression
F67_TH_CD137_5GEX,FCAImmP7851896,ERS4228622,SAMEA6463117,Homo sapiens,late embryo,12,week,  ,  ,female,F67,thymus,CD137-positive,gene expression,organism part,P-MTAB-92512,P-MTAB-92513,P-MTAB-92514,FCAImmP7851896,PAIRED,Oligo-dT,TRANSCRIPTOMIC SINGLE CELL,RNA-Seq,150,0,10x,10xV2,5 prime tag,polyA RNA,oligo-dT,none,read 2,0,150,0,read 1,16,16,read 1,10,P-MTAB-92515,Wellcome Sanger Institute,FCAImmP7851896,sequencing assay,ERX3806107,FCAImmP7851896.bam,FCAImmP7851896.bam,ERR3804217,ftp://ftp.sra.ebi.ac.uk/vol1/run/ERR380/ERR3804217/FCAImmP7851896.bam,FCAImmP7851896_R1.fastq.gz,ftp://ftp.ebi.ac.uk/pub/databases/microarray/data/experiment/MTAB/E-MTAB-8581/FCAImmP7851896_R1.fastq.gz,FCAImmP7851896_R2.fastq.gz,ftp://ftp.ebi.ac.uk/pub/databases/microarray/data/experiment/MTAB/E-MTAB-8581/FCAImmP7851896_R2.fastq.gz,prenatal,12,week,CD137-positive,gene expression
F74_TH_TOT_5GEX_1,Human_colon_16S7985396,ERS4228632,SAMEA6463127,Homo sapiens,late embryo,10,week,  ,  ,male,F74,colon,total cells,gene expression,organism part,P-MTAB-92512,P-MTAB-92513,P-MTAB-92514,Human_colon_16S7985396,PAIRED,Oligo-dT,TRANSCRIPTOMIC SINGLE CELL,RNA-Seq,150,0,10x,10xV2,5 prime tag,polyA RNA,oligo-dT,none,read 2,0,91,0,read 1,16,16,read 1,10,P-MTAB-92515,Wellcome Sanger Institute,Human_colon_16S7985396,sequencing assay,ERX3806117,Human_colon_16S7985396.bam,Human_colon_16S7985396.bam,ERR3804227,ftp://ftp.sra.ebi.ac.uk/vol1/run/ERR380/ERR3804227/Human_colon_16S7985396.bam,Human_colon_16S7985396_R1.fastq.gz,ftp://ftp.ebi.ac.uk/pub/databases/microarray/data/experiment/MTAB/E-MTAB-8581/Human_colon_16S7985396_R1.fastq.gz,Human_colon_16S7985396_R2.fastq.gz,ftp://ftp.ebi.ac.uk/pub/databases/microarray/data/experiment/MTAB/E-MTAB-8581/Human_colon_16S7985396_R2.fastq.gz,prenatal,10,week,total cells,gene expression
F74_TH_TOT_5GEX_2,Human_colon_16S7985397,ERS4228633,SAMEA6463128,Homo sapiens,late embryo,10,week,  ,  ,male,F74,colon,total cells,gene expression,organism part,P-MTAB-92512,P-MTAB-92513,P-MTAB-92514,Human_colon_16S7985397,PAIRED,Oligo-dT,TRANSCRIPTOMIC SINGLE CELL,RNA-Seq,150,0,10x,10xV2,5 prime tag,polyA RNA,oligo-dT,none,read 2,0,91,0,read 1,16,16,read 1,10,P-MTAB-92515,Wellcome Sanger Institute,Human_colon_16S7985397,sequencing assay,ERX3806118,Human_colon_16S7985397.bam,Human_colon_16S7985397.bam,ERR3804228,ftp://ftp.sra.ebi.ac.uk/vol1/run/ERR380/ERR3804228/Human_colon_16S7985397.bam,Human_colon_16S7985397_R1.fastq.gz,ftp://ftp.ebi.ac.uk/pub/databases/microarray/data/experiment/MTAB/E-MTAB-8581/Human_colon_16S7985397_R1.fastq.gz,Human_colon_16S7985397_R2.fastq.gz,ftp://ftp.ebi.ac.uk/pub/databases/microarray/data/experiment/MTAB/E-MTAB-8581/Human_colon_16S7985397_R2.fastq.gz,prenatal,10,week,total cells,gene expression
