Sample_ID,Comment[ENA_SAMPLE],Comment[BioSD_SAMPLE],Organism,Donor_ID,Age,Time_unit,Term Source REF,Term Accession Number,Developmental_Stage,Sex,Organ,FACS_Sorting,Material Type,Extract Name,Material Type.1,Comment[LIBRARY_LAYOUT],LIBRARY_SOURCE,LIBRARY_STRATEGY,End_Bias,input_Molecule,10X_Chemistry/Method,Primer,Comment[single cell isolation],Comment[technical replicate group],Technology Type,Comment[ENA_EXPERIMENT],Scan Name,Comment[READ_TYPE],READ_INDEX,Age,Unit[time unit].1,Term Source REF.1,Term Accession Number.1,Accession_ID,Multiplexed,Study 
FCAImmP7862095,ERS15604011,SAMEA113609831,Homo sapiens,F61,7,week,EFO,UO_0000034,late embryonic stage,male,skin,CD45-,cell,FCAImmP7862095,RNA,PAIRED,TRANSCRIPTOMIC SINGLE CELL,RNA-Seq,5 prime tag,polyA RNA,10x 5' v1,oligo-dT,10x technology,group 1,sequencing assay,ERX10970987,28746_8_ATCATGCA_S7_L008_R2_001.fastq.gz,single,read2,7,week,EFO,UO_0000034,E-MTAB-13071,No,Gopee_et_at_2024
FCAImmP7862095,ERS15604011,SAMEA113609831,Homo sapiens,F61,7,week,EFO,UO_0000034,late embryonic stage,male,skin,CD45-,cell,FCAImmP7862095,RNA,PAIRED,TRANSCRIPTOMIC SINGLE CELL,RNA-Seq,5 prime tag,polyA RNA,10x 5' v1,oligo-dT,10x technology,group 1,sequencing assay,ERX10970987,28746_8_GGTTCCTC_S6_L008_I1_001.fastq.gz,sample_barcode,index1,7,week,EFO,UO_0000034,E-MTAB-13071,No,Gopee_et_at_2024
FCAImmP7862095,ERS15604011,SAMEA113609831,Homo sapiens,F61,7,week,EFO,UO_0000034,late embryonic stage,male,skin,CD45-,cell,FCAImmP7862095,RNA,PAIRED,TRANSCRIPTOMIC SINGLE CELL,RNA-Seq,5 prime tag,polyA RNA,10x 5' v1,oligo-dT,10x technology,group 1,sequencing assay,ERX10970987,28746_8_TAACAAGG_S5_L008_I1_001.fastq.gz,sample_barcode,index1,7,week,EFO,UO_0000034,E-MTAB-13071,No,Gopee_et_at_2024
FCAImmP7862095,ERS15604011,SAMEA113609831,Homo sapiens,F61,7,week,EFO,UO_0000034,late embryonic stage,male,skin,CD45-,cell,FCAImmP7862095,RNA,PAIRED,TRANSCRIPTOMIC SINGLE CELL,RNA-Seq,5 prime tag,polyA RNA,10x 5' v1,oligo-dT,10x technology,group 1,sequencing assay,ERX10970987,28746_8_ATCATGCA_S7_L008_R1_001.fastq.gz,"cell_barcode, umi_barcode",read1,7,week,EFO,UO_0000034,E-MTAB-13071,No,Gopee_et_at_2024
FCAImmP7862095,ERS15604011,SAMEA113609831,Homo sapiens,F61,7,week,EFO,UO_0000034,late embryonic stage,male,skin,CD45-,cell,FCAImmP7862095,RNA,PAIRED,TRANSCRIPTOMIC SINGLE CELL,RNA-Seq,5 prime tag,polyA RNA,10x 5' v1,oligo-dT,10x technology,group 1,sequencing assay,ERX10970987,28746_8_CCGGGTAT_S8_L008_R2_001.fastq.gz,single,read2,7,week,EFO,UO_0000034,E-MTAB-13071,No,Gopee_et_at_2024
FCAImmP7862095,ERS15604011,SAMEA113609831,Homo sapiens,F61,7,week,EFO,UO_0000034,late embryonic stage,male,skin,CD45-,cell,FCAImmP7862095,RNA,PAIRED,TRANSCRIPTOMIC SINGLE CELL,RNA-Seq,5 prime tag,polyA RNA,10x 5' v1,oligo-dT,10x technology,group 1,sequencing assay,ERX10970987,28746_8_GGTTCCTC_S6_L008_R2_001.fastq.gz,single,read2,7,week,EFO,UO_0000034,E-MTAB-13071,No,Gopee_et_at_2024
FCAImmP7862095,ERS15604011,SAMEA113609831,Homo sapiens,F61,7,week,EFO,UO_0000034,late embryonic stage,male,skin,CD45-,cell,FCAImmP7862095,RNA,PAIRED,TRANSCRIPTOMIC SINGLE CELL,RNA-Seq,5 prime tag,polyA RNA,10x 5' v1,oligo-dT,10x technology,group 1,sequencing assay,ERX10970987,28746_8_CCGGGTAT_S8_L008_R1_001.fastq.gz,"cell_barcode, umi_barcode",read1,7,week,EFO,UO_0000034,E-MTAB-13071,No,Gopee_et_at_2024
FCAImmP7862095,ERS15604011,SAMEA113609831,Homo sapiens,F61,7,week,EFO,UO_0000034,late embryonic stage,male,skin,CD45-,cell,FCAImmP7862095,RNA,PAIRED,TRANSCRIPTOMIC SINGLE CELL,RNA-Seq,5 prime tag,polyA RNA,10x 5' v1,oligo-dT,10x technology,group 1,sequencing assay,ERX10970987,28746_8_GGTTCCTC_S6_L008_R1_001.fastq.gz,"cell_barcode, umi_barcode",read1,7,week,EFO,UO_0000034,E-MTAB-13071,No,Gopee_et_at_2024
FCAImmP7862095,ERS15604011,SAMEA113609831,Homo sapiens,F61,7,week,EFO,UO_0000034,late embryonic stage,male,skin,CD45-,cell,FCAImmP7862095,RNA,PAIRED,TRANSCRIPTOMIC SINGLE CELL,RNA-Seq,5 prime tag,polyA RNA,10x 5' v1,oligo-dT,10x technology,group 1,sequencing assay,ERX10970987,28746_8_TAACAAGG_S5_L008_R2_001.fastq.gz,single,read2,7,week,EFO,UO_0000034,E-MTAB-13071,No,Gopee_et_at_2024
FCAImmP7862095,ERS15604011,SAMEA113609831,Homo sapiens,F61,7,week,EFO,UO_0000034,late embryonic stage,male,skin,CD45-,cell,FCAImmP7862095,RNA,PAIRED,TRANSCRIPTOMIC SINGLE CELL,RNA-Seq,5 prime tag,polyA RNA,10x 5' v1,oligo-dT,10x technology,group 1,sequencing assay,ERX10970987,28746_8_TAACAAGG_S5_L008_R1_001.fastq.gz,"cell_barcode, umi_barcode",read1,7,week,EFO,UO_0000034,E-MTAB-13071,No,Gopee_et_at_2024
HCA_rFSKI14449635,ERS19636918,SAMEA115579218,Homo sapiens,F220,17,week,EFO,UO_0000034,late embryonic stage,female,skin,CD45P,cell,HCA_rFSKI14449635,RNA,PAIRED,TRANSCRIPTOMIC SINGLE CELL,RNA-Seq,5 prime tag,polyA RNA,10x 5' v1,oligo-dT,10x technology,,sequencing assay,ERX12445721,48027_4_GTAACATGCG-AGGTAACACT_S1_L004_R1_001.fastq.gz,"cell_barcode, umi_barcode",read1,17,week,EFO,UO_0000034,E-MTAB-13071,No,Gopee_et_at_2024
HCA_rFSKI14449635,ERS19636918,SAMEA115579218,Homo sapiens,F220,17,week,EFO,UO_0000034,late embryonic stage,female,skin,CD45P,cell,HCA_rFSKI14449635,RNA,PAIRED,TRANSCRIPTOMIC SINGLE CELL,RNA-Seq,5 prime tag,polyA RNA,10x 5' v1,oligo-dT,10x technology,,sequencing assay,ERX12445721,48027_4_GTAACATGCG-AGGTAACACT_S1_L004_R2_001.fastq.gz,single,read2,17,week,EFO,UO_0000034,E-MTAB-13071,No,Gopee_et_at_2024
HCA_rFSKI14449636,ERS19636921,SAMEA115579219,Homo sapiens,F220,17,week,EFO,UO_0000034,late embryonic stage,female,skin,CD45NCD34N,cell,HCA_rFSKI14449636,RNA,PAIRED,TRANSCRIPTOMIC SINGLE CELL,RNA-Seq,5 prime tag,polyA RNA,10x 5' v1,oligo-dT,10x technology,,sequencing assay,ERX12445722,48027_4_ACAGTAACTA-AACGAACTGT_S2_L004_R2_001.fastq.gz,single,read2,17,week,EFO,UO_0000034,E-MTAB-13071,No,Gopee_et_at_2024
HCA_rFSKI14449636,ERS19636921,SAMEA115579219,Homo sapiens,F220,17,week,EFO,UO_0000034,late embryonic stage,female,skin,CD45NCD34N,cell,HCA_rFSKI14449636,RNA,PAIRED,TRANSCRIPTOMIC SINGLE CELL,RNA-Seq,5 prime tag,polyA RNA,10x 5' v1,oligo-dT,10x technology,,sequencing assay,ERX12445722,48027_4_ACAGTAACTA-AACGAACTGT_S2_L004_R1_001.fastq.gz,"cell_barcode, umi_barcode",read1,17,week,EFO,UO_0000034,E-MTAB-13071,No,Gopee_et_at_2024
HCA_rFSKI14449637,ERS19636923,SAMEA115579220,Homo sapiens,F220,17,week,EFO,UO_0000034,late embryonic stage,female,skin,CD45NCD34N,cell,HCA_rFSKI14449637,RNA,PAIRED,TRANSCRIPTOMIC SINGLE CELL,RNA-Seq,5 prime tag,polyA RNA,10x 5' v1,oligo-dT,10x technology,,sequencing assay,ERX12445723,48027_4_TGCGCGGTTT-TTTATCCTTG_S3_L004_R1_001.fastq.gz,"cell_barcode, umi_barcode",read1,17,week,EFO,UO_0000034,E-MTAB-13071,No,Gopee_et_at_2024
HCA_rFSKI14449637,ERS19636923,SAMEA115579220,Homo sapiens,F220,17,week,EFO,UO_0000034,late embryonic stage,female,skin,CD45NCD34N,cell,HCA_rFSKI14449637,RNA,PAIRED,TRANSCRIPTOMIC SINGLE CELL,RNA-Seq,5 prime tag,polyA RNA,10x 5' v1,oligo-dT,10x technology,,sequencing assay,ERX12445723,48027_4_TGCGCGGTTT-TTTATCCTTG_S3_L004_R2_001.fastq.gz,single,read2,17,week,EFO,UO_0000034,E-MTAB-13071,No,Gopee_et_at_2024
HCA_rFSKI14449638,ERS19636924,SAMEA115579221,Homo sapiens,F220,17,week,EFO,UO_0000034,late embryonic stage,female,skin,CD45NCD34P,cell,HCA_rFSKI14449638,RNA,PAIRED,TRANSCRIPTOMIC SINGLE CELL,RNA-Seq,5 prime tag,polyA RNA,10x 5' v1,oligo-dT,10x technology,,sequencing assay,ERX12445724,48027_4_TGCAATGTTC-TTCGACAAGC_S4_L004_R2_001.fastq.gz,single,read2,17,week,EFO,UO_0000034,E-MTAB-13071,No,Gopee_et_at_2024
HCA_rFSKI14449638,ERS19636924,SAMEA115579221,Homo sapiens,F220,17,week,EFO,UO_0000034,late embryonic stage,female,skin,CD45NCD34P,cell,HCA_rFSKI14449638,RNA,PAIRED,TRANSCRIPTOMIC SINGLE CELL,RNA-Seq,5 prime tag,polyA RNA,10x 5' v1,oligo-dT,10x technology,,sequencing assay,ERX12445724,48027_4_TGCAATGTTC-TTCGACAAGC_S4_L004_R1_001.fastq.gz,"cell_barcode, umi_barcode",read1,17,week,EFO,UO_0000034,E-MTAB-13071,No,Gopee_et_at_2024
HCA_rFSKI14449639,ERS19636925,SAMEA115579222,Homo sapiens,F220,17,week,EFO,UO_0000034,late embryonic stage,female,skin,CD45P,cell,HCA_rFSKI14449639,RNA,PAIRED,TRANSCRIPTOMIC SINGLE CELL,RNA-Seq,5 prime tag,polyA RNA,10x 5' v1,oligo-dT,10x technology,,sequencing assay,ERX12445725,48027_4_TTATTCGAGG-AGCAGGACAG_S5_L004_R2_001.fastq.gz,single,read2,17,week,EFO,UO_0000034,E-MTAB-13071,No,Gopee_et_at_2024
HCA_rFSKI14449639,ERS19636925,SAMEA115579222,Homo sapiens,F220,17,week,EFO,UO_0000034,late embryonic stage,female,skin,CD45P,cell,HCA_rFSKI14449639,RNA,PAIRED,TRANSCRIPTOMIC SINGLE CELL,RNA-Seq,5 prime tag,polyA RNA,10x 5' v1,oligo-dT,10x technology,,sequencing assay,ERX12445725,48027_4_TTATTCGAGG-AGCAGGACAG_S5_L004_R1_001.fastq.gz,"cell_barcode, umi_barcode",read1,17,week,EFO,UO_0000034,E-MTAB-13071,No,Gopee_et_at_2024
HCA_rFSKI14449640,ERS19636926,SAMEA115579223,Homo sapiens,F220,17,week,EFO,UO_0000034,late embryonic stage,female,skin,CD45NCD34N,cell,HCA_rFSKI14449640,RNA,PAIRED,TRANSCRIPTOMIC SINGLE CELL,RNA-Seq,5 prime tag,polyA RNA,10x 5' v1,oligo-dT,10x technology,,sequencing assay,ERX12445726,48027_4_AAGATTGGAT-AAATCCCGCT_S6_L004_R2_001.fastq.gz,single,read2,17,week,EFO,UO_0000034,E-MTAB-13071,No,Gopee_et_at_2024
HCA_rFSKI14449640,ERS19636926,SAMEA115579223,Homo sapiens,F220,17,week,EFO,UO_0000034,late embryonic stage,female,skin,CD45NCD34N,cell,HCA_rFSKI14449640,RNA,PAIRED,TRANSCRIPTOMIC SINGLE CELL,RNA-Seq,5 prime tag,polyA RNA,10x 5' v1,oligo-dT,10x technology,,sequencing assay,ERX12445726,48027_4_AAGATTGGAT-AAATCCCGCT_S6_L004_R1_001.fastq.gz,"cell_barcode, umi_barcode",read1,17,week,EFO,UO_0000034,E-MTAB-13071,No,Gopee_et_at_2024
HCA_rFSKI14449641,ERS19636927,SAMEA115579224,Homo sapiens,F220,17,week,EFO,UO_0000034,late embryonic stage,female,skin,CD45NCD34N,cell,HCA_rFSKI14449641,RNA,PAIRED,TRANSCRIPTOMIC SINGLE CELL,RNA-Seq,5 prime tag,polyA RNA,10x 5' v1,oligo-dT,10x technology,,sequencing assay,ERX12445727,48027_4_TGTAGTCATT-TACGATCAAG_S7_L004_R1_001.fastq.gz,"cell_barcode, umi_barcode",read1,17,week,EFO,UO_0000034,E-MTAB-13071,No,Gopee_et_at_2024
HCA_rFSKI14449641,ERS19636927,SAMEA115579224,Homo sapiens,F220,17,week,EFO,UO_0000034,late embryonic stage,female,skin,CD45NCD34N,cell,HCA_rFSKI14449641,RNA,PAIRED,TRANSCRIPTOMIC SINGLE CELL,RNA-Seq,5 prime tag,polyA RNA,10x 5' v1,oligo-dT,10x technology,,sequencing assay,ERX12445727,48027_4_TGTAGTCATT-TACGATCAAG_S7_L004_R2_001.fastq.gz,single,read2,17,week,EFO,UO_0000034,E-MTAB-13071,No,Gopee_et_at_2024
HCA_rFSKI14449642,ERS19636928,SAMEA115579225,Homo sapiens,F220,17,week,EFO,UO_0000034,late embryonic stage,female,skin,CD45NCD34P,cell,HCA_rFSKI14449642,RNA,PAIRED,TRANSCRIPTOMIC SINGLE CELL,RNA-Seq,5 prime tag,polyA RNA,10x 5' v1,oligo-dT,10x technology,,sequencing assay,ERX12445728,48027_4_ACAATGTGAA-TAACGGTACG_S8_L004_R1_001.fastq.gz,"cell_barcode, umi_barcode",read1,17,week,EFO,UO_0000034,E-MTAB-13071,No,Gopee_et_at_2024
HCA_rFSKI14449642,ERS19636928,SAMEA115579225,Homo sapiens,F220,17,week,EFO,UO_0000034,late embryonic stage,female,skin,CD45NCD34P,cell,HCA_rFSKI14449642,RNA,PAIRED,TRANSCRIPTOMIC SINGLE CELL,RNA-Seq,5 prime tag,polyA RNA,10x 5' v1,oligo-dT,10x technology,,sequencing assay,ERX12445728,48027_4_ACAATGTGAA-TAACGGTACG_S8_L004_R2_001.fastq.gz,single,read2,17,week,EFO,UO_0000034,E-MTAB-13071,No,Gopee_et_at_2024
HCA_rFSKI14539490,ERS19636929,SAMEA115579226,Homo sapiens,F221,14,week,EFO,UO_0000034,late embryonic stage,female,skin,CD45P,cell,HCA_rFSKI14539490,RNA,PAIRED,TRANSCRIPTOMIC SINGLE CELL,RNA-Seq,5 prime tag,polyA RNA,10x 5' v1,oligo-dT,10x technology,group 2,sequencing assay,ERX12445729,48223_4_TCCGTTGGAT-GCGAGAACGT_S10_L004_R2_001.fastq.gz,single,read2,14,week,EFO,UO_0000034,E-MTAB-13071,No,Gopee_et_at_2024
HCA_rFSKI14539490,ERS19636929,SAMEA115579226,Homo sapiens,F221,14,week,EFO,UO_0000034,late embryonic stage,female,skin,CD45P,cell,HCA_rFSKI14539490,RNA,PAIRED,TRANSCRIPTOMIC SINGLE CELL,RNA-Seq,5 prime tag,polyA RNA,10x 5' v1,oligo-dT,10x technology,group 2,sequencing assay,ERX12445729,48223_4_TCCGTTGGAT-GCGAGAACGT_S10_L004_R1_001.fastq.gz,"cell_barcode, umi_barcode",read1,14,week,EFO,UO_0000034,E-MTAB-13071,No,Gopee_et_at_2024
HCA_rFSKI14539490,ERS19636929,SAMEA115579226,Homo sapiens,F221,14,week,EFO,UO_0000034,late embryonic stage,female,skin,CD45P,cell,HCA_rFSKI14539490,RNA,PAIRED,TRANSCRIPTOMIC SINGLE CELL,RNA-Seq,5 prime tag,polyA RNA,10x 5' v1,oligo-dT,10x technology,group 2,sequencing assay,ERX12445729,48223_3_TCCGTTGGAT-GCGAGAACGT_S10_L003_R1_001.fastq.gz,"cell_barcode, umi_barcode",read1,14,week,EFO,UO_0000034,E-MTAB-13071,No,Gopee_et_at_2024
HCA_rFSKI14539490,ERS19636929,SAMEA115579226,Homo sapiens,F221,14,week,EFO,UO_0000034,late embryonic stage,female,skin,CD45P,cell,HCA_rFSKI14539490,RNA,PAIRED,TRANSCRIPTOMIC SINGLE CELL,RNA-Seq,5 prime tag,polyA RNA,10x 5' v1,oligo-dT,10x technology,group 2,sequencing assay,ERX12445729,48223_3_TCCGTTGGAT-GCGAGAACGT_S10_L003_R2_001.fastq.gz,single,read2,14,week,EFO,UO_0000034,E-MTAB-13071,No,Gopee_et_at_2024
HCA_rFSKI14539491,ERS19636930,SAMEA115579227,Homo sapiens,F221,14,week,EFO,UO_0000034,late embryonic stage,female,skin,CD45NCD34N,cell,HCA_rFSKI14539491,RNA,PAIRED,TRANSCRIPTOMIC SINGLE CELL,RNA-Seq,5 prime tag,polyA RNA,10x 5' v1,oligo-dT,10x technology,group 3,sequencing assay,ERX12445730,48223_4_TGGTTCGGGT-CTCCTGCCAC_S11_L004_R1_001.fastq.gz,"cell_barcode, umi_barcode",read1,14,week,EFO,UO_0000034,E-MTAB-13071,No,Gopee_et_at_2024
HCA_rFSKI14539491,ERS19636930,SAMEA115579227,Homo sapiens,F221,14,week,EFO,UO_0000034,late embryonic stage,female,skin,CD45NCD34N,cell,HCA_rFSKI14539491,RNA,PAIRED,TRANSCRIPTOMIC SINGLE CELL,RNA-Seq,5 prime tag,polyA RNA,10x 5' v1,oligo-dT,10x technology,group 3,sequencing assay,ERX12445730,48223_4_TGGTTCGGGT-CTCCTGCCAC_S11_L004_R2_001.fastq.gz,single,read2,14,week,EFO,UO_0000034,E-MTAB-13071,No,Gopee_et_at_2024
HCA_rFSKI14539491,ERS19636930,SAMEA115579227,Homo sapiens,F221,14,week,EFO,UO_0000034,late embryonic stage,female,skin,CD45NCD34N,cell,HCA_rFSKI14539491,RNA,PAIRED,TRANSCRIPTOMIC SINGLE CELL,RNA-Seq,5 prime tag,polyA RNA,10x 5' v1,oligo-dT,10x technology,group 3,sequencing assay,ERX12445730,48223_3_TGGTTCGGGT-CTCCTGCCAC_S11_L003_R1_001.fastq.gz,"cell_barcode, umi_barcode",read1,14,week,EFO,UO_0000034,E-MTAB-13071,No,Gopee_et_at_2024
HCA_rFSKI14539491,ERS19636930,SAMEA115579227,Homo sapiens,F221,14,week,EFO,UO_0000034,late embryonic stage,female,skin,CD45NCD34N,cell,HCA_rFSKI14539491,RNA,PAIRED,TRANSCRIPTOMIC SINGLE CELL,RNA-Seq,5 prime tag,polyA RNA,10x 5' v1,oligo-dT,10x technology,group 3,sequencing assay,ERX12445730,48223_3_TGGTTCGGGT-CTCCTGCCAC_S11_L003_R2_001.fastq.gz,single,read2,14,week,EFO,UO_0000034,E-MTAB-13071,No,Gopee_et_at_2024
HCA_rFSKI14539492,ERS19636931,SAMEA115579228,Homo sapiens,F221,14,week,EFO,UO_0000034,late embryonic stage,female,skin,CD45NCD34N,cell,HCA_rFSKI14539492,RNA,PAIRED,TRANSCRIPTOMIC SINGLE CELL,RNA-Seq,5 prime tag,polyA RNA,10x 5' v1,oligo-dT,10x technology,group 4,sequencing assay,ERX12445731,48223_3_CGCGGTAGGT-CAACATCCTG_S12_L003_R2_001.fastq.gz,single,read2,14,week,EFO,UO_0000034,E-MTAB-13071,No,Gopee_et_at_2024
HCA_rFSKI14539492,ERS19636931,SAMEA115579228,Homo sapiens,F221,14,week,EFO,UO_0000034,late embryonic stage,female,skin,CD45NCD34N,cell,HCA_rFSKI14539492,RNA,PAIRED,TRANSCRIPTOMIC SINGLE CELL,RNA-Seq,5 prime tag,polyA RNA,10x 5' v1,oligo-dT,10x technology,group 4,sequencing assay,ERX12445731,48223_4_CGCGGTAGGT-CAACATCCTG_S12_L004_R1_001.fastq.gz,"cell_barcode, umi_barcode",read1,14,week,EFO,UO_0000034,E-MTAB-13071,No,Gopee_et_at_2024
HCA_rFSKI14539492,ERS19636931,SAMEA115579228,Homo sapiens,F221,14,week,EFO,UO_0000034,late embryonic stage,female,skin,CD45NCD34N,cell,HCA_rFSKI14539492,RNA,PAIRED,TRANSCRIPTOMIC SINGLE CELL,RNA-Seq,5 prime tag,polyA RNA,10x 5' v1,oligo-dT,10x technology,group 4,sequencing assay,ERX12445731,48223_4_CGCGGTAGGT-CAACATCCTG_S12_L004_R2_001.fastq.gz,single,read2,14,week,EFO,UO_0000034,E-MTAB-13071,No,Gopee_et_at_2024
HCA_rFSKI14539492,ERS19636931,SAMEA115579228,Homo sapiens,F221,14,week,EFO,UO_0000034,late embryonic stage,female,skin,CD45NCD34N,cell,HCA_rFSKI14539492,RNA,PAIRED,TRANSCRIPTOMIC SINGLE CELL,RNA-Seq,5 prime tag,polyA RNA,10x 5' v1,oligo-dT,10x technology,group 4,sequencing assay,ERX12445731,48223_3_CGCGGTAGGT-CAACATCCTG_S12_L003_R1_001.fastq.gz,"cell_barcode, umi_barcode",read1,14,week,EFO,UO_0000034,E-MTAB-13071,No,Gopee_et_at_2024
HCA_rFSKI14539493,ERS19636932,SAMEA115579229,Homo sapiens,F221,14,week,EFO,UO_0000034,late embryonic stage,female,skin,CD45NCD34P,cell,HCA_rFSKI14539493,RNA,PAIRED,TRANSCRIPTOMIC SINGLE CELL,RNA-Seq,5 prime tag,polyA RNA,10x 5' v1,oligo-dT,10x technology,group 5,sequencing assay,ERX12445732,48223_4_CGGCTGGATG-GTGCTTATCA_S13_L004_R1_001.fastq.gz,"cell_barcode, umi_barcode",read1,14,week,EFO,UO_0000034,E-MTAB-13071,No,Gopee_et_at_2024
HCA_rFSKI14539493,ERS19636932,SAMEA115579229,Homo sapiens,F221,14,week,EFO,UO_0000034,late embryonic stage,female,skin,CD45NCD34P,cell,HCA_rFSKI14539493,RNA,PAIRED,TRANSCRIPTOMIC SINGLE CELL,RNA-Seq,5 prime tag,polyA RNA,10x 5' v1,oligo-dT,10x technology,group 5,sequencing assay,ERX12445732,48223_4_CGGCTGGATG-GTGCTTATCA_S13_L004_R2_001.fastq.gz,single,read2,14,week,EFO,UO_0000034,E-MTAB-13071,No,Gopee_et_at_2024
HCA_rFSKI14539493,ERS19636932,SAMEA115579229,Homo sapiens,F221,14,week,EFO,UO_0000034,late embryonic stage,female,skin,CD45NCD34P,cell,HCA_rFSKI14539493,RNA,PAIRED,TRANSCRIPTOMIC SINGLE CELL,RNA-Seq,5 prime tag,polyA RNA,10x 5' v1,oligo-dT,10x technology,group 5,sequencing assay,ERX12445732,48223_3_CGGCTGGATG-GTGCTTATCA_S13_L003_R1_001.fastq.gz,"cell_barcode, umi_barcode",read1,14,week,EFO,UO_0000034,E-MTAB-13071,No,Gopee_et_at_2024
HCA_rFSKI14539493,ERS19636932,SAMEA115579229,Homo sapiens,F221,14,week,EFO,UO_0000034,late embryonic stage,female,skin,CD45NCD34P,cell,HCA_rFSKI14539493,RNA,PAIRED,TRANSCRIPTOMIC SINGLE CELL,RNA-Seq,5 prime tag,polyA RNA,10x 5' v1,oligo-dT,10x technology,group 5,sequencing assay,ERX12445732,48223_3_CGGCTGGATG-GTGCTTATCA_S13_L003_R2_001.fastq.gz,single,read2,14,week,EFO,UO_0000034,E-MTAB-13071,No,Gopee_et_at_2024
HCA_rFSKI14539494,ERS19636933,SAMEA115579230,Homo sapiens,F221,14,week,EFO,UO_0000034,late embryonic stage,female,skin,CD45P,cell,HCA_rFSKI14539494,RNA,PAIRED,TRANSCRIPTOMIC SINGLE CELL,RNA-Seq,5 prime tag,polyA RNA,10x 5' v1,oligo-dT,10x technology,group 6,sequencing assay,ERX12445733,48223_3_ATAGGGCGAG-ACTCGATGCA_S14_L003_R2_001.fastq.gz,single,read2,14,week,EFO,UO_0000034,E-MTAB-13071,No,Gopee_et_at_2024
HCA_rFSKI14539494,ERS19636933,SAMEA115579230,Homo sapiens,F221,14,week,EFO,UO_0000034,late embryonic stage,female,skin,CD45P,cell,HCA_rFSKI14539494,RNA,PAIRED,TRANSCRIPTOMIC SINGLE CELL,RNA-Seq,5 prime tag,polyA RNA,10x 5' v1,oligo-dT,10x technology,group 6,sequencing assay,ERX12445733,48223_4_ATAGGGCGAG-ACTCGATGCA_S14_L004_R1_001.fastq.gz,"cell_barcode, umi_barcode",read1,14,week,EFO,UO_0000034,E-MTAB-13071,No,Gopee_et_at_2024
HCA_rFSKI14539494,ERS19636933,SAMEA115579230,Homo sapiens,F221,14,week,EFO,UO_0000034,late embryonic stage,female,skin,CD45P,cell,HCA_rFSKI14539494,RNA,PAIRED,TRANSCRIPTOMIC SINGLE CELL,RNA-Seq,5 prime tag,polyA RNA,10x 5' v1,oligo-dT,10x technology,group 6,sequencing assay,ERX12445733,48223_4_ATAGGGCGAG-ACTCGATGCA_S14_L004_R2_001.fastq.gz,single,read2,14,week,EFO,UO_0000034,E-MTAB-13071,No,Gopee_et_at_2024
HCA_rFSKI14539494,ERS19636933,SAMEA115579230,Homo sapiens,F221,14,week,EFO,UO_0000034,late embryonic stage,female,skin,CD45P,cell,HCA_rFSKI14539494,RNA,PAIRED,TRANSCRIPTOMIC SINGLE CELL,RNA-Seq,5 prime tag,polyA RNA,10x 5' v1,oligo-dT,10x technology,group 6,sequencing assay,ERX12445733,48223_3_ATAGGGCGAG-ACTCGATGCA_S14_L003_R1_001.fastq.gz,"cell_barcode, umi_barcode",read1,14,week,EFO,UO_0000034,E-MTAB-13071,No,Gopee_et_at_2024
HCA_rFSKI14539495,ERS19636934,SAMEA115579231,Homo sapiens,F221,14,week,EFO,UO_0000034,late embryonic stage,female,skin,CD45NCD34N,cell,HCA_rFSKI14539495,RNA,PAIRED,TRANSCRIPTOMIC SINGLE CELL,RNA-Seq,5 prime tag,polyA RNA,10x 5' v1,oligo-dT,10x technology,group 7,sequencing assay,ERX12445734,48223_3_AGCAAGAAGC-AGAAACACAA_S15_L003_R1_001.fastq.gz,"cell_barcode, umi_barcode",read1,14,week,EFO,UO_0000034,E-MTAB-13071,No,Gopee_et_at_2024
HCA_rFSKI14539495,ERS19636934,SAMEA115579231,Homo sapiens,F221,14,week,EFO,UO_0000034,late embryonic stage,female,skin,CD45NCD34N,cell,HCA_rFSKI14539495,RNA,PAIRED,TRANSCRIPTOMIC SINGLE CELL,RNA-Seq,5 prime tag,polyA RNA,10x 5' v1,oligo-dT,10x technology,group 7,sequencing assay,ERX12445734,48223_3_AGCAAGAAGC-AGAAACACAA_S15_L003_R2_001.fastq.gz,single,read2,14,week,EFO,UO_0000034,E-MTAB-13071,No,Gopee_et_at_2024
HCA_rFSKI14539495,ERS19636934,SAMEA115579231,Homo sapiens,F221,14,week,EFO,UO_0000034,late embryonic stage,female,skin,CD45NCD34N,cell,HCA_rFSKI14539495,RNA,PAIRED,TRANSCRIPTOMIC SINGLE CELL,RNA-Seq,5 prime tag,polyA RNA,10x 5' v1,oligo-dT,10x technology,group 7,sequencing assay,ERX12445734,48223_4_AGCAAGAAGC-AGAAACACAA_S15_L004_R1_001.fastq.gz,"cell_barcode, umi_barcode",read1,14,week,EFO,UO_0000034,E-MTAB-13071,No,Gopee_et_at_2024
HCA_rFSKI14539495,ERS19636934,SAMEA115579231,Homo sapiens,F221,14,week,EFO,UO_0000034,late embryonic stage,female,skin,CD45NCD34N,cell,HCA_rFSKI14539495,RNA,PAIRED,TRANSCRIPTOMIC SINGLE CELL,RNA-Seq,5 prime tag,polyA RNA,10x 5' v1,oligo-dT,10x technology,group 7,sequencing assay,ERX12445734,48223_4_AGCAAGAAGC-AGAAACACAA_S15_L004_R2_001.fastq.gz,single,read2,14,week,EFO,UO_0000034,E-MTAB-13071,No,Gopee_et_at_2024
HCA_rFSKI14539496,ERS19636935,SAMEA115579232,Homo sapiens,F221,14,week,EFO,UO_0000034,late embryonic stage,female,skin,CD45NCD34N,cell,HCA_rFSKI14539496,RNA,PAIRED,TRANSCRIPTOMIC SINGLE CELL,RNA-Seq,5 prime tag,polyA RNA,10x 5' v1,oligo-dT,10x technology,group 8,sequencing assay,ERX12445735,48223_3_ACGACTACCA-TTAGGGTCGT_S1_L003_R2_001.fastq.gz,single,read2,14,week,EFO,UO_0000034,E-MTAB-13071,No,Gopee_et_at_2024
HCA_rFSKI14539496,ERS19636935,SAMEA115579232,Homo sapiens,F221,14,week,EFO,UO_0000034,late embryonic stage,female,skin,CD45NCD34N,cell,HCA_rFSKI14539496,RNA,PAIRED,TRANSCRIPTOMIC SINGLE CELL,RNA-Seq,5 prime tag,polyA RNA,10x 5' v1,oligo-dT,10x technology,group 8,sequencing assay,ERX12445735,48223_4_ACGACTACCA-TTAGGGTCGT_S1_L004_R1_001.fastq.gz,"cell_barcode, umi_barcode",read1,14,week,EFO,UO_0000034,E-MTAB-13071,No,Gopee_et_at_2024
HCA_rFSKI14539496,ERS19636935,SAMEA115579232,Homo sapiens,F221,14,week,EFO,UO_0000034,late embryonic stage,female,skin,CD45NCD34N,cell,HCA_rFSKI14539496,RNA,PAIRED,TRANSCRIPTOMIC SINGLE CELL,RNA-Seq,5 prime tag,polyA RNA,10x 5' v1,oligo-dT,10x technology,group 8,sequencing assay,ERX12445735,48223_4_ACGACTACCA-TTAGGGTCGT_S1_L004_R2_001.fastq.gz,single,read2,14,week,EFO,UO_0000034,E-MTAB-13071,No,Gopee_et_at_2024
HCA_rFSKI14539496,ERS19636935,SAMEA115579232,Homo sapiens,F221,14,week,EFO,UO_0000034,late embryonic stage,female,skin,CD45NCD34N,cell,HCA_rFSKI14539496,RNA,PAIRED,TRANSCRIPTOMIC SINGLE CELL,RNA-Seq,5 prime tag,polyA RNA,10x 5' v1,oligo-dT,10x technology,group 8,sequencing assay,ERX12445735,48223_3_ACGACTACCA-TTAGGGTCGT_S1_L003_R1_001.fastq.gz,"cell_barcode, umi_barcode",read1,14,week,EFO,UO_0000034,E-MTAB-13071,No,Gopee_et_at_2024
HCA_rFSKI14539497,ERS19636936,SAMEA115579233,Homo sapiens,F221,14,week,EFO,UO_0000034,late embryonic stage,female,skin,CD45NCD34P,cell,HCA_rFSKI14539497,RNA,PAIRED,TRANSCRIPTOMIC SINGLE CELL,RNA-Seq,5 prime tag,polyA RNA,10x 5' v1,oligo-dT,10x technology,group 9,sequencing assay,ERX12445736,48223_4_CCCAGCTTCT-GTTTGGTGTC_S2_L004_R2_001.fastq.gz,single,read2,14,week,EFO,UO_0000034,E-MTAB-13071,No,Gopee_et_at_2024
HCA_rFSKI14539497,ERS19636936,SAMEA115579233,Homo sapiens,F221,14,week,EFO,UO_0000034,late embryonic stage,female,skin,CD45NCD34P,cell,HCA_rFSKI14539497,RNA,PAIRED,TRANSCRIPTOMIC SINGLE CELL,RNA-Seq,5 prime tag,polyA RNA,10x 5' v1,oligo-dT,10x technology,group 9,sequencing assay,ERX12445736,48223_3_CCCAGCTTCT-GTTTGGTGTC_S2_L003_R1_001.fastq.gz,"cell_barcode, umi_barcode",read1,14,week,EFO,UO_0000034,E-MTAB-13071,No,Gopee_et_at_2024
HCA_rFSKI14539497,ERS19636936,SAMEA115579233,Homo sapiens,F221,14,week,EFO,UO_0000034,late embryonic stage,female,skin,CD45NCD34P,cell,HCA_rFSKI14539497,RNA,PAIRED,TRANSCRIPTOMIC SINGLE CELL,RNA-Seq,5 prime tag,polyA RNA,10x 5' v1,oligo-dT,10x technology,group 9,sequencing assay,ERX12445736,48223_3_CCCAGCTTCT-GTTTGGTGTC_S2_L003_R2_001.fastq.gz,single,read2,14,week,EFO,UO_0000034,E-MTAB-13071,No,Gopee_et_at_2024
HCA_rFSKI14539497,ERS19636936,SAMEA115579233,Homo sapiens,F221,14,week,EFO,UO_0000034,late embryonic stage,female,skin,CD45NCD34P,cell,HCA_rFSKI14539497,RNA,PAIRED,TRANSCRIPTOMIC SINGLE CELL,RNA-Seq,5 prime tag,polyA RNA,10x 5' v1,oligo-dT,10x technology,group 9,sequencing assay,ERX12445736,48223_4_CCCAGCTTCT-GTTTGGTGTC_S2_L004_R1_001.fastq.gz,"cell_barcode, umi_barcode",read1,14,week,EFO,UO_0000034,E-MTAB-13071,No,Gopee_et_at_2024
HCA_rFSKI14539498,ERS19636938,SAMEA115579234,Homo sapiens,F221,14,week,EFO,UO_0000034,late embryonic stage,female,skin,CD45P,cell,HCA_rFSKI14539498,RNA,PAIRED,TRANSCRIPTOMIC SINGLE CELL,RNA-Seq,5 prime tag,polyA RNA,10x 5' v1,oligo-dT,10x technology,group 10,sequencing assay,ERX12445737,48223_3_TTGAGAGTCA-CTACCAGGTT_S3_L003_R2_001.fastq.gz,single,read2,14,week,EFO,UO_0000034,E-MTAB-13071,No,Gopee_et_at_2024
HCA_rFSKI14539498,ERS19636938,SAMEA115579234,Homo sapiens,F221,14,week,EFO,UO_0000034,late embryonic stage,female,skin,CD45P,cell,HCA_rFSKI14539498,RNA,PAIRED,TRANSCRIPTOMIC SINGLE CELL,RNA-Seq,5 prime tag,polyA RNA,10x 5' v1,oligo-dT,10x technology,group 10,sequencing assay,ERX12445737,48223_3_TTGAGAGTCA-CTACCAGGTT_S3_L003_R1_001.fastq.gz,"cell_barcode, umi_barcode",read1,14,week,EFO,UO_0000034,E-MTAB-13071,No,Gopee_et_at_2024
HCA_rFSKI14539498,ERS19636938,SAMEA115579234,Homo sapiens,F221,14,week,EFO,UO_0000034,late embryonic stage,female,skin,CD45P,cell,HCA_rFSKI14539498,RNA,PAIRED,TRANSCRIPTOMIC SINGLE CELL,RNA-Seq,5 prime tag,polyA RNA,10x 5' v1,oligo-dT,10x technology,group 10,sequencing assay,ERX12445737,48223_4_TTGAGAGTCA-CTACCAGGTT_S3_L004_R1_001.fastq.gz,"cell_barcode, umi_barcode",read1,14,week,EFO,UO_0000034,E-MTAB-13071,No,Gopee_et_at_2024
HCA_rFSKI14539498,ERS19636938,SAMEA115579234,Homo sapiens,F221,14,week,EFO,UO_0000034,late embryonic stage,female,skin,CD45P,cell,HCA_rFSKI14539498,RNA,PAIRED,TRANSCRIPTOMIC SINGLE CELL,RNA-Seq,5 prime tag,polyA RNA,10x 5' v1,oligo-dT,10x technology,group 10,sequencing assay,ERX12445737,48223_4_TTGAGAGTCA-CTACCAGGTT_S3_L004_R2_001.fastq.gz,single,read2,14,week,EFO,UO_0000034,E-MTAB-13071,No,Gopee_et_at_2024
HCA_rFSKI14539499,ERS19636939,SAMEA115579235,Homo sapiens,F221,14,week,EFO,UO_0000034,late embryonic stage,female,skin,CD45NCD34N,cell,HCA_rFSKI14539499,RNA,PAIRED,TRANSCRIPTOMIC SINGLE CELL,RNA-Seq,5 prime tag,polyA RNA,10x 5' v1,oligo-dT,10x technology,group 11,sequencing assay,ERX12445738,48223_3_TTGCCCGTGC-AATCTCACGC_S4_L003_R1_001.fastq.gz,"cell_barcode, umi_barcode",read1,14,week,EFO,UO_0000034,E-MTAB-13071,No,Gopee_et_at_2024
HCA_rFSKI14539499,ERS19636939,SAMEA115579235,Homo sapiens,F221,14,week,EFO,UO_0000034,late embryonic stage,female,skin,CD45NCD34N,cell,HCA_rFSKI14539499,RNA,PAIRED,TRANSCRIPTOMIC SINGLE CELL,RNA-Seq,5 prime tag,polyA RNA,10x 5' v1,oligo-dT,10x technology,group 11,sequencing assay,ERX12445738,48223_4_TTGCCCGTGC-AATCTCACGC_S4_L004_R2_001.fastq.gz,single,read2,14,week,EFO,UO_0000034,E-MTAB-13071,No,Gopee_et_at_2024
HCA_rFSKI14539499,ERS19636939,SAMEA115579235,Homo sapiens,F221,14,week,EFO,UO_0000034,late embryonic stage,female,skin,CD45NCD34N,cell,HCA_rFSKI14539499,RNA,PAIRED,TRANSCRIPTOMIC SINGLE CELL,RNA-Seq,5 prime tag,polyA RNA,10x 5' v1,oligo-dT,10x technology,group 11,sequencing assay,ERX12445738,48223_3_TTGCCCGTGC-AATCTCACGC_S4_L003_R2_001.fastq.gz,single,read2,14,week,EFO,UO_0000034,E-MTAB-13071,No,Gopee_et_at_2024
HCA_rFSKI14539499,ERS19636939,SAMEA115579235,Homo sapiens,F221,14,week,EFO,UO_0000034,late embryonic stage,female,skin,CD45NCD34N,cell,HCA_rFSKI14539499,RNA,PAIRED,TRANSCRIPTOMIC SINGLE CELL,RNA-Seq,5 prime tag,polyA RNA,10x 5' v1,oligo-dT,10x technology,group 11,sequencing assay,ERX12445738,48223_4_TTGCCCGTGC-AATCTCACGC_S4_L004_R1_001.fastq.gz,"cell_barcode, umi_barcode",read1,14,week,EFO,UO_0000034,E-MTAB-13071,No,Gopee_et_at_2024
HCA_rFSKI14539500,ERS19636940,SAMEA115579236,Homo sapiens,F221,14,week,EFO,UO_0000034,late embryonic stage,female,skin,CD45NCD34N,cell,HCA_rFSKI14539500,RNA,PAIRED,TRANSCRIPTOMIC SINGLE CELL,RNA-Seq,5 prime tag,polyA RNA,10x 5' v1,oligo-dT,10x technology,group 12,sequencing assay,ERX12445739,48223_4_GCGGGTAAGT-CTTAGTGCTA_S5_L004_R1_001.fastq.gz,"cell_barcode, umi_barcode",read1,14,week,EFO,UO_0000034,E-MTAB-13071,No,Gopee_et_at_2024
HCA_rFSKI14539500,ERS19636940,SAMEA115579236,Homo sapiens,F221,14,week,EFO,UO_0000034,late embryonic stage,female,skin,CD45NCD34N,cell,HCA_rFSKI14539500,RNA,PAIRED,TRANSCRIPTOMIC SINGLE CELL,RNA-Seq,5 prime tag,polyA RNA,10x 5' v1,oligo-dT,10x technology,group 12,sequencing assay,ERX12445739,48223_3_GCGGGTAAGT-CTTAGTGCTA_S5_L003_R1_001.fastq.gz,"cell_barcode, umi_barcode",read1,14,week,EFO,UO_0000034,E-MTAB-13071,No,Gopee_et_at_2024
HCA_rFSKI14539500,ERS19636940,SAMEA115579236,Homo sapiens,F221,14,week,EFO,UO_0000034,late embryonic stage,female,skin,CD45NCD34N,cell,HCA_rFSKI14539500,RNA,PAIRED,TRANSCRIPTOMIC SINGLE CELL,RNA-Seq,5 prime tag,polyA RNA,10x 5' v1,oligo-dT,10x technology,group 12,sequencing assay,ERX12445739,48223_3_GCGGGTAAGT-CTTAGTGCTA_S5_L003_R2_001.fastq.gz,single,read2,14,week,EFO,UO_0000034,E-MTAB-13071,No,Gopee_et_at_2024
HCA_rFSKI14539500,ERS19636940,SAMEA115579236,Homo sapiens,F221,14,week,EFO,UO_0000034,late embryonic stage,female,skin,CD45NCD34N,cell,HCA_rFSKI14539500,RNA,PAIRED,TRANSCRIPTOMIC SINGLE CELL,RNA-Seq,5 prime tag,polyA RNA,10x 5' v1,oligo-dT,10x technology,group 12,sequencing assay,ERX12445739,48223_4_GCGGGTAAGT-CTTAGTGCTA_S5_L004_R2_001.fastq.gz,single,read2,14,week,EFO,UO_0000034,E-MTAB-13071,No,Gopee_et_at_2024
HCA_rFSKI14539501,ERS19636941,SAMEA115579237,Homo sapiens,F221,14,week,EFO,UO_0000034,late embryonic stage,female,skin,CD45NCD34P,cell,HCA_rFSKI14539501,RNA,PAIRED,TRANSCRIPTOMIC SINGLE CELL,RNA-Seq,5 prime tag,polyA RNA,10x 5' v1,oligo-dT,10x technology,group 13,sequencing assay,ERX12445740,48223_4_CCTATCCTCG-GTTAGTATTC_S6_L004_R2_001.fastq.gz,single,read2,14,week,EFO,UO_0000034,E-MTAB-13071,No,Gopee_et_at_2024
HCA_rFSKI14539501,ERS19636941,SAMEA115579237,Homo sapiens,F221,14,week,EFO,UO_0000034,late embryonic stage,female,skin,CD45NCD34P,cell,HCA_rFSKI14539501,RNA,PAIRED,TRANSCRIPTOMIC SINGLE CELL,RNA-Seq,5 prime tag,polyA RNA,10x 5' v1,oligo-dT,10x technology,group 13,sequencing assay,ERX12445740,48223_3_CCTATCCTCG-GTTAGTATTC_S6_L003_R1_001.fastq.gz,"cell_barcode, umi_barcode",read1,14,week,EFO,UO_0000034,E-MTAB-13071,No,Gopee_et_at_2024
HCA_rFSKI14539501,ERS19636941,SAMEA115579237,Homo sapiens,F221,14,week,EFO,UO_0000034,late embryonic stage,female,skin,CD45NCD34P,cell,HCA_rFSKI14539501,RNA,PAIRED,TRANSCRIPTOMIC SINGLE CELL,RNA-Seq,5 prime tag,polyA RNA,10x 5' v1,oligo-dT,10x technology,group 13,sequencing assay,ERX12445740,48223_3_CCTATCCTCG-GTTAGTATTC_S6_L003_R2_001.fastq.gz,single,read2,14,week,EFO,UO_0000034,E-MTAB-13071,No,Gopee_et_at_2024
HCA_rFSKI14539501,ERS19636941,SAMEA115579237,Homo sapiens,F221,14,week,EFO,UO_0000034,late embryonic stage,female,skin,CD45NCD34P,cell,HCA_rFSKI14539501,RNA,PAIRED,TRANSCRIPTOMIC SINGLE CELL,RNA-Seq,5 prime tag,polyA RNA,10x 5' v1,oligo-dT,10x technology,group 13,sequencing assay,ERX12445740,48223_4_CCTATCCTCG-GTTAGTATTC_S6_L004_R1_001.fastq.gz,"cell_barcode, umi_barcode",read1,14,week,EFO,UO_0000034,E-MTAB-13071,No,Gopee_et_at_2024
WS_wEMB13942138,ERS19636942,SAMEA115579238,Homo sapiens,F217,17,week,EFO,UO_0000034,late embryonic stage,female,skin,Total,cell,WS_wEMB13942138,RNA,PAIRED,TRANSCRIPTOMIC SINGLE CELL,RNA-Seq,5 prime tag,polyA RNA,10x 5' v1,oligo-dT,10x technology,,sequencing assay,ERX12445741,48046_1__S1_L001_R1_001.fastq.gz,"cell_barcode, umi_barcode",read1,17,week,EFO,UO_0000034,E-MTAB-13071,No,Gopee_et_at_2024
WS_wEMB13942138,ERS19636942,SAMEA115579238,Homo sapiens,F217,17,week,EFO,UO_0000034,late embryonic stage,female,skin,Total,cell,WS_wEMB13942138,RNA,PAIRED,TRANSCRIPTOMIC SINGLE CELL,RNA-Seq,5 prime tag,polyA RNA,10x 5' v1,oligo-dT,10x technology,,sequencing assay,ERX12445741,48046_1__S1_L001_R2_001.fastq.gz,single,read2,17,week,EFO,UO_0000034,E-MTAB-13071,No,Gopee_et_at_2024
WS_wEMB13942139,ERS19636943,SAMEA115579239,Homo sapiens,F217,17,week,EFO,UO_0000034,late embryonic stage,female,skin,Total,cell,WS_wEMB13942139,RNA,PAIRED,TRANSCRIPTOMIC SINGLE CELL,RNA-Seq,5 prime tag,polyA RNA,10x 5' v1,oligo-dT,10x technology,,sequencing assay,ERX12445742,48046_1__S2_L001_R1_001.fastq.gz,"cell_barcode, umi_barcode",read1,17,week,EFO,UO_0000034,E-MTAB-13071,No,Gopee_et_at_2024
WS_wEMB13942139,ERS19636943,SAMEA115579239,Homo sapiens,F217,17,week,EFO,UO_0000034,late embryonic stage,female,skin,Total,cell,WS_wEMB13942139,RNA,PAIRED,TRANSCRIPTOMIC SINGLE CELL,RNA-Seq,5 prime tag,polyA RNA,10x 5' v1,oligo-dT,10x technology,,sequencing assay,ERX12445742,48046_1__S2_L001_R2_001.fastq.gz,single,read2,17,week,EFO,UO_0000034,E-MTAB-13071,No,Gopee_et_at_2024
WS_wEMB13942141,ERS19636944,SAMEA115579240,Homo sapiens,F217,17,week,EFO,UO_0000034,late embryonic stage,female,skin,Total,cell,WS_wEMB13942141,RNA,PAIRED,TRANSCRIPTOMIC SINGLE CELL,RNA-Seq,5 prime tag,polyA RNA,10x 5' v1,oligo-dT,10x technology,,sequencing assay,ERX12445743,48046_1_CGAATATTCG-TTGCTTCCAG_S4_L001_R1_001.fastq.gz,"cell_barcode, umi_barcode",read1,17,week,EFO,UO_0000034,E-MTAB-13071,No,Gopee_et_at_2024
WS_wEMB13942141,ERS19636944,SAMEA115579240,Homo sapiens,F217,17,week,EFO,UO_0000034,late embryonic stage,female,skin,Total,cell,WS_wEMB13942141,RNA,PAIRED,TRANSCRIPTOMIC SINGLE CELL,RNA-Seq,5 prime tag,polyA RNA,10x 5' v1,oligo-dT,10x technology,,sequencing assay,ERX12445743,48046_1_CGAATATTCG-TTGCTTCCAG_S4_L001_R2_001.fastq.gz,single,read2,17,week,EFO,UO_0000034,E-MTAB-13071,No,Gopee_et_at_2024
WS_wEMB13942142,ERS19636945,SAMEA115579241,Homo sapiens,F217,17,week,EFO,UO_0000034,late embryonic stage,female,skin,Total,cell,WS_wEMB13942142,RNA,PAIRED,TRANSCRIPTOMIC SINGLE CELL,RNA-Seq,5 prime tag,polyA RNA,10x 5' v1,oligo-dT,10x technology,,sequencing assay,ERX12445744,48046_1__S5_L001_R2_001.fastq.gz,single,read2,17,week,EFO,UO_0000034,E-MTAB-13071,No,Gopee_et_at_2024
WS_wEMB13942142,ERS19636945,SAMEA115579241,Homo sapiens,F217,17,week,EFO,UO_0000034,late embryonic stage,female,skin,Total,cell,WS_wEMB13942142,RNA,PAIRED,TRANSCRIPTOMIC SINGLE CELL,RNA-Seq,5 prime tag,polyA RNA,10x 5' v1,oligo-dT,10x technology,,sequencing assay,ERX12445744,48046_1__S5_L001_R1_001.fastq.gz,"cell_barcode, umi_barcode",read1,17,week,EFO,UO_0000034,E-MTAB-13071,No,Gopee_et_at_2024
WS_wEMB13942143,ERS19636946,SAMEA115579242,Homo sapiens,F217,17,week,EFO,UO_0000034,late embryonic stage,female,skin,Total,cell,WS_wEMB13942143,RNA,PAIRED,TRANSCRIPTOMIC SINGLE CELL,RNA-Seq,5 prime tag,polyA RNA,10x 5' v1,oligo-dT,10x technology,,sequencing assay,ERX12445745,48046_1__S6_L001_R1_001.fastq.gz,"cell_barcode, umi_barcode",read1,17,week,EFO,UO_0000034,E-MTAB-13071,No,Gopee_et_at_2024
WS_wEMB13942143,ERS19636946,SAMEA115579242,Homo sapiens,F217,17,week,EFO,UO_0000034,late embryonic stage,female,skin,Total,cell,WS_wEMB13942143,RNA,PAIRED,TRANSCRIPTOMIC SINGLE CELL,RNA-Seq,5 prime tag,polyA RNA,10x 5' v1,oligo-dT,10x technology,,sequencing assay,ERX12445745,48046_1__S6_L001_R2_001.fastq.gz,single,read2,17,week,EFO,UO_0000034,E-MTAB-13071,No,Gopee_et_at_2024
WS_wEMB13942144,ERS19636947,SAMEA115579243,Homo sapiens,F217,17,week,EFO,UO_0000034,late embryonic stage,female,skin,Total,cell,WS_wEMB13942144,RNA,PAIRED,TRANSCRIPTOMIC SINGLE CELL,RNA-Seq,5 prime tag,polyA RNA,10x 5' v1,oligo-dT,10x technology,,sequencing assay,ERX12445746,48046_1__S7_L001_R1_001.fastq.gz,"cell_barcode, umi_barcode",read1,17,week,EFO,UO_0000034,E-MTAB-13071,No,Gopee_et_at_2024
WS_wEMB13942144,ERS19636947,SAMEA115579243,Homo sapiens,F217,17,week,EFO,UO_0000034,late embryonic stage,female,skin,Total,cell,WS_wEMB13942144,RNA,PAIRED,TRANSCRIPTOMIC SINGLE CELL,RNA-Seq,5 prime tag,polyA RNA,10x 5' v1,oligo-dT,10x technology,,sequencing assay,ERX12445746,48046_1__S7_L001_R2_001.fastq.gz,single,read2,17,week,EFO,UO_0000034,E-MTAB-13071,No,Gopee_et_at_2024
WS_wEMB13942145,ERS19636949,SAMEA115579244,Homo sapiens,F217,17,week,EFO,UO_0000034,late embryonic stage,female,skin,Total,cell,WS_wEMB13942145,RNA,PAIRED,TRANSCRIPTOMIC SINGLE CELL,RNA-Seq,5 prime tag,polyA RNA,10x 5' v1,oligo-dT,10x technology,,sequencing assay,ERX12445747,48046_1__S8_L001_R2_001.fastq.gz,single,read2,17,week,EFO,UO_0000034,E-MTAB-13071,No,Gopee_et_at_2024
WS_wEMB13942145,ERS19636949,SAMEA115579244,Homo sapiens,F217,17,week,EFO,UO_0000034,late embryonic stage,female,skin,Total,cell,WS_wEMB13942145,RNA,PAIRED,TRANSCRIPTOMIC SINGLE CELL,RNA-Seq,5 prime tag,polyA RNA,10x 5' v1,oligo-dT,10x technology,,sequencing assay,ERX12445747,48046_1__S8_L001_R1_001.fastq.gz,"cell_barcode, umi_barcode",read1,17,week,EFO,UO_0000034,E-MTAB-13071,No,Gopee_et_at_2024
WS_wEMB13942146,ERS19636950,SAMEA115579245,Homo sapiens,F217,17,week,EFO,UO_0000034,late embryonic stage,female,skin,Total,cell,WS_wEMB13942146,RNA,PAIRED,TRANSCRIPTOMIC SINGLE CELL,RNA-Seq,5 prime tag,polyA RNA,10x 5' v1,oligo-dT,10x technology,,sequencing assay,ERX12445748,48046_2__S1_L002_R1_001.fastq.gz,"cell_barcode, umi_barcode",read1,17,week,EFO,UO_0000034,E-MTAB-13071,No,Gopee_et_at_2024
WS_wEMB13942146,ERS19636950,SAMEA115579245,Homo sapiens,F217,17,week,EFO,UO_0000034,late embryonic stage,female,skin,Total,cell,WS_wEMB13942146,RNA,PAIRED,TRANSCRIPTOMIC SINGLE CELL,RNA-Seq,5 prime tag,polyA RNA,10x 5' v1,oligo-dT,10x technology,,sequencing assay,ERX12445748,48046_2__S1_L002_R2_001.fastq.gz,single,read2,17,week,EFO,UO_0000034,E-MTAB-13071,No,Gopee_et_at_2024
WS_wEMB13942147,ERS19636951,SAMEA115579246,Homo sapiens,F217,17,week,EFO,UO_0000034,late embryonic stage,female,skin,Total,cell,WS_wEMB13942147,RNA,PAIRED,TRANSCRIPTOMIC SINGLE CELL,RNA-Seq,5 prime tag,polyA RNA,10x 5' v1,oligo-dT,10x technology,,sequencing assay,ERX12445749,48046_2__S2_L002_R1_001.fastq.gz,"cell_barcode, umi_barcode",read1,17,week,EFO,UO_0000034,E-MTAB-13071,No,Gopee_et_at_2024
WS_wEMB13942147,ERS19636951,SAMEA115579246,Homo sapiens,F217,17,week,EFO,UO_0000034,late embryonic stage,female,skin,Total,cell,WS_wEMB13942147,RNA,PAIRED,TRANSCRIPTOMIC SINGLE CELL,RNA-Seq,5 prime tag,polyA RNA,10x 5' v1,oligo-dT,10x technology,,sequencing assay,ERX12445749,48046_2__S2_L002_R2_001.fastq.gz,single,read2,17,week,EFO,UO_0000034,E-MTAB-13071,No,Gopee_et_at_2024
WS_wEMB13942148,ERS19636952,SAMEA115579247,Homo sapiens,F217,17,week,EFO,UO_0000034,late embryonic stage,female,skin,Total,cell,WS_wEMB13942148,RNA,PAIRED,TRANSCRIPTOMIC SINGLE CELL,RNA-Seq,5 prime tag,polyA RNA,10x 5' v1,oligo-dT,10x technology,,sequencing assay,ERX12445750,48046_2__S3_L002_R1_001.fastq.gz,"cell_barcode, umi_barcode",read1,17,week,EFO,UO_0000034,E-MTAB-13071,No,Gopee_et_at_2024
WS_wEMB13942148,ERS19636952,SAMEA115579247,Homo sapiens,F217,17,week,EFO,UO_0000034,late embryonic stage,female,skin,Total,cell,WS_wEMB13942148,RNA,PAIRED,TRANSCRIPTOMIC SINGLE CELL,RNA-Seq,5 prime tag,polyA RNA,10x 5' v1,oligo-dT,10x technology,,sequencing assay,ERX12445750,48046_2__S3_L002_R2_001.fastq.gz,single,read2,17,week,EFO,UO_0000034,E-MTAB-13071,No,Gopee_et_at_2024
WS_wEMB13942149,ERS19636953,SAMEA115579248,Homo sapiens,F217,17,week,EFO,UO_0000034,late embryonic stage,female,skin,Total,cell,WS_wEMB13942149,RNA,PAIRED,TRANSCRIPTOMIC SINGLE CELL,RNA-Seq,5 prime tag,polyA RNA,10x 5' v1,oligo-dT,10x technology,,sequencing assay,ERX12445751,48046_2__S4_L002_R2_001.fastq.gz,single,read2,17,week,EFO,UO_0000034,E-MTAB-13071,No,Gopee_et_at_2024
WS_wEMB13942149,ERS19636953,SAMEA115579248,Homo sapiens,F217,17,week,EFO,UO_0000034,late embryonic stage,female,skin,Total,cell,WS_wEMB13942149,RNA,PAIRED,TRANSCRIPTOMIC SINGLE CELL,RNA-Seq,5 prime tag,polyA RNA,10x 5' v1,oligo-dT,10x technology,,sequencing assay,ERX12445751,48046_2__S4_L002_R1_001.fastq.gz,"cell_barcode, umi_barcode",read1,17,week,EFO,UO_0000034,E-MTAB-13071,No,Gopee_et_at_2024
WS_wEMB13942150,ERS19636954,SAMEA115579249,Homo sapiens,F217,17,week,EFO,UO_0000034,late embryonic stage,female,skin,Total,cell,WS_wEMB13942150,RNA,PAIRED,TRANSCRIPTOMIC SINGLE CELL,RNA-Seq,5 prime tag,polyA RNA,10x 5' v1,oligo-dT,10x technology,,sequencing assay,ERX12445752,48046_2__S8_L002_R1_001.fastq.gz,"cell_barcode, umi_barcode",read1,17,week,EFO,UO_0000034,E-MTAB-13071,No,Gopee_et_at_2024
WS_wEMB13942150,ERS19636954,SAMEA115579249,Homo sapiens,F217,17,week,EFO,UO_0000034,late embryonic stage,female,skin,Total,cell,WS_wEMB13942150,RNA,PAIRED,TRANSCRIPTOMIC SINGLE CELL,RNA-Seq,5 prime tag,polyA RNA,10x 5' v1,oligo-dT,10x technology,,sequencing assay,ERX12445752,48046_2__S8_L002_R2_001.fastq.gz,single,read2,17,week,EFO,UO_0000034,E-MTAB-13071,No,Gopee_et_at_2024
WS_wEMB13942151,ERS19636955,SAMEA115579250,Homo sapiens,F217,17,week,EFO,UO_0000034,late embryonic stage,female,skin,Total,cell,WS_wEMB13942151,RNA,PAIRED,TRANSCRIPTOMIC SINGLE CELL,RNA-Seq,5 prime tag,polyA RNA,10x 5' v1,oligo-dT,10x technology,,sequencing assay,ERX12445753,48046_2__S5_L002_R1_001.fastq.gz,"cell_barcode, umi_barcode",read1,17,week,EFO,UO_0000034,E-MTAB-13071,No,Gopee_et_at_2024
WS_wEMB13942151,ERS19636955,SAMEA115579250,Homo sapiens,F217,17,week,EFO,UO_0000034,late embryonic stage,female,skin,Total,cell,WS_wEMB13942151,RNA,PAIRED,TRANSCRIPTOMIC SINGLE CELL,RNA-Seq,5 prime tag,polyA RNA,10x 5' v1,oligo-dT,10x technology,,sequencing assay,ERX12445753,48046_2__S5_L002_R2_001.fastq.gz,single,read2,17,week,EFO,UO_0000034,E-MTAB-13071,No,Gopee_et_at_2024
WS_wEMB13942152,ERS19636956,SAMEA115579251,Homo sapiens,F217,17,week,EFO,UO_0000034,late embryonic stage,female,skin,Total,cell,WS_wEMB13942152,RNA,PAIRED,TRANSCRIPTOMIC SINGLE CELL,RNA-Seq,5 prime tag,polyA RNA,10x 5' v1,oligo-dT,10x technology,,sequencing assay,ERX12445754,48046_2__S6_L002_R2_001.fastq.gz,single,read2,17,week,EFO,UO_0000034,E-MTAB-13071,No,Gopee_et_at_2024
WS_wEMB13942152,ERS19636956,SAMEA115579251,Homo sapiens,F217,17,week,EFO,UO_0000034,late embryonic stage,female,skin,Total,cell,WS_wEMB13942152,RNA,PAIRED,TRANSCRIPTOMIC SINGLE CELL,RNA-Seq,5 prime tag,polyA RNA,10x 5' v1,oligo-dT,10x technology,,sequencing assay,ERX12445754,48046_2__S6_L002_R1_001.fastq.gz,"cell_barcode, umi_barcode",read1,17,week,EFO,UO_0000034,E-MTAB-13071,No,Gopee_et_at_2024
WS_wEMB13942153,ERS19636957,SAMEA115579252,Homo sapiens,F217,17,week,EFO,UO_0000034,late embryonic stage,female,skin,Total,cell,WS_wEMB13942153,RNA,PAIRED,TRANSCRIPTOMIC SINGLE CELL,RNA-Seq,5 prime tag,polyA RNA,10x 5' v1,oligo-dT,10x technology,,sequencing assay,ERX12445755,48046_2__S7_L002_R1_001.fastq.gz,"cell_barcode, umi_barcode",read1,17,week,EFO,UO_0000034,E-MTAB-13071,No,Gopee_et_at_2024
WS_wEMB13942153,ERS19636957,SAMEA115579252,Homo sapiens,F217,17,week,EFO,UO_0000034,late embryonic stage,female,skin,Total,cell,WS_wEMB13942153,RNA,PAIRED,TRANSCRIPTOMIC SINGLE CELL,RNA-Seq,5 prime tag,polyA RNA,10x 5' v1,oligo-dT,10x technology,,sequencing assay,ERX12445755,48046_2__S7_L002_R2_001.fastq.gz,single,read2,17,week,EFO,UO_0000034,E-MTAB-13071,No,Gopee_et_at_2024